,#Tags,thread,Discussion
0,IndianMarket,Local brands in Indian market,"Drink Pappusi with Ovary Chocolate Biscuits. While wearing Al qaeda shorts. You’re gonna need some harddik to plumb the toilet after. how come you generated al qaeda shorts
I thought Bing filters such prompts. By giving prompt like A l q a e d a. Hardik toilet cleaner, best!. What!? We were eating ovaries hahahaha. This shampoo will stop your hairfall.
How can I be shure?
Trust Me™ bro. Milk dairy looks tasty.. The last photo"
1,IndianMarket,Does it really make sense for a trader of Indian stock market to move to Dubai to save on tax?,"There is something called Purchasing Power Parity, which defines how much money you'll need to spend to live the same quality of life you are currently living.
PPI for India to Dubai is 1.5X meaning that if your living expenses in India are 1 Lac, you will need 1.5 lacs to maintain the same standards in Dubai.
But obviously, everything is not as straightforward, I was also looking to move to Dubai on their Freelancer visa system but decided against it.
If you decide to move to Dubai remember that you will become an NRI and have to pay higher taxes on your investments or income. e.g., for an RI (resident Indian) you pay 10% on Long Term Capital Gain Tax (LTCGT) whereas as an NRI you'll be paying 20%.
P.S. the above is based on information I found online and can be inaccurate to some degree so take it as you wish.. That makes sense but I'm just wondering if someone's primary income is trading f&o. Staying in India would mean substantial tax payment on the income, right? Compare that to Dubai where at least there is 0 tax on the income for an individual so sounds like a good deal, doesn't it?. Income from India is taxed in India. However, the LTCG & STCG is higher for NRIs compared to locsl indian residents. Add to that,if you have sny rental income from property in India, then as NRI, TDS deducted is 30% and many more issues.. What is the TDS deducted on rental income if you're not an NRI just to compare? Sorry, if that's a silly question.. I saw that video and it did not make kuch sense based on little that I know. PRS was talking about double taxation avoidance treaty and all. That treaty only says that if you have paid taxes in foreign country than you don't have to pay in India the full amount but difference of taxes there and here. Like if some one works in India in a eu company and gets share from them which are tax deducted at the rate of 25% for example and you get credited 75% value shares than you don't have to pay full tax on this but you still pay the difference. This is if you are in India .
If you are nri than you don't pay taxes on non Indian income. You pay taxes in your base country but on Indian earnings (which this trading income would be) you will have to pay taxes. So double taxation avoidance treaty does not even come into picture. Unless it's different for registered companies with nri promoters etc, this is what it is , kind of and thus I was unable to wrap my head around this thing. And if it's that straight forward why are we not seeing big f&o trading houses exodus from here to land of no taxes.. PRS was saying he's planning to move to Dubai. Where is he gonna trade?
What you're saying makes sense and probably true but in that case does he mean that he'll be trading on some other exchange outside India instead of NSE and BSE? Asking you cause you have watched the video so you'd understand the context better. In trading community, Sbse Bada Madarchod hai PR Sundar. Well I know People might respect him or whaterver, but he just is just sick. Only thing he does is sell courses and generate income. Is any trader based out of Dubai? I am in Dubai, and would love to meet and network. Exchange Ideas and theme. Not in Dubai but just curious what do you trade? Is it forex or do you trade in the Indian market?. You should consider many aspects.
Trading from Dubai works best if you want to Trade Forex, Crypto, S&P, Nasdaq etc that you are not allowed to trade from India. Crypto is allowed here with absurd Taxes.
Now do you do this as an individual or company ? If you do this as company then Corporate Taxes in Dubai come into picture. See this
For Trading as a Company registration / renewal fees come into picture. Your profit should exceed these fees.
Most Important is What is your Long Term goal - Stay in India or Abroad ?
As you get visa to stay in Dubai but you will NOT become a citizen.
So if you want to move out of India in future then you need to move to a different country. Which will probably Tax you like India.
If you want to move back to India you will have to figure out how will you get this money back into the country and how much Taxes you have to pay then.
Consider if this will work - IF in the long term you want to invest in Indian Real Estate, or invest in Indian Stock markets, how do you get this money to India.
As you will have to bring this money back to India, how will you show the Dubai based company giving you money, there will be taxes and there might be some explaining to IT department also.
Best is to talk to a CA who deals with clients who have business in Dubai. They will be able to advise you best about Taxation and loopholes.
I believe unless you are having capital beyond Rs 3-10 Cr, it might not make much sense moving there unless you are of course trading Forex, Crypto etc."
2,IndianMarket,Popular protein supplements sold in the Indian market that can’t be trusted,"There's a youtube channel named ""Trustified"" run by Arpit who does blind testings on fitness supplements...even he found BigMuscles, Patanjali whey protein to be fraudulent. Patanjali? Fraudulent? No way 😱😱 /s. I’ll take a look at it. Thanks.. But why do some of these have lesser labelled protein than detected protein? I mean why are companies writing less proteins in labels, shouldn't they write more?. For dietary supplements (proteins, vitamins, minerals, etc.), excess quantity of the nutrient (more than labelled) is allowed, since excess is not usually harmful. So good brands usually add excess to be on the safer side, and to account for mistakes or loss during storage.
So, you can see most of the good (trusted) companies are at the top like Nestle, Abbott, Danone, Dr. Morepen, Himalaya. And most of the mediocre and not-well-known companies are at the bottom, with the exception of Patanjali (which has always been problematic).. As a rule have always stayed away from anything to do with Patanjali , but sad to see them feature in the Protein shakes category as well , is there any market that this fraud baba has not tried to exploit 🤔. He is going straight to hell in economy class. Post this in r/fitness_india. Just buy Asitis. Safe, affordable and delivers what it promises"
3,IndianMarket,Reputable Online Native Owned Jewelry Sellers,
4,IndianMarket,"The day Boomer hits Rs2, Indian market will crash","its size/quantity would reduce first before increase in the price. The size has actually reduced by a lot now they even increased the price of the bigger pack. It's called shrinkflation.. First that pack wasn't ₹1 and taste has changed. Ab 5 min me taste chala jata he. I remember the day when matchstick company put the Ad on newspaper describing how the price of raw material have increased and they had no choice but to increase the price of matchbox from 1₹. How many of you remember big Babol and the free tattoo and their ads.... Not just big babol but many candies used to give tattoo or some kind of toy with them. Even the chips and biscuits did as well. Now it's just sugar, Palmolive and preservatives. It's Shrinkflation.
Prices of commodity remain same but its quantity is reduced.
Kurkure, Lays still sell ₹5 packets but their quantity is very less compared to what you got in your childhood 10-15 years ago.. 10rs Oreo went from 60g to 44g now
Even the 1rs coin got tiny. Still waiting for it to reach the size of the last 10p coins"
5,IndianMarket,FIIs Are Continuously Selling in the Indian Market Yet Indian Market Is At All Time Highs.,"Retailers can't prop up the markets like this, it's the DIIs mainly. DIIs are using retails money?. Sips from retailers is what dii uses. So. There is so much liquidity the DIIs provide. DIIS are flushed with cash. Every month they get SIP money and since there is no downward pressure on stocks in Indian stocks because of SEBI, where does all that money go? Keeping the shares propped up.
Btw it's the retailers money only which these DIIs use.. The problem would be when returns turn flat for an year or two and retailers start shifting to other asset classes, thats when there would be a sizeable correction.. Thoda bhi gire to sip amount badha dete hai log ajkal. SIP inflow is ~$2.4 billion(19.5k crore)/month and on top of that almost all MFs were sitting on ~10% of cash. All of that cash was sitting for almost a year and is being deployed at the moment.
Even though world economy is going through a crisis, Indian economic numbers have shown some serious resilience. Which is why there is a disparity between the perception of FIIs & DIIs on Indian markets.
FIIs tend to sell during elections so there is no need to panic *yet*.
PS: This isn't the first time that the Indian market has outperformed despite FIIs selling. The same happened when Ukraine crisis began almost 2 years ago. Back then FIIs sold in historic numbers yet the Indian markets barely fell 5-7%.. Mera DII , FII se kam hein ke. Brave of you to assume that market is in bubble 🤣 Before spreading the propaganda please do atleast a simple fundamental analysis on markets and then tell us that markets are overpriced lol ..
People on this sub have been crying since a long time that ohhh fii's are selling in chunks why market is not falling lol ... As NPS holders are increasing DII are investing that's it. FII is no longer impact on Indian market."
6,IndianMarket,Desi brands in Indian market,"Credits.. There were days when designers used to create these. 😞. lega? 💀. Lega ?
Nityanand ?. Kholgate?
Kanoon?. This is legendary stuff! This deserves an award. Haha too funny...also sardar buksh already exists I think. Doremon pizza also, slaay point ka naya video dekh le saare aise hi brands ki roast ki hai. It's hilarious, awesome work. Baaki sab toh thik hai Coca Lota naa ho payega"
7,IndianMarket,"TIL that Skoda test their car horns 150,000 times for the European car market. For the Indian market the horns are tested 500,000 times due to the increased use of car horns in India. One study carried out at major intersections in Indian cities found that a horn sounds every three seconds.","I was in India and the taxi driver honked his horn at a pothole. Did the pothole get out of the way?. Indians drive via sonar.. There are some parts of the world where people honk at red fucking lights. It’s insane. People see the horn as an extension of their emotions and they blow them freely.. It’s ridiculous in some parts of the world. Yes the light is red yet the whole line is honking, just stupid.. I’ve lived in India.
Every 3 seconds is wrong. Honestly the only time I didn’t hear a horn in India was when we were flying out the country.
Maybe the longest I’ve gone without hearing a horn was 3 seconds, and that was from inside a hotel room. Same. At major intersections, even? That's bullshit. There is NO way in hell it would ever go full 3 seconds without honking over there. 1 second is somewhat believable, depending on the time of the day.. I'm from Sweden.
I remember hearing a car horn two weeks ago, or maybe it was three.. As a Norwegian I honked at someone yesterday (justified), and it was the third time I did it since I got the car licence 11 years ago"
8,IndianMarket,What the hell is wrong with indian market?,". Welcome to the bull run. Enjoy it as long as it lasts.. We too missed out on the rally due to not having enough money to buy stocks bro. Market is going up but my new stocks are going down since last week. Don't know why.. Everything follows law of averages. Indian markets may outperform for some amount of time but then reversal to mean will surely happen. The only problem is you can't predict when this will happen. Very unexpected moves. Reliance Power got debt free but not that up. No gradual upward moves. Daily some stocks are skyrocketing.
Feels market is being manipulated.. Manipulated
Always have. Always has been. Always will be.. Wait for budget u will see. Result season and budget is around the corner. Things will be closer to their mean post these events. It's difficult to predict a market wise correction but stock wise correction follows earnings. Nifty is more likely to go into a time correction than a price correction. Completely uninformed opinion but once it reaches its peak (24300-500 levels maybe) it will go into consolidation and take its sweet time going back and forth between it's levels.
Profit booking is not coming because there is an anticipation of further gains. And its only recently that FIIs became net buyers so the selling pressure has reduced. Plus there's just too much greed in the market so fear is not yet set in.
All good news is priced in but bad news isn't. So the impact of any bad news hereon will be seminal.. Stock prices are through the roof
Gold prices are through the roof
Housing prices in major cities are through the roof
Time to invest in Gol Gappa chain."
9,IndianMarket,How will Indian market react to this incident? ,"Neutral .... He is not the supreme leader Ali Khamenei. People have got to stop linking every fucking random event under the sun to the market. Those stock prices are not some random numbers against some random letters. They are driven by company's earnings, sector and national economics and govt policies amongst host of other factors, none of which includes accident of Iranian president
It wouldn't have reacted much even if the supreme leader had died. 1-2% fall Max which would have been recovered in less than a week. Oil prices etc would have been hit temporarily by this issue, since no matter who comes to power next they will still produce and sell oil. If you want to suggest that this will lead to a war, let me remind you that there is 1 already going on in the Middle East.. One day American Presidents Pet Dog will Die and then there will be a random mf asking whether it will affect markets. Bruh lmfao 🤣🤣🤣🤣🤣
Most underrated comment of the year. Let it be they won't get it. They think every move in mrkt is due to some news. And want to use every news to think some move will occur. They have brainwashed themselves.. It will have absolutely ZERO impact on the Indian market.
These posts are nothing but just for karma farming and nothing else.. Ha gali ka kutta margaya to vi log puchte hai market mai kya hoyega 😂. Golden rule of global stock market:
White man's war = stock market goes nuts Brown man's war = no one gives a shit. No impact. Comments padh keh lag raha hai op neh short position leke baitha hai"
10,IndianMarket,"China predicts Tesla not going to work in 'underprepared, immature' Indian market",
11,IndianMarket,"TIL Audi had to use more durable horns in Indian-market cars, as their normal horns would have been unable to cope with the amount of honking Indian drivers do.",
12,IndianMarket,Biggest manipulators of the Indian market,
13,IndianMarket,WhatsApp scrambles as users in big Indian market fret over privacy,"""We're changing our data collection policy and that's final. If you don't like it, you can take your business elsewhere. Wait, where's everyone going?"". FB really shot themselves in the foot on this one. I hope they never recover.. Anything Facebook owns is a toxic leak of privacy. People should know that by now.. Man I wish everyone was on Signal as of yesterday 😅 Make the switch!. I hope Facebook doesn't do some stunt (which they will absolutely attempt) to remedy things and people will just accept it. Let it die. Set a precedent for all future big tech. They're replacable and we don't need to accept invasion of our privacy as terms of use.. Whaaaat? Facebook isn't a friendly multibillion/national champion of freedom and liberty? Surely this is propaganda.... Great. Let them die.. So that's why suddenly I had like 30 people on my contact list popping up ""using Signal"".. BYE BYE WHATSAPP! 👍"
14,IndianMarket,Safest tech job in Indian market? [Serious Answers],
15,IndianMarket,Indian market up,
16,IndianMarket,Indian food aisle in an international Market in US.,". Aur America ke liye school shooting range. Idk why we Indians get upset by everything. They are always looking for something unique that's not to be seen there. American diplomats in Delhi hired and drive autos to embassy. You ca check the hindustan times story on this. I had seen a US diplomatic auto at raisina dialogues too. The are just impressed by it and find it to be different and interesting
Please don't reply to this message by pointing out circumstances where they're obsessed with poverty porn. Obviously I wasn't talking about all kind of circumstances but just the ones where they genuinely adore it. Bhai $24 dollar ka auto toh kafi sasta hai. Khareed ke bhaade pe laga do.. TBH here in the UK, people think these autorikshaw or tuk-tuk are very cool. They haven't seen anything like this in the UK.. Here in US as well. I don't see anything wrong with this, it's just an interesting and unique vehicle found in India (and a couple other South Asian countries) that is fascinating to them.
It's also funny that a supermarket does these things for other countries. And the fact that they actually had an autorickshaw transported across countries to put it in a supermarket of all places.. Autos are quite common in in Indian grocery's and restaurants in US. Basically crowd puller"
17,IndianMarket,"Danger of cheap goods invading Indian markets, says Jaishankar","majority of Indians have whatever entertainment and progress in their lives because of these cheap goods and this motherfucker out here bullshitting about Make in India.
Go through manufacturing and licensing a product here in India and only then will you realize how broken and corrupt this system is.
fucking dumbasses.. He gets the idea of ""cheap goods"" are bad for the market after being 10 years in the government.. Mudi ji ko cheap good bolta hai
apshabd. . What about cheap goods? Many people here can't even afford two decent meals a day, even after receiving free rations in India. Inflation keeps rising, while salaries stay stagnant. We pay 30-100% more for electronics like GPUs, consoles, phones, and laptops compared to the United States.. At this point it makes sense why so many Indians are leaving the country.. Pretty sure cheap Chinese good infiltrated India market many years ago. . Economies don't work like that. Countries are efficient at producing a certain subset or bouquets of goods. Others are efficient at producing another subset or bouquets of goods. And then such countries trade - that is how the common people like you and I benefit. In mid-ages, Silk used to be produced in China and pepper/spices in India which used to get traded with Europe. You cannot product everything inside your borders and you cannot thus sacrifice the needs & wants of your people in the name of nationalism (jingoism perhaps maybe a better word).
This is what India used to do (socialism/atmanirbharta bullshit) until 1990s when people had to wait 6 months to get a Bajaj because they couldn't import any other bike from other countries which were cheaper. And look at all the types of cars Indian businesses used to produce - Ambassador which has not changed even a tiny wee bit in the last 40 years and Padmini which has also largely remained the same.
Cheap goods are good for people. It helps them fulfill their needs/wants, helps them enjoy the luxuries that they want to afford and not spend their 60 years of life like a miserly pauper driving Fiat Padmini.
But of course Indian politicians don't understand this. It is my way or highway. The model that could be followed is the UAE/Saudi Aramco model. Give the American/European/Chinese companies incentives to setup factories and supply chain in India (See what a developed nation such as Israel does https://www.cnbc.com/2023/12/26/israel-grants-intel-3point2-billion-for-new-25-billion-chip-plant.html) and then over a period of 5-10 years, make local Indians grow into leadership so that they can start their own plants and escape the cycle of food, water, shelter to start their own companies with the know-how.
In the name of nationalism and Bharat, don't further kill the hopes and aspirations of a burgeoning middle class. As it is, the import tariffs are through the roof. The same ATF (Airplane Turbine Fuel) sells for triple the price in India (making air travel costlier), the same cars cost double the amount they cost in similar markets (UAE/US), the same macbook costs 1.5L in India and 1.1L in UAE, so on and so forth . And then we tax 39% direct (for the highest bracket) + 28% GST (indirect taxes) = 67% for shitty infra, substandard potholed roads, unlivable cities, pollution, corruption, so on and so forth. Certainly we deserve better!. "
18,IndianMarket,Tesla abandons plans to enter the Indian market for now,". This means they’ve now chosen their new location.. Supposedly a second Giga in Shanghai. From the article: Tesla has officially abandoned its effort to enter the Indian market and even started to reassign local employees. The automaker couldn’t get the government to change its mind on high import tariffs for foreign electric vehicles.
India has the biggest auto market that Tesla has yet to enter.
For years, Elon Musk said that Tesla’s launch in India was imminent, but strong import tariffs have made it difficult. Nonetheless, the automaker has had some indications of preparing for a launch over the last year.
In 2021, Tesla officially incorporated an Indian company in Bengaluru, the capital of India’s southern Karnataka state. During the summer, Indian government officials said that they are considering Tesla’s proposal to greatly reduce import duties for electric cars, which has been the main hurdle for the company to enter the market.. A lot of auto companies have exited India in recent years - Ford in 2021, GM and Harley Davidson before that. Unless you are offering a variety of inexpensive cars (Suzuki/Maruti, Hyundai etc), you don't really have much of a chance.. India is a hard place for foreign companies to do business. Don’t blame em. Can you explain more why? I don’t have much knowledge about India’s business situation. This car is far too expensive to target the India market and the streets will ruin their physical conditions fairly quickly not to mention the lack of EV charging infrastructure. If Tesla wants to target countries where they can sell them in high volume, I don’t think India is one of them as it’s just not practical for 99% of its population. No surprise here. While most of the world leans towards trading freely with a variety of partners, India is super protectionist. I’m sure Tesla will build a factory in India someday but for now their resources are better focused elsewhere."
19,IndianMarket,Playstation to focus on the Indian Market,Did i just see uncharted 4 on pc?. Hope they port all the other uncharted (enhanced) too that would be EPIC AF. Hopefully that means regional pricing.. I really hope this becomes a thing. Also launching PS Now would be great.. I am glad they are tapping PC market just like Xbox. It may not be day and date but yes there is some progress in this direction.
20,IndianMarket,AFL: Indian Market,"On paper it seems great - a billion people to pull from!
Now let me direct you to the medal tally for India in the most recent summer and Winter Olympics.
They do not have a sporting culture outside of cricket.. I came here to say that, but you beat me to it.
India is known for cricket. Not rugby, soccer, or any other similar sports that could be used as a foundation to introduce footy with.
Any rugby/soccer playing country (NZ, Japan, SA, UK, Argentina) would be better for expansion.
I'm surprised that we don't have an Irish team in the competition, given the number of Irish players we've had in the men's and women's comps.. Field Hockey and Badminton they compete.. Essendon and Richmond had pretty much agreed to a game in Mumbai about 10 years ago which then got nixed by James Hird is the story I heard. Sheedy has been advocating for a game there for a long time. You mean a country that's not that far away geographically, that we have a long history of sending top flight sporting teams to, that has a fuckload of ovals around the place, that has some places in the country that already play aussie rules as their cricket alternative, that is demographically poised to be the next big world economy?
Nah, too sensible for the AFL. I would love it if GWS marketed to India. Lot of Indian people in western Sydney, they have orange on their flag. And we need all the supporters we can get, I’m all for it.. 1.4 billion would be a big, big sound indeed. Lot of people, stadiums and fields a similar size to what we have. On paper it works, I’m not sure how big the demand is, but there is potential. The players will need to play naked or close to, because it’ll be pretty fucking hot. Otherwise yeah, I’m not opposed to this 🤷‍♂️. It’s too logical. Makes perfect sense in every way. Huge community in Melbourne, too as evidenced by India v Pakistan at the G."
21,IndianMarket,Why do we think Indian market is overvalued? It should crash? ,". Look at historical PE. Midcap and smallcap are overvalued. Largecap is not overvalued as much.. I agree. Most froth is in mid and small caps. Mid cap and small cap is outperforming large caps in company results, that’s why its performance is better in stocks also.. Apart from the pe ratio one more thing that makes people think it is overvalued is because it is not giving any chance for people to enter at lower prices. Whenever it falls , it falls too much on very bad news like election results, budget, Russia Ukraine war, so people don't get the courage to invest in it.. Very good point. So mostly is feeling left out makes people hope for crash 🙂. Time to Time corrections and Rally happen, why there are such repititive questions about market crash. Do you know what technically a Crash means?. I'll tell mine although the stocks are categorised as value or growth the Indian Market is on the growth phase due to this everything gets hyped up whether it's Railways, Defence, Manufacturing. Yes they are the growth drivers but the earnings should match too by P/E. Check for BHEL P/E for a moment. Historical Nifty CAGR is 12% over extremely long periods.
So if anytime you see 5 year Nifty CAGR much higher than that, rest assured, the future returns are going to be abysmally low.
Any excesses built up in current bull market is just getting the returns of future today.. Because it is a heavily manipulated market with broken price discovery. But it doesn't mean it would crash. Look at the real-estate market here, it is extremely inflated beyond any reasonableness. But it doesn't crash even in many decades. Because these are not functioning as healthy markets."
22,IndianMarket,Another Meh product for the Indian Market? This time from Harley,"Lol the x440 is meant to be a classic 350 competitor. If they made a twin cylinder motorcycle it would cost more than 4-4.5 lakhs. It would completely miss the market it's trying to target.. Which one is better according to you between x440 and classic 350?. X440 is tailored for Indian consumers. You just can expect them to make 9000+ rpm machines.. If the X350 was launched here , it would flop very badly. It's just a redesigned tnt300. HERO did a great job of scaling down what a Harley is supposed to be, that is -
Torque first experience
stylish
easy going with an under stressed engine
questionable build quality for the price. Agree, the X350 looks like another motorcycle dressed up to look like a baby Harley. The tank shrouds, side mounted suspension, the exhaust, rear mudguard, petal brake rotors, silver usds don't really fit a Harley. That doesn't make it a bad bike though.
The X440 looks like a small Harley made by Harley.
Hero deserves credit for the x440, we mocked it on launch, but it's a good bike. Dare I say a good Harley.. Hero products are good and very much original. You just want to blatantly copy foreigners? These bikes and Xpulse gonna be classic in some years along with Himalayan.. xpluse already had a cult following all these years before the current xpluse launched. They're selling you the brand, not a motorbike.. 35hp at 5k and 31nm at 7k?. Yeah that’s bit weird , maybe wrong stats on hp."
23,IndianMarket,Jokes apart will Tesla Cars be successful in Indian Market?,"Nope
Prices will be high because of 100% tax here.
Charging infrastructure will hamper the usage of the car. You won't be able to charge the car quick enough in case it runs out of charge.
Ride height
The autonomous systems won't really work here.. Autonomous system(FSD) works only in the US and is still in beta testing so India’s not the only one left out.. I'll answer for why i want Tesla cars to not be successful. I am really unhappy with how Tesla has pushed electric cars as a solution to climate change. They are not. Except maybe the richest countries in the world like Norway and Sweden there is no country which can afford teslas for its citizens. If we centre our actions against climate change around such expensive object, we're making climate consciousness inaccessible to the poor. At the end we will blame the people who cannot afford it for climate change. In my opinion if we're to radically change transport in society, public transport should be at the centre, it is accessible the much more people and all things considered much more eco-friendly than Elon Baba's car. Edit: missing word. The Vegas tunnel is a prime example why Elon musk's products shouldn't be the key to fight climate change.. I think in a country like India electric 2 wheelers and e-bikes will be more successful. Hopefully more options come soon.. I hope Tata and Mahindra can continue innovating and help start the electric automobile revolution in India
(I also hope we get a lot more power plants, renewable or otherwise built to handle the power demand). Except as a niche, or, if fully made in India, nope.. No. Tesla is one of the most unreliable car brands. Indian market is very value conscious. They will not accept a brand like Tesla.
https://www.google.com/amp/s/www.newsweek.com/tesla-ranked-near-bottom-automaker-reliability-list-toyota-lexus-top-1650861%3famp=1. The average indian can’t even buy a tyre of a Tesla car. it will be priced at 50 lakh minimum."
24,IndianMarket,What is the best available perfume in Indian market for men's ,
25,IndianEconomy,FUTURE OF INDIAN ECONOMY ,
26,IndianEconomy,"India had 80 IPOs, raising a remarkable capital of $2.1 Billion in Jan-Jun 2023! 📈 Here's a look at the top 10 standout companies with the biggest share price gains post-IPO 🚀 #IPO2023 #IndianEconomy #ipo #ipoindia #startups #investing #personalfinance #financeindia #shareprice",
27,IndianEconomy,Here’s Why Unemployment Crisis is biggest threat to Indian Economy? Soch Samvaad #indianeconomy,"The language you’re using in the video and in the write-ups clearly suggest an agenda against the ruling party and government. This is hardly an unbiased look at anything. Looks like a paid shill by congress.. I would add, there’s no agenda here. Context is plain - after 10 years of good governance and reforms, employment outcomes are null. Today agriculture contributes 46% jobs, which is largely unemployed labourers working on farms, which increased from 42% few years ago.
And if this is the case, government must come clean. It hurts to see youth getting misguided in name of few vanity projects.. So can we also say population explosion and unequal distribution of education is the reason too ?. The unemployment crisis is a major threat to the Indian economy, with a significant number of unemployed youth. The government is not adequately addressing this issue, leading to protests and frustration among job seekers. The lack of job opportunities in both the public and private sectors is a significant concern.
In this video, I have explained how deep the Unemployment problem is in India, and if not addressed soon, how it can be proven catastrophic and bring down Indian Economy.
Indian economy is growing at 7.2% rate and India is also 5th largest economy and fastest growing major economy, still it is not generating enough jobs in the economy. At the same time, India Skill reports indicate that Indian youth are getting better and better.
So WHERE IS THE GAP?
Key Insights
💥 High youth unemployment poses a significant threat to India’s economic growth and stability. The government must prioritize job creation and address the concerns of job seekers. ⚡️ 65% of India’s youth are unemployed, posing a major challenge to the country’s growth.
🔍 The government is trying to woo the people with flashy projects like Vande Bharat and Bullet train, instead of addressing the unemployment crisis raises questions about their priorities and approach to solving this issue.
🌾 The agricultural sector has shown the highest job growth, indicating the potential for employment opportunities. However, other sectors like manufacturing and services need significant attention.
🎓 The high unemployment rates among graduates highlight the need for skill development programs that align with industry demands and enhance employability.
📈 The mismatch between job creation and the growing workforce has led to frustration and an increase in illegal means of earning a living. This has negative implications for social and economic stability.
🚧 Government intervention is necessary to ensure equal job opportunities across different states and address regional disparities in employment.
📣 The government needs to actively engage with the concerns of job seekers and provide timely and transparent information about job vacancies and recruitment processes.. Unemployment what promised by Congress , how will it be fullfilled in real world scenario. We will have go back dissolve QUAD and become demilitarised ... Really a Havoc geopolitics in case of coalition. Quad or any international association are least bothered with Indian employment problems.
Currently government is diverting all funds towards capital expenditure, to build infrastructure in nation.
But in rush to do so, education, farmer income and employment, which are crucial for our country, are left behind.
How it impacts is that business in country will start growing, but since we are not changing taxes or are making a compulsion to companies to increase CSR, common man will bear the brunt of high government spending on airports and roads, in form of less employment, less MSP, etc.. tf does quad have to do with unemployment?? Congress' solution is to fill up govt job vacancies ( currently 30 lakh ). Dear, OP, kindly write a summary of this video withi 100-200 words else we wont allow such video share, or you can download video and post it.. Video Summary:
The unemployment crisis is a major threat to the Indian economy, with a significant number of unemployed youth. The government is not adequately addressing this issue, leading to protests and frustration among job seekers. The lack of job opportunities in both the public and private sectors is a significant concern.
In this video, I have explained how deep the Unemployment problem is in India, and if not addressed soon, how it can be proven catastrophic and bring down Indian Economy.
Indian economy is growing at 7.2% rate and India is also 5th largest economy and fastest growing major economy, still it is not generating enough jobs in the economy. At the same time, India Skill reports indicate that Indian youth are getting better and better.
So WHERE IS THE GAP?
Key Insights
💥 High youth unemployment poses a significant threat to India’s economic growth and stability. The government must prioritize job creation and address the concerns of job seekers. ⚡️ 65% of India’s youth are unemployed, posing a major challenge to the country’s growth.
🔍 The government is trying to woo the people with flashy projects like Vande Bharat and Bullet train, instead of addressing the unemployment crisis raises questions about their priorities and approach to solving this issue.
🌾 The agricultural sector has shown the highest job growth, indicating the potential for employment opportunities. However, other sectors like manufacturing and services need significant attention.
🎓 The high unemployment rates among graduates highlight the need for skill development programs that align with industry demands and enhance employability.
📈 The mismatch between job creation and the growing workforce has led to frustration and an increase in illegal means of earning a living. This has negative implications for social and economic stability.
🚧 Government intervention is necessary to ensure equal job opportunities across different states and address regional disparities in employment.
📣 The government needs to actively engage with the concerns of job seekers and provide timely and transparent information about job vacancies and recruitment processes.. Currently government is diverting all funds towards capital expenditure, to build infrastructure in nation.
But in rush to do so, education, farmer income and employment, which are crucial for our country, are left behind.
How it impacts is that business in country will start growing, but since we are not changing taxes or are making a compulsion to companies to increase CSR, common man will bear the brunt of high government spending on airports and roads, in form of less employment, less MSP, etc.
Infra is needed, but to me it seems that the government is not spending judiciously, Instead of upgrading tracks and making all trains faster, government is making vande Bharat, which is travelling maybe 15-20 mins faster than Rajdhani.
It’s a miracle to develop vande Bharat in such small time, but please slow that down, and upgrade tracks fast. Since 46% are employed in agriculture, don’t make them suffer. Increase farm income and MSP as well"
28,IndianEconomy,"#India potential #trade pact with #EFTA nations marks a strategic move towards diversifying trade partnerships. With #Switzerland #Iceland Norway, and Liechtenstein on board, #India can tap into new markets, driving innovation and competitiveness. #EFTAIndia #GlobalTrade",
29,IndianEconomy,The Four pillars of the Indian economy,"Sir please do not redeem. Do not redeem the card. kitboga Edna voice
""but my grandson needs his game points"". Nice RRR reference.. The bromance between RRRs two protagonists was the most unintentionally gay thing I have ever seen on TV.. Hello, I'm under the water. Send 100k in my account plox.. Imperialism is a paper tiger Bollywood special effect.
-Mao Zedong. Last guy who called me for the power company (which I work at) had my old address that’s 5 years out of date. I told him that his English was terrible and hung up on him. I get these calls all the time. One time, I faked a carjacking and hung up on him.. Thank you for recognising the OG that is Pakalu Papito. ""..from *the Microsoft..."""
30,IndianEconomy,Important GST due date for OIDAR service supplier ,
31,IndianEconomy,Indian economy becomes bigger than all of Africa,"Damn, why won't Africans just work 70h/week?. And same road quality as Somalia in Mumbai. Way to go Kudos. Tax laws of Europe. Bureaucracy of USSR. Sub saharan infrastructure. Pakistan se comparision ho gaya ab Africa se. They don't compare with china which has an equal population nor the US with a third of population. Lets talk about per capita gdp 👺. Is GDP a good indicator of the health of the economy?. I don't like graphs like these. Get this, GDP of California and Texas (two states in USA) combined is $6.6T : 170% of Indian GDP
All the while our per capita is below Bangladesh. We should compare to China"
32,IndianEconomy,"GST PMT-06 Apr, 24",
33,IndianEconomy,"Spanish daily Dinero: ""The hour of the Indian economy""",". Oh fuck off. Not you, but what's that racist ass image? Can't even depict India without being racist. Same thing happened when ISRO did MOM, same thing is happening now. I can't stand it. In my opinion, we should not get offended. It is great when people see you as weak and poor. They won't notice as you cruise by them. Indifference and arrogance is the fall of power. People who are honest, self reflective prosper.. When Modi visited Argentina for G20, those fuckers showed Apu has arrived on national TV. Their racism is deep rooted and perpetuated through media and cultural references.. This mf. The whole snake charmer thing is rascist af. Like depicting the Spanish as a tortilla wearing a sombrero. Gfys.. We should make one like that and publish it, on how they screwed their economy.. Snake charmers really? Why not add an elephant and a fakir on bed of nails as well… these guys haven’t evolved from their TinTin comics..
We should put up a magazine cover on the Spanish ‘economy’ that shows a Jallikattu bull goring a Catholic matador... Wow... These fuckers have their economy in gutter for over 2 decades and struggling on every front even after all the colonial loot from the past. And yet their supremacy is still roaring. Editor of this outleft must a Racist fucktard to vomit his racist inner self on full front page.. Some people think of Spanish as brown people. They can’t be more wrong. Spanish are white people. And to add that many of them are white supremacists. Hence this racist depiction of India.. Ah India, the land of snake charmers and pot smokers singing Hare Krishna. Are we in the 1920s?"
34,IndianEconomy,GST Return Due Date GSTR 3B,
35,IndianEconomy,Are bhai big achievement for Indian economy❤,
36,IndianEconomy,Wordcloud of LLMs related research papers published this week [31st March - 6th April' 2024],
37,IndianEconomy,Indian Economy | Art by Sandeep Adhwaryu,"I don’t understand “1-year high”. I mean it’s bound to go up and down in a year.
But then again, I am economically illiterate. Would appreciate if someone corrects me if I am wrong.. Your understanding is correct. This looks so much like Bangalore. Where did you see the pothole?. Increased from 6.8% to 8.3%. July 2021 to july2022.. Right. YoY would be a better figure to explain the situation. ""Unemployment up 22% compared to last year"", gives a better picture.. Just curious... I understand all time high, or 10 year high... what is 1 year high?. Just means that the unemployment rate last month was higher than the unemployment rates of the previous 11 months. You can find the monthly unemployment rates listed here:
https://unemploymentinindia.cmie.com/. Reduction in population= more employment
We'll be soon the highest populated country. India’s unemployment rate actually hides the true scale of its unemployment crisis. A better indicator is the employment rate, which is currently 37.3%, which means that only about 1 out of every 3 working-age people actually have a job. Five and a half years ago (Dec 2016) this number was 43% (this was right after demonetization, so I am assuming the employment rate was even higher in 2014-2015, but I could only find CMIE data for 2016 onwards). So essentially, the number of available jobs has been actually decreasing every year, and at the same time the number of people in the working age group is increasing.
But why is all this not reflected in the unemployment rate? This is because if you have not been actively looking for a job, you are not considered unemployed. Actively looking means you have responded to job ads, sent out resumes, appeared for interviews etc. in the last 100 days. People who have stopped looking because there are no job openings in their area or because they have lost hope are not considered unemployed."
38,IndianEconomy,"The MGI Year End Report is Just Out but Does Not Mention RIFT. It Reports That Two of Their Own IP Games Are Coming to the Console Market in 2024. Doubtful that they mean RIFT. Tomorrow, March 1st, Marks the 13th Anniversary of the Launch of RIFT in 2011.",Sounds like I need to download and give it one last run
39,IndianEconomy,Mohak Mangal explains why Congress manifesto is disastrous for the Indian economy,"Freebies culture will result in economic collapse. It's not sustainable.. Yes and people will come aiming guns at BJP but they believe in sustainability self reliant welfare scheme
And again there is percentage congress is 90% free stuff BJP is 10% free stuff. Both parties does freebies whether BJP or Congress. Source:
https://www.youtube.com/watch?v=Bh9aPzyFP1Q. So I've watched the interview of Dr Shashi Tharoor with ThinkSchool. There he raised a very well point suggesting data. I don't know if it will work out or not but basically this freebie looking model is an extended wealth distribution scheme to empower bpl women with 1 lakh rupees. This might not be a brilliant idea but the gist of it is that you can increase the demand side of the economy. In India supply for majority players was never as big of an issue as the demand. We don't have disposable income at all as an economy. Definitely on the other hand one brilliant idea of providing infrastructure and enabling them to earn more would seem a 100x better idea. But it would be great to see such an economical experiment without printing extra money.. He made a very shallow argument that giving 1 lakh to a poor person will make them want to increase their income to 2lakhs. As if
They didn't want that money to begin with
The opportunity will just come up like that.. Tharoor doesn't have much of say in Congress when it comes to execution.. Has anyone read about PM Anna Yojna ...it started in 2020 for emergencies....still going on ploughing thru the reserves and getting extension after extension. Funneling money to ADANI AMBANI and some other Gujjus is the only road to India’s prosperity.. Every party supported the companies of Adani and Ambani. Recently, Revant Reddy gave a major project contract to an Ambani's company:
The chief minister also invited the Adani Group to set up industries in the state. The delegation held talks with the government to set up a data centre along with an aerospace park in the state. 
Read more at: https://www.deccanherald.com/india/telangana/revanth-reddys-meeting-with-adani-delegation-triggers-controversy-in-telangana-2837307
Also, there dozens of reports on how the Pranab Mukerjee, former Congree finance minister, gave several government contracts to Ambani's companies."
40,IndianEconomy,Skyharbour news flow and catalysts to look forward for 2024,
41,IndianEconomy,Indian economy beats expectations with 8.4% growth,"SS: The Indian economy surprised forecasters by growing 8.4% in the last three months of 2023. This growth was led by the manufacturing sector, which grew by 11.6%, while consumption grew by 3.5%. This growth comes as other major economies continue to struggle through the current economic climate. China, which is facing a number of challenges, is expected to grow by 4.6% in 2024, compared to India’s 6.5%. I wonder to what extent this is manufacturing formerly based in China moving into India?. My first impulse was to ask “ok but is there massive inequality?”
I looked up the GINI coefficient and it’s 34.2, which is not too shabby.. . . The good thing is. Indian economy developed the service sector first, then they are developing the secondry sector. If you talk about IT. I would say our infotech industry is cutting edge. The Pharma is catching up. From manufacturing to now researching. For nuclear energy we have developed In-house reactors. And we are the leaders in thorium technology. It’s the semiconductors we have to catch up in.. Growth can be quickly hard capped if countries effectively can't venture into higher value added industries/sectors such as semiconductors, aerospace/aviation, healthcare/biotechnology, AI/automation, and nuclear energy ...
Intriguingly, India is setting up 3 semiconductor fabs, has a well developed pharmaceutical sector, AI is the trending technology in the country, all while being a leader in thorium nuclear technology.. "
42,IndianEconomy,Interest Rates for Oldschool RuneScape Derived From the All-time Compound Annual Growth Rate of Bonds,"OS bonds aren’t analogous to treasury bonds because the rate isn’t set by Jagex.. Yes that’s correct. For those familiar with the time value of money concept, we can compute a required rate of return from a safe investment such as bonds, and use that as a discount rate when calculating returns.. ""returns""?. Where do the interest rates come from? Also, using the months to denote N (periods) is not standard. Should be annualized returns.. This was my attempt to calculate a discount rate. Since there isnt an actual risk free rate of return in runescape and bonds dont have a coupon payment. I understand this is not exactly a “risk free rate”. I computed the compound annual growth rate of bonds since 2016 and graphed it on a monthly basis. Since bonds are generally safe long term investments, this is the minimum i would expect to charge if i were some form of lender, or wanted to compute a discount rate for an investment"
43,IndianEconomy,The Govt of India admits that #IndianEconomy is slowing down. @fayedsouza reads out the report by Finance Ministry & shares more information,"The admission was slower than the economy though. i bet you nehru and gandhi are involved. The car sales data for April '19 is disastrous. Nearly 15% MoM drop. Even leaders like Maruti have dropped 10% in sales.. Finance ministry well stop releasing reports from now on then.. They'll probably change formulas for their KPIs. Then we'll see pro-BJPs proudly showing that data. It was already certified by the employment data few days before the declaration of lok sabha election. At that time, government rejected that claim by providing GDP growth rate prospect. Now, when the news of slowing economy has been surfaced, then one can easily imagine about the decreasing rate of employment .Here, one thing is clear that both economy as well as rate of employment are continuously decreasing as both are correlated to each other.. And in spite of destroying the economy (demonetizaton, GST, forcing Aadhar down peoples throats) Modi and co will win again because ""hindu khatre mein"".
What that says about the wisdom of the Indian electorate I don't want to think about.
Interesting times ahead.. This time for real Waah Modiji Waah!!!!!"
44,IndianEconomy,"The #Kiwi faced pressure due to hawkish Federal Reserve remarks, sparking concerns about no rate cuts this year. New Zealand's latest data revealed a drop in inflation to 4% in Q1, the lowest since June 2021. https://bit.ly/3JnBBkb #Fxview #NZDUSD #MarketNews #NewZealand",
45,IndianEconomy,Next 5 years are crucial for the Indian economy ,". 2127-2132. My brother in the markets, every 5 years are crucial for the economy.. Arey but sach boldega toh uske pump & dump ka kya hoga. Dump krne wala hai... Bhaago bsdiwalo. That's around 15% CAGR from where markets are right now, not unrealistic but highly unlikely, maybe by 2030-32.. If the market doesn’t return 15% CAGR, it would be a catastrophic failure of industry and policy in India.
Valuations are not high at all, and the growing middle class should drive strong EPS growth across industries.. Once a year, these guys think a figure in their head and vomit it on social media. How else would their funds and PMS get money? When the markets correct the same year, they tuck their tails and sit silently.
As I said, no one is accountable on social media (except maybe those who are against the government machinery).. See the big bulls expectations in 2014 with Nifty at 1,00,000 and Sensex at 4,00,000 by 2030 and look where we are.
Just saying
check here"
46,IndianEconomy,"February 2024 rail operator headcount data has been released by CTA. Sadly, headcount has DECREASED by 16 since December 2023","I thought some of the other data was interesting as well. For one, while the rail count decreased, their hiring metrics for the past year do seem to trend positively. So what these two graphs really show is that some portion of those leaving are rail operators, and those coming in, though more in number, are starting as flaggers, maintenance, etc. So, it's good that at least they aren't bleeding employees as a whole. The issue is that the rail hiring trend is barely enough to meet the pre-pandemic headcount anytime soon, and probably is only enough to really keep it at stagnation, because not everyone they hire will even go on to become an operator.
Another pretty bleak statistic showed that rail absenteeism is 1.6% higher than last february, at 14.8. 15.3 in January. Not great. I appreciate the transparency, but it feels like there's no sense of urgency at all to improve things.. Yikes. Dorval Carter has to go.. It's like they're not even trying to meet the moment.. It definitely shows in the service being put out. Barely 70% of red line trains scheduled are actually happening. I thought Dorval said this would all be resolved 'in a few weeks'?. Link to tweet: https://x.com/UrbanEnviroIL/status/1770187227122868316?s=20. Send your regards to the Amalgamated Transit Union Local 308, who refuse to fix the 12-month Flagger prerequisite for operators. I’m sure they’re loving the resulting overtime and spend free time shopping for retirement boats in Florida.
EDIT: union chapter number. You don’t have to be a flagger for 12-months before being a rail operator. That is not the case and was never the case. And ATU local 241 represents bus not train operators lol. One thing to keep in mind is that rail operators will probably increase in batches. A class graduates, it goes up by 20+. Next month no graduation, decreases by 6. Next month no graduation, decreases by 7. Then after that a graduation, increases by 20."
47,IndianEconomy,The Four pillars of the Indian economy,". The tiger is cute.. ""WHY DID YOU REDEEM IT?"" 🤬🤬🤬. ARE YOU A PROSTITUTE?!. 4th pillar needs massive reforms. No we need new updated methods. We need better accent. Accent, Italiano 🥰
Accent, Gujrati 😡. 89 views 64 likes. Why trad.?"
48,IndianEconomy,with the recent nail market crash I've sought alternate methods.,"Kitty Cats are where it's at.
I have been leaving 3 of them to ranch and every time I come back to base to unload, there is between 1-2K dug up.. Honey makes the money.... lol. But you don't get a comically large mountain of money bags when you check on it.. Bro berries are almost 200k hourly and mostly hands off"
49,IndianEconomy,Indian Economy ,". It's like any 'flourishing' economy. Doing great for those who already have the money and not so great for the middle and lower class.
Having said that, the opportunity is there for those who are skilled and know a thing or two about their field.. Not a Muslim. 
I am from a small town in a relatively prosperous state which has a significant Muslim population. 
Our town got 24x7 running water very recently (source: me). Our state is(was I guess) investing a lot on power distribution so power cuts in rural areas have gone down (source: buddy in government). We have a new 4 lane highway which cut down the travel time between our town and the nearby industrial hub from 2.5hrs to 1.5hrs. They are digitizing many govt services, for example land records, so corruption is getting under control. 
All the above developments affect Muslims too.
Quality of life is definitely getting better for everyone. But slower than I would like. 
The narrative(anti minority, pro Hindu) being set by the central government is nauseating. But in my town at least, things appear business as usual. . Glad to hear the anti-Muslim, pro-Hindu rhetoric is nauseating for those who aren’t a minority too.. If you have some marketable talent or access to capital, it is definitely doing pretty well, but that doesn’t mean the growth is even close to fast enough to mitigate poverty and other social ills. I would say though, compared to the surrounding countries, India has a lot of economic opportunity (my Pakistani family members/friends are all super down on Pakistan’s economic/social prospects, for example), especially for entrepreneurs, doubly so for those who are well versed in English (important for interregional or international business). India is undeniably a massive market with increasing amounts of disposable income, so it’s a good place to launch an idea and immediately have a market for it, especially in places like Mumbai which is very quick to adopt new consumer technology/trends without much resistance. I think people that are constantly focused on doom and gloom aren’t doing themselves any favors, but all of that aside, India is still deeply flawed and has a long way to go.. You can ride the progress wave only if you are already privileged. Tata stocks are on a bullish run, so given that you have the money to invest or the access to posh jobs, where you can earn and then invest, it would be good, else for majority of muslims, India's economic progress would only increase their suffereing, with Indian markets growing and investments coming in, world (read West) , would turn a blind eye to every human rights abuses done here , also US would like to counter China with India, which would give Indian right wing free hand. Fellow Pakistani here. Husband's batch in the US had quite a few Indians and are there in the workplace here. Some of them are friends with us. All of them, barring none, have immense praise for the Indian economy (not necessarily for Modi govt. though). Nobody in the Indian friends is a Muslim though, so opinion can be skewed and biased.
As someone myself who has had worked in FMCG and consulting across Pakistan and the US, have developed certain skills in reading up financial and economic tealeaves, can tell India has improved its fundamentals a lot. There is a concept of potential growth, a GDP growth which a nation can sustain without getting overheated (non debt fueled), for India that is 8%-10% range, for Pak that's unfortunately 4%-5%. Beyond this, overheating happens and inflation sky-rockets.
Although me thinks, India is still quite a poor country with sub $3000 per capita income, which is quite paltry. They'll have to grow at 7%+ for a couple of decades to reach a respectable place, say at par with Turkey in PCI.. I'm not from India (was not born in India or brought up there) but I can def see the economic improvement in general with muslims in gujarat (although gujarati muslims tend to be more likely to be from trading and lanholding backgrounds compared to the average Indian muslim and it is not always clear how big a role remittances play). It's not just an increase in disposable income but in general human development as well (better educated, more sophisticated, etc.).
Maybe the growth is still top-heavy, but some of it filters down. It is still a terrible terrible environment for any muslim looking for employment in corporate India (and probably getting worse). I do hope India becomes a manufacturing powerhouse (mass job creation at least enables minorities to find some form of gainful employment).. From what I've seen, those who used to struggle to get even food at home, they're now getting enough work and earnings to at least survive, that much has improved.
Since culturally, Muslims haven't had many places to invest except land, a decent number of Muslims have profited a lot from the real estate boom in most cities.
However, most people I know including educated ones, although work is available, salaries are not satisfactory, they're just enough for basic needs and there's no scope of much growth in career. That's why most people either wanna leave the country or start a business.
Overall I'd say Muslims have progressed, but it's probably 10% of how much non-Muslims have progressed.. Do Muslims face job discrimination in daily wagers jobs like manial labour jobs. I hear really good salary packages being offered in MNCs, can these salaries also be classified as non satisfactory salaries considering the cost of living in big urban Indian cities. "
50,IndiaBusiness,This receptionist at a busy pharmacy in India. ,"Me trying to look busy in the office^. I have a question sir. You've handed me my receipt and I wonder what ""jrys ty kkrhhrtjitfworhwgkgkfhwwjg 825641:'"" mean?. The typed equivalent of doctors cursive. Job requirement : Must be able to type 15,000 words per minute. With one hand. I still remember the first time the in-house excel expert (I think he was as actually working in the BI team) came to help me at work.
He carefully moved my mouse out of the way and went on pleasuring the keyboard at speeds similar to this. My mind was both blown and realizing that I’ll never learn excel properly at the same time.. pleasuring the keyboard
This is gonna be my new description of typing.. How Chatgpt really runs in the background. The uncle with sweater in background saying ""galat dawai dedi"" that means ""you gave the wrong medicine"" 💀💀. Fun fact: that keyboard isn’t even plugged in"
51,IndiaBusiness,Game setting Idea: Asassins Creed - Thailand,"It would be amazing but unfortunately Ubisoft tend to go for more ""popular"" history.
If they do Asia it's likely to be in the Middle East, India, China, or Japan.. Unfortunately you're right, they would stick to popular history settings. Odyssey is hugely popular because a lot of people love Greek mythology.. I would love a game where the unarmed animations are based on actual muay thai moves.. Muay thai is so brutal it would absolutely suit assassins. This. Maury Thai is actually a sport developed from a martial art called Muay Boran...this was like Muay Thai on steroids and was used by the kings guard, and was/is incredibly brutal. An assassin that’s a master of this hand to hand combat style would be insane!!"
52,IndiaBusiness,Crossing a busy road in India (x-post r/IndiaMain),"I've been to india just last year. Basically the key is to walk or drive through traffic and trust that the other cars will not hit you. Sounds dumb but I experienced it first hand. The way the locals describe it, you are more likely to get hit if you hesitate like the guys in the gif.. I read somewhere that you just need to cross the road with confidence there. If you keep backing and forthing they drivers won't know which way you're going to go and it gets more dangerous.
If you cross with purpose they can easily predict your movement and drive around you more safely.
E: Thanks for the gold!. http://i.imgur.com/vCoyi33.gif. http://i.imgur.com/fE7q2tQ.gif. I'd say this was a Bollywood scene, but the physics look normal.. Its not a joke, there are animals out there who dont care who they run over...http://i.imgur.com/N6LqS2L.gifv
E* Holy Cow! Thank you kind stranger for the generous gold, Its a first. Crossing the street in Japan.. My Dad and Grandma have been to Vietnam. They both told me ""look one way, look the other way, and then just go. Don't stop, ever. They will avoid you.. most of the time.
My dad also said that if your in Vietnam and get in a car accident, you bust a hit and run and high tail it back to base. Base will cover your ass... most of the time.. the guy who actually crossed made it look so cool!. Obviously they know that in India , gingers are considered powerups and worth triple bonus points !"
53,IndiaBusiness,"This morning my Father, Larry Bagans, passed away. He would check my twitter everyday. I love you so much Dad!","My dad passed this year on June 30th. For as goofy as Zak is and as different as he and I are, I know this agony well. He and his family have my deepest condolences.. Oh my goodness how terrible. I wish Zak and his family nothing but peace during such a difficult time :(. I’m sorry for his loss, but maybe he’ll make contact with him again soon. How awful, especially before the holidays!. Sincerest sympathies. Bet he was the coolest cat in town.. How tragic! Hope he’s at peace. Hope Zak gets through these tough times, especially so close to the holiday season. Lost my grandpa in the summer and an uncle after my birthday, it’s definitely not easy.. So very sorry for your loss.. RIP Mr Bagans.. Rest in peace."
54,IndiaBusiness,Starting a business in India is impossible for ordinary people.,". This is why people say don't start a business. They know the people with authority are greedy af. And would do everything in their power to milk you. Police verification for the passport, police asked me for 3000/-. I told them even the application cost for passport is 2000/- why are you asking me so much? He said something along the lines of ""I'm the reason you'll be flying out of India"". I told em I'm unemployed, I'm just making a passport cause I'm simply sitting at home. I have 300, I can pay you 200. Since I need 100 for petrol. They shamelessly took 200/-. That too they don't need you to hand it to them. They want it placed on the table. I have a situation when a friend of friend payed a traffic police 2rs. We still laugh at that situation
Edit: all this happened while I'm smiling and going with their vibe. I did not raise my voice or question them harshly. Talk like a bucket boy, people with no connections have no other choice. Don't dress up well, wear home clothes. Don't carry lots of money.. ""ease of doing business"" my ass. Opening is tricky and shitty but running it is a whole another pain in the ass. So my family has a manufacturing business (Metals) so it is very common for the IT department to send notices regarding faults in the latest financial years and they also order shit ton of other documents within one working day. Recently we got a notice from IT regarding tax filing for the firm from the financial year 2016-17 where they asked so many documents that we needed to submit within one working day and were also ordered to pay the difference in tax paid and actual tax plus the interest on it but my dad files IT returns for everyone in the family told them that we need atleast 4-5 working days to submit all the documents, he also explained how the tax amount calculated the IT officer was incorrect. Recently we wanted a more KW power connection from the government entity and just for a simple procedure we had to wait like 3 weeks just to get an appointment with the concerned person and all he had to do was a few signatures, the appointment system is done like passport appointment but after COVID they only work 50% of the time so it is creating so much problems for almost all the business owners.
People keep saying unemployment is on the rise but why are financial records from 6-7 years ago still being processed or reviewed by the IT department? Do they not have enough man power? Why is it always that if we pay less and it comes into light then we have to pay the difference in tax amount plus other penalties plus the interest on all of the amount? Why are we not getting interest on TCS paid during transactions in other currencies?
MSME generates around 30% of GDP and employment for 110 million people, why are they the only ones being screwed in the ass by these government officials regarding everything from asking money during COVID to distributing care packages, asking for donations during municipality elections, etc.. OP, I think you've made a very valid point. Unless you have political connections, it's gonna be a nightmare. I'm not saying it's impossible to start one as a common man but just that you would need butt loads of $$$ to be legal.. According the clerk at revenue office, If we want to start a 1 crore business then we need to have 2 crores.
Absurd!. This issue was very well documented in Sivaji the boss movie.. . Revenue department me aisa hi hota hai bigger the business your set up bigger the bribe. Seen it myself and can confirm. For establishing a hotel my grandfather paid 10 lakhs in 2009.(approx 25 today set to inflation). Sad part is that people actually believe these things. Nothing has changed in this country. Nothing ever will."
55,IndiaBusiness,Maybe I'm not too sensitive maybe you're just a dickhead ? By Sophie King,
56,IndiaBusiness,Air India Business Class tour! What do you get ?,
57,IndiaBusiness,The best part of 2020 was my mom starting her own macaron business while in quarantine. 😋 Another batch of orders ready for pick up.,"The effort is as beautiful as the product!. Thank you! My mom learned in Korea and perfected it when she got home. She bakes and I help assemble and decorate!. Is there a website? Shipping? I could go HAM on these. We just sell local in Seattle area :) we haven’t really found a way to ship them without them being ruined since the shell of the cookies are delicate. Seeing you're based in Seattle. Do you do local deliveries? I'd absolutely love to surprise my mom with these!. Are those injeolmi flavored on the right side?. Omg! How’d you know? Yes they are!!!! My mom has mostly Korean customers :) they’re a hit.
Weirdly so are the ritz cheese cracker flavor. Koreans. Lol. Yo that's a lot of different batches. They look amazingly delicious but you mom must be exhausted at the end of the day.. She loves baking and loves making people happy even more! I’m sure she gets exhausted - especially over the holiday season it was nuts!! But this is her passion and she enjoys baking them every time. ☺️. r/oddlysatisfying"
58,IndiaBusiness,U.S. Treasury warns India’s banks about business with Russia,
59,IndiaBusiness,I just finished making french cleat tool storage rack for my work -- though you guys would appreciate it!,"Neat. Seeing these kind of post always makes me want to organize my tools like this. But I end up watching Netflix most of the time.... Ok. Based on the tools, now we guess what the OP does.
I’d say cabinets, but there’s not enough long bar clamps it seems ....
Edit: there’s a LOT of vice grips and stuff for simple metal work. My vote is it’s a small boat shop.. Very nice!! But, your making me feel bad. Now I have to make one.....if I can find all my tools.. Nice! How far apart did you space the cleats? Are those 3/4 or 1/2 inch? Looking to do something like this around the workbench.. I'm guessing you like nail guns... I envy the day I'm at the level where I'm building stuff to help me build other stuff. God work!. As soon as it warms up (unheated shops in Ontario are not all-season), I'm building a french cleat tool wall in my shop. 100% stealing your sandpaper, glue, and circular saw designs.. Of course I know, but for others, what’s a French cleat and how does one make a modular French cleat setup like yours ;)?
Really great work OP!!. Oh nice! I give it a week or two till it's chaos again. Can you explain what’s up with the green tape on some Of the tools but not others ?"
60,IndiaBusiness,Receptionist at a busy pharmacy in India,". I had a temp job at a call center in the late 90s when the entire office switched from an old system of Honeywell terminals (no mouse, monochrome screen) to a modern windows 98 environment. There were many older women who had worked there for 15+ years who would navigate the system similar to this guy (but not as crazy fast as him). They were super efficient, could burn through calls faster than anyone else, total pros. After they migrated to the windows environment, they literally had to take classes on how to use a mouse and it was so hard to see them now struggle to get through calls with a window/mouse based system. They had the old one memorized and could move to the right input field without looking at the screen and type in customer name etc while looking at something else. Now they were clicking around, apologizing for the wait, which would distract them further and slow things down more. It was hard seeing them go from confident pros to looking like insecure newly hired people who are still learning the job.. I worked in a staff position where part of my job was helping a trading floor invest wisely in tech. Someone tried to sell the traders on a mouse base interface. They readily demonstrated that reaching for a mouse was a big time waster over an interface that allowed you to keep your hands at the keyboard. We send the disappointed Apple fantic developers away bewildered by our supposed luddite end users. A mouse is not motion efficient.. This guy starcrafts. Using the thumb for the arrow keys blows my mind.
It's like when the job description says keyboard skills talking about typing but you understood musical keyboard.. Some say this dude is actually ChatGPT. The fact that his left hand is slow and right is fast tells a lot about his experience and dedication. Types like my grandparents with his left hand
Types like my 2 year old with his right...
Although I'm sure his right is more accurate than my toddlers.. Dude just raised the bar for typing skills into the upper atmosphere."
61,IndiaBusiness,Zak sent this to me.. I can’t give you an explanation...,"There are things in this world that we will never fully understand.. DID SOMEONE JUST SCRATCH ME. Dude. STOP
STOP RUNNING. He can come through my spirit box anytime ;). I really wanna know if Zak has a cute butt, but his jeans are always super baggy. WE WANT ANSWERS.. OH I HATE THIS 😂😂😂. This was posted by Bill Chappell!?!. He has worked years to perfect his abs...
... his reputation.. Do you like that I'm in here?"
62,IndiaBusiness,Meal Service on Air India Business Class,". . Can't relate, zero opinion
Hats off to amul.. amul dudh pita hai india. Teriyaki with white rice is certainly a weird choice. No it's not. Chicken teriyaki with rice is famous in Japan where i lived so long. Clearly can't relate.
Last time I flew Air India (economy), I had the worst meal of my life. I was served Bhindi with Chicken.. How much did it cost ? Business class ticket.. Actually I had the premium economy ticket and I just asked for an upgrade and they gave me.. How much is the ticket cost?. I booked premium economy for 5.7 courtesy some points and then asked for an upgrade at the gate"
63,IndiaBusiness,Did Azan even go to the interview ?,
64,IndiaBusiness, 'Anyone considering business deals with Iran...': US warns of sanctions after India-Iran Chabahar Port deal | India News - Times of India,"Indian perspective: Anybody who's been following Chabahar knows how important it is for India's interest in Iran's neighborhood. Afghanistan, Central Asia is a part of the calculation. Iran will benefit too but it'll benefit through China taking it over if not India..
In addition, Iran is a neighbor of Pakistan. Isolating Iran is like the US isolating pre-war Ukraine.
With India's outreach to China recently, it is possible the US might make a bigger deal of this. Canada and US' flare up on the Khalistan was an indication.
Don't think core interests including investment, immigration and defence will be impacted.
Time will tell.... We'll see...
Yesterday's news:
""India bought Russian oil, because we wanted somebody to buy..."": US Ambassador Eric Garcetti. Tomorrow's News be like :
India has done trade deals with Iran because we wanted them to.. This port has been in the works for a long time now so I think India is well aware and accounted for whatever risks.. BTW this port is in the interests of the US as well. The Chabahar port is a response to China's Gwadar port in Pakistan. It is guarding the Gulf of Aden choke point on its own behalf but also on the behalf of the Quad. So the US does benefit from the port.. Can you elaborate. India controlling an Iranian port is better than China doing it. So while USA do not like anyone doing business with Iran, it is still better than the alternative. This is the sad reality of diplomacy.. This is exactly why India does what it does. No one in India sees anyone's side apart from their own. India wants be pole in its own right with no one pulling at strings, all the while being happy with current world let by U.S, India doesn't care for position like China. Chabahar port is important for security of india. The signing of this deal seems to have coincided with Biden's ""Xenophobia"" comments about India. It may have been the reason India said ""Fuck it"" and got the deal over the line."
65,IndiaBusiness,Is pre-washing fabrics necessary?,
66,IndiaBusiness,This receptionist at a busy pharmacy in India.,". I don’t know whether I should be impressed about his typing speed or the fact the software in that ancient-looking computer doesn’t freeze with that typing speed.. How does the computer seem ancient?. We need guys like this in the NHS. Lol I am in uk but they don’t wanna hire me cause they need to sponsor my visa.
Skilled worker: nah you ain’t welcome in our country.
Illegal immigrants: here is you hotel keys sir, and 500£ buffet everyday 💀. He’s on a few prescriptions helping him type that fast. The error count must be massive 😂 just in this video he's killed 3 people by mistake.. Typing how doctors sign. 🤌🏼. Is he really typing or just hitting random keys?"
67,IndiaBusiness,Dead files?,"You probably won't, because she's a bit out there with her format, but I like her too. So with psychics and mediums (whatever they call themselves) I've always been highly skeptical but I'm not so sure that all of them are full of crap. I did a goofy ghost hunt experience thing out near Ankeny, Iowa at an old school called Farrar, and there was a psychic there helping lead the experiences. A friend wanted to get a reading done by her and begged me to hangout in the classroom while everyone got their readings and some of this stuff this lady was coming up with was dead on according to these people, and my friend, when I asked them away from the proceedings and pressure of expectation. Stuff a complete stranger couldn't know this woman nailed. Sitting here writing this now, I still think psychics are walking talking BS factories, because how can they really know and how are they doing it if it's fake? But having some twenty people look shocked, start crying, or looking chilled being read by this woman makes me think a few of them could be real. I asked the psychic about the chick from Dead Files while standing hanging out before the event and she said that woman was the real deal. So if she's a real psychic, that means all the spooky stuff she's encountering during her readings have some weight, and I honestly don't like to entertain the thought of some of those horrors being real.. The show is very entertaining. Amy is the real deal too. Definitely a show which became better with each season and I like how thorough are the guys who do the research on each location.. Ha ha- you’re definitely not the only one here who enjoys a good dose of Amy & Steve after/before a hit of the Ghostbros. “ I’m really hoping me & Amy can help em out” is nearly as iconic as “ things we will never understand” 😃
“Understand.”. Omg I love her faces! And when she swears lol I think that’s why I like it. Idk. I can’t explain why I like the show but I do.. Is that the show with the psychic lady and the cop?. Yes! And the psychic lady is GOOD.. Love that show. I’m not really a big fan of psychics/mediums. Seems like you can just do extensive research then pull things out of your ass like you “Can sense a little girl” or something. Never really got into the show :/ maybe a lot of people share the same opinion and don’t really care about that aspect.. I love Amy Allen and Steve Dischavi. I think the dead files rocks!! I so look forward to a double shot. Ghost Adventures first then a good dead files makes for an excellent Saturday night. That’s of course when I don’t have plans, lol."
68,IndiaBusiness,India losing 70% voice and call centre business to Philippines,"Firstly, this is an article on an Indian site, quoting a Indian Commerce and Industry Association chief about Indian companies moving their BPO businesses to the Philippines. For all yo uknow they are trying to get tax breaks and such to move to smaller cities within India.
From the article: ""It is estimated that in the on-going decade India might lose $30 billion in terms of foreign exchange earnings to Philippines, which has become the top destination for Indian investors,"" Assocham secretary general D S Rawat said.
Also from the article:
BPO companies could reduce the total operating costs by 20-30 per cent by moving to a low-cost city within India
Expansion of non-English BPOs in Tier-2 and Tier-3 cities, ... are set to play a significant role in growth ...
Cities like Ahmedabad, Chandigarh, Coimbatore, Dehradun, Jaipur, Kozhikode, Nagpur, Nashik and Palakkad can help meet 50-60 per cent of the projected talent requirement of BPO industry over next five years, the report said.. When you play the Game of Phones, you win, or you die.. Phillipines are better at it. Dont know why but they are.. Funny this was posted! I recently called AT&T because my internet wasn't working (We can't get anything else at my apartments) and the guy who answered the phone was from the Philippines. Anyways, me and him got into a really long conversation about movies and so on and so fourth, I had completely forgot why I had called. Long story short, my internet got fixed and I now have a friend in the Philippines. We talk on Facebook and he hooks me up with credits anytime I say I have a problem with my internet! Feels good man.. Looks like businesses are doing the needful.sorry couldn't resist!. If you lived in India you would notice a slew decline in the number of people in your circles that work in call centres. It is also somewhat looked down upon for people with any kind of a degree to work there, and the old thought of 'work is work' no longer perpetuated in the society. Call centres used to be so cool because of their minimal requirements, odd working hours and decent pay.I'm not saying it must be hard to find employees anymore, but anyone even slightly approaching middle class wouldn't be up for it, abd hence the quality definitely deteriorated.. I'm finding it interesting that a number of you have stated that Filipinos have a neutral accent, are those of you that are saying that from the US by any chance? Here at my Australian company we find that our Filipino call centre staff often have a very US-influenced accent. Is there a historical reason for this?
EDIT: Thank you all for the civil replies, it was a dumb question in hindsight.. Punyeta"
69,IndiaBusiness,"Altnews, co-founded by two Muslims, spreads misinformation about Hindu Swastika","The parent company of altnews is Pravda media. The name literally has the soviet communist news propaganda outlet name as it's name. They are blatantly and overtly pointing themselves as stupid commies. Nothing surprising about those altnews morons.. The directors of Pravda Media as per records online on IndiaCompany.Info : Nirjhari Mukul Sinha and Pratik Mukul Sinha.
Not sure why OpIndia says Muslim cofounder. Now I understand the purpose behind Altnews lol.. Jihadis keep crawling out of the woodwork.. And the ""proof"" is that swastika and nazi symbol are exactly the same?. Wasn’t Alt News founded by Prateek Sinha?. Tbh the reasoning by both of them is shit. But I'd rather go with the 'Nazi' symbol because let's be serious, if they wanted to show Hindu symbols they would just make it vertical.
The explanation of symbol being tilted by OpIndia is some obscure temple in some obscure place which I couldn't even find online."
70,IndiaBusiness,"Hello r/UnitedStatesofIndia, Namita Thapar here! Excited to share my journey as a Shark Tank India investor and Executive Director of Emcure Pharmaceuticals. Let's talk business, leadership, Shark Tank India, and women's health advocacy together. AMA!","We are thrilled to welcome Namita Thapar of Emcure Pharma and one of the most famous Sharks at Shark Tank India to our AMA session on r/unitedstatesofindia!
Thank you for joining us, Namita. We look forward to your insights and expertise. Let's make this session engaging and informative for our community.
This AMA is verified and you can find her story on IG - https://www.instagram.com/stories/namitathapar/3322672114395376897?utm_source=ig_story_item_share&igsh=bnRoaGh3cjg2M2J4. Good afternoon Namita, first of all it is really nice to see how sportingly you take the criticism.
My question comes from the way we viewers are portrayed the pitches, as we all know we viewers don't get to see the whole pitch and the editing team has control over how they may show a pitch so from this I would like to ask you that according to a shark how much does this element changes about the pitch you hear from what we get to see on the television.. Has there been any Shark Tank business that you were very excited to get on-board with but after due diligence couldn't because the reality was far off from what was portrayed? Could you name the most surprising one?. What do you think about pitchers nowadays going and speaking on podcasts or on their Instagram or in the mainstream news and bad mouthing the sharks (in a really wrong way because the sharks for me were not wrong in their case) when they didn't get a deal?. How many startups have you exited so far? And what was the returns?. Sharks invest in lots of businesses, plus they have their own businesses to handle as well. Tell me honestly, how much do sharks stay invested (time wise) where stake is low, lets say 1% and current valuation is below 10cr?
Basically can you tell how many hours you guys contribute monthly for the deals made at show.. Hii my dad is in pharmaceutical industry and has worked in your company too when i asked him about your company he says you guys have great R&D and Pay but main reason for you guys not a very big name in industry is due to your marketing division what your say in this ?. If you don’t invest in businesses which are new to you, or you don’t have expertise in. Don’t you think that limits your horizons in terms of your learning and portfolio overall?. How much has being on Shark Tank benifited you from a personal brand angle?. What are some of the immediate deal breakers for you in a startup pitch which might go unnoticed by other VCs?"
71,IndiaBusiness,I’ve spent 2 years transforming our yard into a cut flower garden. This is my first bouquet and I’m so proud!,"A cut garden is one of my dreams. I want to be able to grow enough to be able to have lots of arrangements in my house and not have it impact the garden's color. Be proud, OP! 2 years encompasses a lot of work and patience.. Pictured are: snapdragons, aster and zinnia all grown from seed, white roses, and the bloom spikes from my hostas, which I weirdly find beautiful.. You should share photos of the garden, as well!. Very nice! Did you learn anything? I am planning out a cutting garden for next season and would love if you picked up tips.. You should be! They are beautiful.. Pretty!. Its lovely!!!!. Stunning!. Gorgeous! The results of this are never ending. I’m also so proud of you.. beautiful bouquet you made. I tried to grow them in my backyard, but they didn't grown well. May be because of lack of sun, i don't know."
72,IndiaBusiness,"WeWork goes Bankrupt, India business intact tho","So hifi business model with a valuation not grounded in reality and had a bull run in Covid and roped VC money with flashy projection. Guess what we have a desi version of it. Let me introduce to you BYJU.. Indian version is actually OYO.
Same business model. Same investor. But much smarter than WeWork as it carters to a product that actually has demand, and did not over-spend too much.. Make that almost every startup in India.. I always pass by the we work office on my way to work. Its always full lol. And quite big i must say.. Indian part of the business runs it like a real estate company with sound business plan rather than an overvalued tech company that runs on hype. So the Indian side of the company is safe. My office space is at the Wework India HQ in Bangalore and it's almost always bustling with people. It might be that it's profiting from the large amount of people being forced to work from office these days. They opened a huge new campus in ORR too I think.. Embassy group is good at what it does, they own multiple REITs and many other things. michael scott must have been the manager of indian branch. CEO right here. Ceo got 1.7 billion dollars."
73,IndiaBusiness,"Made three tasty bits for a pie auction at my job! Apple Frangipane tart, Vanilla bean petit fours with fresh raspberry glaze, Meyer lemon tart with thyme shortcrust.","These are things I want to make, but the baked bits get eaten (mostly by me) before I can finish their decorations. These are pretty, OP, especially the tart."
74,IndiaBusiness,Is the iPhone's 'Made in India' era about to begin? | CNN Business,"Maybe, but the iphone docs will still read 'Designed by Apple in California' and Apple corporate taxes will still be paid as if its HQ is in Dublin. Most Apple products are currently assembled in China and they are moving about 25% of that to India.. This is not true. Mac Pro is assembled in the USA and AirPods are assembled in Vietnam.. Sounds pretty significant to me.. Made in India Taxed in Dublin. Made in India, but not affordable in India 😂. If made in India in any way, it'll reduce the prices there if import duty is removed.. if you read the article you’ll find apple sales in india are growing in double digits year on year… even if 5% of india can afford it that would means millions of iphones sold. Get ready for crappy build quality and dealing with Indian call centres to get your iPhone fixed."
75,Nifty50,NIFTY50 hits 20000,"Ye toh hona hi tha, maine short jo kiya tha. Sem, sold calls. Entering the loss territory again 😎👍. Tighten those safety belts.. someone is going to get their profits. The next few weeks gonna be crazy lol. 40000 by 2027?. Usually when a big milestone is reached - such as a big round 00 number, market will go up another few 100 points.
We should go to 20300-20400 before we start going down again.
Anyway the market is looking good, all indices are up in a secular manner.. Hmm bhi yehi post karne wale the. Chalo aab apna course beechta hu mai 🙂🙂. tomorrow bull or bear. Let me check my crystal ball again"
76,Nifty50,Is it a good idea to invest in nifty 50 now(sip) ?,"NIFTYBEES on Kite Zerodha. Sweet and simple.. Is there an expiry to it ? Or can hold for 10 years or so ?. +1. How is it different from nifty index fund?. Its always a good idea to invest in index fund.. There is no fund manager involve so it saves u some money in long run.. And index is safe from news based impacts on market because it is fairly diversified..
There r lot of mutual funds that tracks nifty 50..buy anyone that says, direct, growth... For ex - Hdfc nifty 50 index fund
Niftybees on zerodha is an ETF that u can do SIP.. It's never late to start investing in nifty, it will eventually grow. Don't think about current market. Just start your investment from monday. Now its upto you, if you want to buy directly on stock broking apps, for that you can buy Niftybees.
If you want to take mutual fund route, then you can go for UTI Nifty 50 Index Fund, one of the lowest expense ratio & very less tracking error than other index mutual funds.
Niftybees
You can directly buy during market hours, actively track them & can sell anytime during market hours.
Can be liquidity issue sometimes, because eventually you are selling & someone is buying.
Good, if you already have an account on Upstox, Zerodha, Groww, any of these apps, because you might be already paying annual maintenance charges.
Nifty 50 Index Funds
You can start SIP, money will automatically be deducted from your bank every month. So, I don't require active involvement. (best thing)
Because index funds doesnt required to be tracked actively, so better to go for mutual funds. Because in-stock broking apps, you will be looking at graph very actively. And might be intrigued to sell.
No Liquidity issues, you can buy & sell anytime as its just a fund. But there is delay in buying & selling time. Like if you buy today evening, then your buying will be done at tomorrow's NAV.
Suggestion: You should start an SIP in UTI Nifty 50 Index fund, and whenever there is a dip in nifty, you can buy more either in UTI App or you can buy Niftybees in stock broking apps.. Yes. I invest in niftybees regularly. My strategy is, whenever market is down by more than 1%, buy 10 units. Even when market is bearish, returns reamain 10-11%.. Is your CAGR more than say ICICI index fund considering you time the market instead of a fixed SIP date?. +1. Depends on your time horizon. If it's retirement and you are in your 30s or 40s just go ahead. V difficult to lose money."
77,Nifty50,Nifty50 ETF or Nifty50 mutual fund?,". Nifty ETF - Advantages lower expense ratio, less tracking errors.
Disadvantages: If you have a lot and want to liquidate it fast, it can impact selling price, which will be different from NAV. Selling price depends on demand/supply.. Yes, I am aware of that. But because I am planning to invest 10k/month how will it effect liquidity for ETF if my time horizon is 10-15 years. Like assuming an average 10% return p.a for 10 years, will it be hard to liquidate 20lakhs? Like…is that amount hard to liquidate for an etf?. If you have a lot and want to liquidate it fast, it can impact selling price
I think that ""lot"" part is only for real rich folks like millionaires?, if i place an order for 10L or 15L for that matter, i really doubt it'll affect the market where crores are being traded every day. Nifty bees are best. If you have a demat account, simply go for nifty etf. MF, as it is cost efficient, No yearly AMC and transaction charges, amount get deducted automatically from your account on predefined date. No liquidity issues gets NAV of the day.. On a related note, is Nifty50 ETF/Mutual fund is better than UTI Nifty50 Index?. UTI Nifty50 index is a mutual fund….efts are like mutual funds for stocks listed in exchanges. Like NIFTYBEES is a Nifty50 etf. ETF for the win MF are always less efficient"
78,Nifty50,A large lump-sum in only NIFTY 50?,
79,Nifty50,After reddit reviews I am going for Stp of 5L in these funds! Thanks guys! ,
80,Nifty50,NSE symbols non tradable in paper trading,"Make this post category to bug.. Its due to the Tradingview Leap Trading competition going on.
https://www.tradingview.com/the-leap/?source=community. I got following response from TradingView..
""Hello!
Thanks for reaching out.
I am afraid that due to the peculiarities of legal regulations on using data on Paper Trading accounts in India, we have to temporarily restrict access to Paper Trading in this jurisdiction. 
However, we are studying the options to restore the functionality in the future. 
It affected only NSE symbols, other tickers remained tradable. We are checking the possibility of closing the running positions on these symbols automatically at the moment. 
We appreciate your understanding. 
Kind Regards."". Absolute hypocrisy from a bureaucracy that knows nothing but to tax, over tax, penalize and stunt the retailers to fullest. If they are really concerned about losses, they must let people practice.. According to the information that we have received, NSE symbols can not be traded on Paper Trading accounts, as it contradicts the NSE Data Sharing & Usage Policy. The link to the document is available here. So we had to stop the support of these symbols on TradingView Paper Trading.. Got latest update:
""Hello!
We have double-checked and received information that NSE symbols can not be supported on Paper Trading accounts, as it contradicts NSE Data Sharing & Usage Policy. The link to the document is available here
I am afraid that trading these symbols can not be restored in the future. 
We appreciate your understanding. 
Kind Regards.""
It referred to this NSE PDF document..
https://nsearchives.nseindia.com/web/sites/default/files/inline-files/NSE_DataUsageandSharingPolicy.pdf
So long NSE paper trading... same here, not working on any nse symbols.. suddenly all symbols removed from paper trading. Another great move!. I was looking for same thing, why the heck did they make this move, I thought I had a glitch. NSE symbols can't be traded but MCX can be traded.. I hope this is a temporary issue.. same here"
81,Nifty50,Nifty50 Hit 25000 All Time High 🚀🚀,". Bs mera portfolio laal ni hona chaiye, Khatana Bhai, Mere pas aur kuch nhi hai... People who are sitting on cash are praying for ur portfolio to go red. This should be a lesson to everyone that valuation is just one part of the equation, there are many other factors like liquidity, positioning, people sentiment. No doubt valuation is stretched and was stretched when nifty was at 23k. When the market crashes at that time it doesn't care about valuation so why expect different when the market rises.. Cheers to Harshad Mehta ! :)
https://www.youtube.com/watch?v=K6WyEgsSYv8. At this moment I would like to have one moment of silence for my friend who has been waiting for the market to crash to 16k to start putting more money. (He's been waiting since the day market first hit 21k). I'll admit guys, I was wrong. I've been bearish over the past year just on the basis of few factors.
-Data driven approach of Nifty returns over the past 20 years indicated that a correction should be coming because of the incredible bull market we have been since covid. This was based on studying YoY performance of nifty simply.
-Election leading coalition government
-Horrible budget.
-FIIs exiting
-Promoter selling is also at an ATH compared to past years.
Yet the market barely reacted. This must be due to the influx of liquidity over the past few years.
Thankfully I didn't stop my SIP but reduced it to 30% of savings, instead of the usual 50%. And yes, I'm still with the mindset of a correction incoming. Idk, rather not over invest if things don't make sense. Gotta remain rational and not get pulled into the endless hype.. A mindset of trying to time the market, will make you loose in the long term.
There have been studies done to show that over a 20 year period, a portfolio that bought at all the lows vs one that bought at all the highs made about 1% more. And the possibility of this happening is 1 in a billion. So please quit trying to time. And make investment a habit. And that will get u better returns
All the best. Is it the right time to invest??? As the market is ATH??? Like every single year before??????. Don't bulk buy, continue your SIPs"
82,Nifty50,Any API to get real time NSE/BSE data for free ?,". Do let me know your findings. I am also searching for one.. Hi u/SoloKyu_,
Real-time data can be accessed using web sockets, and this service is available at no cost. However, an Upstox account is required to utilize this feature. To begin, create an Upstox API app by visiting Upstox API App Creation Guide, and then consult the integration guide at Upstox API Integration Documentation.
For websocket practical examples, visit our GitHub repository at Upstox GitHub, which includes samples in Python, Node.js, Java, PHP, and React JS. These can be referred to at Sample Implementations. Additionally, our historical API provides access to historical and intraday chart data, available at Historical Data API. Ensure that your URL is correctly encoded to prevent errors.
For more sample code and detailed API usage, refer to our API documentation at API Example Code.
If you have any further query or need assistance, feel free to reach out.. Free subscription seems to only be available until Aug 2024 though... i am using NSE APIs via upstox. Using php. Do let me know if you need any help.. Hello,
Can you tell me the process for getting NSE API. Upstox api seems to stop at august 2024, other brokers like angelone,fyers,dhan are giving free api.. and for python and nodejs there is packages for download data from nse.. if you need any support just let me know... NSE/BSE does not provide realtime data for free.
Try this
https://rapidapi.com/blaazetech/api/indian-stock-exchange. NSE doesn't provide free data, so it's difficult to get free api. If you only need Cash Segment instruments, you can use yahoo finance.. Upstox api provides the option to fetch live ohlc data for stocks using a websocket connection (useful for intraday) If you don't prefer to use websocket connection, you can use the historical data feature to get saved data. Watch YouTube videos of unofficed, he has given simple implementation."
83,Nifty50,Trading Upside #nifty #nifty50,
84,Nifty50,S&P 500 market cap in 50 years,
85,Nifty50,The Nifty50 is 20% overvalued.,". Current nifty PE is at 23, so people expecting 18-19 PE for nifty...hard to see so much drop for growing economy....1yr Fwd EPS is 950 and Fy 25 EPS at 1050.... Exactly.. and right now Nifty PE is at the higher side due to adani stocks. I believe nifty is fairly valued as earnings have increased as well.. cu at same post after 1 year.. If Nifty50 dips by 20% to ~17500, it'll be time to mass buy.
That'll be even lower than its June 2022 levels of 15000 if we go by PE ratio.. Fortunately/unfortunately it will never get there again. This looks like something chatGPT would write. Clickbait title. Nifty correction may be there, but current bull market, election and positive report can push the nifty much higher. 20% drop to 17200?? Everyone will sell their house to buy nifty if it drops to that level. I don’t think that will happen in 2024, but a retrace to 20k is quite likely in short term."
86,Nifty50,Where can I buy Indian stocks from the UK ?,"The Indian stock market does not allow foreign individual investors to buy stock. You have to buy an ETF or fund to get specific funds exposure to the Indian market.. Yes, this would be the way. Not many Indian companies on UK stock market, or even US. Well there are some but best way to go is like with JP Morgan Chase Indian Investment shares, or similar with funds. JII is the one I'd direct you to.
Fidelity India, Jupiter India shares are examples of funds to have a look at. I know Infosys and Reliance Industries are on some of the brokers as well.
You can try HL or AJ Bell, or some other brokers for most diverse list of funds or shares.. Have a look at IIND, a broad India ETF.. What’s your logic for buying Indian stocks?
I would also like exposure, but the market seems overvalued to me right now. Indian market is growing right now. It has yet to boom basically. A difficult market to break into though, for wide range of options to invest in.
There is an app there called Kite and was interested until I'd seen what you have to go through to invest properly in India. I think it is like with the currency. They don't like the rupees leaving the country.. Find Nifty50 ETF or mutual fund in your brokerage's selection.. There are a couple of good Indian Investment Trusts listed in London, that you can look at to invest in this market. Indian Capital Growth might be one to look at to capture mid to small cap where liquidity and local knowledge is going to be a better bet than a tracker or your pickings. Good luck as Indian is looking like a hot market right now.https://www.theaic.co.uk/companydata/india-capital-growth-fund. I must admit I seen growth with my own eyes.
A few of my school friends are now usd multi millionaires who started different kind of businesses in last decade.
Any entrepreneurs with sound business skills raked in big time.
I sulked in self loathing shame when the lad with thick glasses and most clumsy kid I knew started and running a pharma active ingredient manufacturing firm. He already has net worth of 30 million usd and looking into ipo for his firm with exit strategy in next 5 years. The chap is still a simpleton but who cares...he ended up having biggest balls.. My Stewart Indian Sustainability Accumulation EFT has been doing pretty good the last few years, about 15% year to date.. The EM equity ETF (EMIM) that I have in my ISA had a fairly high weighting to India (18% approx).
There are Indian specific ETF’s on the platform I use (InvestEngine) like IIND & FRIN so you’d probably be best with one of them."
87,Nifty50,Is Nifty50 going to flush 24000 during tomorrow's expiry?,". Shorts may cover tomorrow, as the last 3 days have been crazy climb. So, good chance that 24000 will be seen tomorrow.. huge resistance at 24000. won't be easy to break unless gap up opening and short covering is there.. Totally uninformed opinion but I think Nifty will make it's definite high (24,300-500 I am guessing) for the year and retrace and consolidate for the foreseeable future. It's like it just wants to define its resistance and take its sweet time getting there again over months. Don't know if that's tomorrow or whenever. But we are definitely due for a retracement. This everyday green business is only so sustainable.. Tomorrow's market is going to be volatile trapping both CE & PE buyers. Everyday green is never a good sign. While I’m holding calls I’m still not sure the upmove is sustainable. Especially bank nifty which shot up by about 1100+ points in the past two days.
US market almost flat. No good job data or inflation data. I don’t know. Did so much technical and fundamental analysis but things still went completely out of hand!
Also huge resistance at 24K (and actually below). Expecting lot of profit booking and selling in next few days.
(Still green … for now!). In hourly timeframe last 2 candles are red.. Gonna fall slightly tomorrow. Will reach 24000 next week.. Unlikely. Ain't happening. US market is basically flat or negative today."
88,Nifty50,Value Research blog suggest not to invest more than 10% of money in index funds,"And there is a whole sub reddit saying to invest 80% in index and sit tension free. There are multiple things to consider. First off any comparison between Active and Index fund will be cherry picked. Secondly, due to the popularity of low cost index fund, a lot of these articles have sprung up. Possibly paid for by the mutual fund companies.If you want a real answer to this, go to this detailed article in free fincal https://freefincal.com/why-not-compare-active-mutual-funds-with-index-funds-instead-of-benchmarks/. freefincal has lost its purpose and vision and is now a money making blog factory.
The best financial advice is very simple and can be summarized in a single blog post.
Whether it's VRO, freefincal, or any psuedo-financial influencer they have a big conflict of interest so it's good to stay away from them.. Valueresearch has a product called VRSA value research stock advisor and they want you to subscribe to that in place of investing all money in index funds. Basically there is a conflict of interest.
Btw I am a subscriber of VRSA.. See there video on compounding in mutual funds. He said investing 10k from 1979 to 2022,total amount is 3.11 cr. It's ridiculous to even assume one can save 10 k in 1979.. Thanks for highlighying this. What the article says is plain wrong.
Putting money in index funds is a v good idea. Had it been otherwise why is SEBI bringing in the new regulation which allows fund houses to charge mgmt fees only if they beat the index?
Truth is individual stocks are volatile n you have to spend considerable time n energy to track them. 70-80% mutual funds can't beat index yet charge steeply for fund mgmt.
Index funds are cheap and over a period of time you are certain to capture the market gains.. If everyone starts investing in index funds, then who will use their website and paid tools to search for mutual funds 😉
Looks like a highly biased article or maybe even a sponsored article by fund houses. Refer Freefincal for index vs active funds articles.. They contradict themselves a lot. There are videos about how compounding works/doesn't work on mutual funds from the same channel.. I have been investing for more than 15 years mainly in active funds.
Thanks to the current bull run I am able to get more returns than Sensex TRI because midcap has been doing really good. But it may not last forever
But if I had to start investing Today, I would invest in a basket of index funds corresponding to Nifty 50, Nifty Midcap Index, and NASDAQ 100 .
I can't rebalance now because I will incur cpaital gains so will continue with existing portfoloio
You can also check AMFI website where they compare the funds with their benchmark and its quite clear a lot of funds are not able to beat the benchmark in long term. People say different things all over. The basics don't change.
It's more important to stay in the game longer than make a few extra percentage points for shorter duration. Let compounding work for you.
Invest in whatever helps you sleep better at night. Ideally, don't complicate your portfolio too much. Simple portfolio and allocations means you're not worrying about micromanaging every single rupee.
You'll lose more money in taxes shifting between mutual funds and TER than you'll do from that little bit of extra performance. If you have a high churn rate in your portfolio, that's a discipline problem, not an allocation issue. Calm down and stick to your guns. Stop chasing the new and shiny.
Spend money on whatever lets you stay in the game longest. Buy insurance, keep emergency funds and then some. If possible, also keep some money separately equal to your credit card limits. Plan your big purchases and reduce impulses. Budget your months. Use FD for emergency funds (most liquid), and debt fund for any any other backups/longer term purchases. The idea is to cover any situation that can make you dip into your investments prematurely."
89,Nifty50,Nifty 50 Quiz: Guess the Heavyweight Sector! #StockTock #Nifty50 #SectorWeightage#IndianStockMarket,"Financial Services 34 % and IT is 12% .
https://www.reddit.com/r/IndianStocksData/"
90,Nifty50,Nifty50 has fallen 1%. Should I sell my corpus of 500 rupees,". No bro..plz..the market is not ready for the next big short!. but bro market is in bables me want to burst bable. You're thinking too small, go to the bank take a loan of 2500 by giving your kidneys as collateral, then short the American, European, Asian markets together. So, when you sell, it will create fear among all the big players, then the market will keep selling in a frenzy, soon you'll be richie rich.
I hope you will rule us all with the wealth you create.. dont worry bradar. I will gib you change. i saw the title, then saw the tag ""meme"" then i read title again and then comments. i smiled.. my retirement wealth of 10 rupees in shambles. Take 30 rs from me and short them too bhai, will split the profit. bradar I will give you 60% dw lots of lob. Please don’t do hostile takeover."
91,Nifty50,"Chipotle’s stock is so hot, the company’s board approved a 50-for-1 stock split","They did the same split with their ingredient portions a while back too. Chipotle service and quality has nose dived, but given the broader market it’ll probably take another norovirus outbreak to correct.. There's a tangible difference if you want to invest in chipotle but don't have $5k up front for a single share. Effectively rolling back the cost of investment? How?. It doesn’t. A moron wrote the article. You’re still getting the same percentage of the company per dollar.  Also, it’s one of the most massively overpriced companies in the world. . These mother truckers have a stock price like this and are still super understaffed and out of chips and cheese! Every damn time.. The one near me can't put hot salsa on an online order to save their fucking life. Somewhere, MotorolaBozo is seething.
(He’s not, in reality. He’s somewhere in south Florida scooping shit in a bowl as a line worker). Turns out skimping pays!"
92,Nifty50,SBI Contra or Nifty50?,hdfc mid cap. Why are you switching?. Its return is not good as compared to others.. Tata nifty 150momentum. Will be good only in the bull market. Why are you only considering SBI funds? What are your goals and other investments?. Because it's not a direct fund. Its regular. I can only change to SBI funds. Or is there any other option?
93,Nifty50,Anybody approaching 50? How much risk you taking?,"49, 100% stock MF. Motherfucker. Samuel L Jackson?. 75/25. Hoping to retire within a couple years but even at 55, you're a long term investor. A 55 year old might have 35 years ahead of them nowadays assuming good health.. 1 full year of expenses on HYSA, and portfolio wise half my age in bonds. 100% stock and reassess at 55.. 52 and just FIRE'd. Was 100% S&P500, mainly individual stocks. Now selling off & going VTI & t-bills/bonds.. The great Jack Bogle saw many decades of ups and downs. I believe he advocated (age - 10) in bonds, the rest in equities.. Yeah I think rule of thumb was like 120-age which basically puts you at 60/40 at 60. With higher retirement age maybe 130-age. I was almost 50 in 2008.... Stay the course, 15 years to go till retirement. Stay aggressive."
94,Nifty50,Back-testing of My strategy vs Nifty50 ,". Maybe I am wrong but isn't your stock selection based on today's/recent markets? They were picked looking at how the companies are doing recently, their fundamentals, etc etc. Would you have chosen the same companies in 2010 is the real way to test your strategy. Whatever metric you consider for stock picking, apply those metrics on 2010 data. Choose stocks that fit your selection conditions using that 2010 data and then forward test to see your actual returns.. Nope you’re not wrong that sounds about right, I will post results for that too ! I feel my metrics won’t be sufficient for long run holding as it is somewhat correlated with momentum strategy hence you would see it performing exponentially. But thanks for advice that is why I have posted my results here.. OP you are learning, which is good thing. While backtesting in 2010, you need to assume as if you are in 2010 and no future data is available. Then apply your strategy and select the stocks. Now go to future and see how those stocks performed. Repeat this few more times to increase the sample size.
I appreciate that you are being rigorous and data driven which most people here aren’t. If you need help feel free to DM.. Here are few things I'd like to point out
If you're taking just stocks that are being traded today, rather than all the stocks traded historically, you're certain to get a very good returns in backtesting. This is also known as survivorship bias read up on it. (I'm assuming this is the case because your portfolio has the best run post covid)
Even though your returns look amazing, you can see that during nifty drawdown periods, your portfolio had higher risk than Nifty. This may not seem important to you but as a human you won't have the mental toughness to hold onto these drawdown periods. (Even great traders at my firm start panicking after 5-10% dd)
You should also compare YoY returns and drawdown vs your underlying index to get a better picture of how the portfolio performs in different market conditions. Op, how are you doing this? where did you learn all these from? enlighten me. hello everyone please can you suggest me strategy for equity. Ur doing it on Google colab in python Machine Learning right?. Yep using google colab, allows me to code from anywhere"
95,Nifty50,How useful are NSE Levels 1-3 Certifications?,"NSE1 to 3 basically are the ABCs of Fortinet product and security in general
For your use case, It’s a good way to start IF you are new. IT jobs? if the one hiring is actually familiar then no;
Fortinet wise; NSE4 and 5 gives you a good edge couple that eith 2 to 3 year’s experience and imo you’re good. IMO good certifications to start is Cisco CCNA then NSE 4. At least get those two
PS: Speaking from experience; i do interviews of applicants as a team-lead/specialist. we are a systems integrator. I have a number of certifications under my belt as well; Fortinet and a bunch of other vendors. I initially started with CCNA since it is really a good stepping stone; but now ive stopped i.e., have not renewed on those; Focusing more on security certifications now. Been working here for the past 10 years. I would not say garbage as there are some benefits to it. It is more of a Sales Certification. If you want recognition, then you need NSE4+. Anyone with a technical background won't even look at NSE 1-3 as anything more than you knowing the sales pitches and product.. I agree with what you're saying but they are good intro to understanding Forti terminology along with products which helps build into the higher certs a bit.. sure, I would omit it only if I have something better to show or no space left on the 1-page resume.
I also recommend you complete Fortigate Infrastructure and Fortigate Security training!. It’s more for sales. It’s a okay overview of the product lines and stuff but nothing really technical happens until NSE 4. I view 1-3 as being informed talent on resumes, seing as the exams are rather simple and open book. Nse-4 is where I say ok this dude/dudette has the fortinet technical basics and should know their way around the product interfaces and basic troubleshooting.
So as above, 1-3 sales and customer service roles, 4+ network support and admin roles.. i would, becuase i have hand on experience on Fortigate with my previous job. If someone ask about it, my answer is always going to take NSE4 ""soon"". lol (Once you get the job, they dont care, right? lol). It would take you longer to finish reading these answers than completing NSE1-3. You don’t need to schedule any exams. You go through the videos, then answer 5-10 questions right there in your browser. You retake these quiz immediately unlimited amount of time. According to Fortinet, the time you need to complete these is: nse1 - 1h, nse2-2h, nse3-4h. If you are IT Pro and know networking and Fortinet devices you can basically speed-skip the videos and answer questions. That’s it.. None of them are worth anything if you cannot back them up with practical skills.
NSE1-3 are pre-sales, NSE4+ is Engineering. No.
If I saw that legit on a resume I'd immediately start punching harder questions.
Having taken them they're filler information 3 is useful if you're in the forti world to know what does what.
But any legit job involving networking, firewalls etc. Not something to put on a resume. They take only a few hours to complete... And it's a total of what less than 50 questions?"
96,Nifty50,Nifty 50 Quiz: Guess the Heavyweight Sector! #StockTock #Nifty50 #SectorWeightage#IndianStockMarket,
97,Nifty50,Turnitin is saying that my handwritten essay was 50% ai generated,
98,Nifty50,Nifty50 index fund,
99,Sensex,Nifty50 Index vs Sensex Index ,"Both are similar for all practical purposes and provide similar returns. Check the 3, 5 and 10 year returns for both and you will understand.
No point in investing into both when they are largely the same. Any one will do for long term.. Thanks buddy. Already invested for more than 1 year in Sensex. I was thinking Sensex would be better since it has 30 companies only. Also have PPFAS which I think compensates for companies which are in Nifty50 and not in Sensex. I've also invested in that sensex fund and while starting i heavily thought about moving to nifty50 funds cos nifty50 was spoken about a lot but little to no mention of sensex funds. But if you compare both of these indexes the returns are almost similar and very minuscule difference. So it doesn't matter, stay invested in the sensex index.. I just saw the returns and it looks like in most fund houses the Nifty Index is giving slightly higher returns.. what I did was keep my sensex investment but stopped SIP , then started new SIP in UTI Nifty 50 Index. The NIFTY has 50 largest companies while the Sensex has 30. The additional 20 might offer some additional diversification and hence better risk adjusted returns."
100,Sensex,Sensex hits 75k,
101,Sensex,Sensex returns by each prime minister,
102,Sensex,Why is Sensex going down ? ,
103,Sensex,"A day after Rahul Gandhi alleges scam, Sensex erases election result day loss to touch record high","Who lost and who gained in these 3 days, that is what we have to think.. This. Money didn’t leave the market, but it definitely changed hands.. . 😂are they also crediting the accounts of the people who lost money that day?. 2 persons were killed in a robbery last night.
But it's okay, 2 children were born the next day.
What kind of logic does this article have?. Yo this analogy makes it easy for me to understand these financial market terms! Thanks!. Zero sum. Clickbait title. Classic Pump & Dump, 1-2 days are enough to make some dough. Recovery after that is inconsequential to what happened in those 1-2 days.. More than 99% of all trades are in F&O and as we all know that's a zero sum game, those people are never getting their money back."
104,Sensex,No one suggest to invest in Sensex,". Almost all of those 30 stocks are a part of NIFTY as well. So wont really make much difference.. Power of 50 over 30
NSE volume is more than BSE. Both Nifty and Sensex move in tandem. One is a good proxy for the other. Same returns milega. Idk about others but I have sip in sensex rather than nifty 50. Why ?. Coz it won't get any views simple. Not much difference. Maybe it's catchy to say nifty 50. Maybe it's getting more views.. just had a thought. sensex has 'sex' in it right. so, people may be a bit shy to say it.. I saw a Pranjal Kamra video suggesting to invest in HDFC Sensex Index fund along with Kotak emerging equities, Axis smallcap and Parag Parikh Flexi cap fund"
105,Sensex,"Nifty closes below 22,000, and Sensex tanks over 1,000 pts.",". Panic is in the air - best time for investors to load up. Should I buy. Million dollar Question right there. Same boat. FIIs just booking profits. Relax guys. This week has been quite hectic but that's okay given the month-long rally that was going on.
EDIT: Portfolio down by INR 4+ lakhs today. Just another day in the market.. I thought a BJP victory was priced in. This seems to tell a different story. Kya hava badal rahi hai?. Bjp is overconfident..... I'm old enough to remember BJP's ""India Shining"" campaign before 2004 national elections wherein Indian economy, under Vajpayee-ji's NDA coalition govt, weathered US sanctions (after our nuclear tests in 1998), Kargil War (1999), 9/11 attacks, Dotcom crash, to post impressive GDP growth rates 2001-2004. NDA was overconfident of winning 2004 elections, which showed in their ""India Shining"" national campaign. And to everyone's surprise, NDA didn't get a majority and Congress stitched together UPA coalition and formed the govt. It took NDA/BJP another decade to come back to power under Modi in 2014.
Today's market meltdown indicates that history might repeat in 2024?!. This is election month, obviously market will be very volatile."
106,Sensex,#SENSEX,. 
107,Sensex,Lost every penny in Sensex expiry,
108,Sensex,Sensex returns by PM,
109,Sensex,How is Sensex Weighed and Calculated?,. https://zerodha.com/varsity/chapter/the-stock-markets-index/. Thanks for this :)
110,Sensex,Sensex returns by each prime minister,
111,Sensex,Investing in sensex vs s&p 500,
112,Sensex,"Nifty 50, Sensex suffer biggest single-day loss since June 2022",
113,Sensex,Who else is into Sensex options ? Need feedback,"Hi, u/doon-trader! Welcome to r/IndianStreetBets!
Use the Daily Discussion Thread for basic queries. Before contributing, do check if your particular question has been answered in the Wiki. Do utilise the search function to do the same too. Please use proper post flairs and adhere to the rules in the sidebar. You are urged to post beginner questions in the stickied daily discussion thread or on our Discord in #beginner-questions channel so as to keep the subreddit as clutter-free as possible. If this post has good insights or well research, tag the Mods so we can give a shoutout on Discord and get the post more traction Thank you!
I am a bot, and this action was performed automatically. Please contact the moderators of this subreddit if you have any questions or concerns.. I trade the SENSEX. It is pretty much the same as the other indices, but the only thing that you need to be careful about is the much lower liquidity in SENSEX compared to the NSE indices. If you've been trading BANKEX all along till now, you'll enjoy SENSEX because SENSEX has better liquidity than BANKEX, but if you've been trading in the NSE indices till now, then do be careful a bit. Low liquidity can result in the so-called ""injections"". Here's an article about it.
https://www.moneycontrol.com/news/business/markets/these-trades-called-injections-are-wiping-out-crores-of-capital-in-minutes-12214581.html
Even MIDCPNIFTY and FINNIFTY get lesser injections than SENSEX, simply because they have much more liquidity, even though the SENSEX is a benchmark index. The key here is to not panic exit your position in case this suddenly happens.. I’ll give it a try again, thanks for your insights 👊🏻 😎. you’re broker site name?. Kotak"
114,Sensex,SENSEX 70000. NIFTY 21000. CONGRATULATIONS 🎉🎉,". A momentous occasion indeed.
If it wasn’t for the retail money, I really don’t think India would have withstand the heavy FII selling in previous year.
And if it wasn’t for the lockdowns, people would not participated this much had the flow of things remained the same as in pre covid era.. I'm pumping some cash today. Not much but I guess I'm doing my bit.. Congratulations to all of us! Lets hope our country continues to grow and progress with flying colours.. bhai grow bas kuch hi log karenge unless purchasing power increases its of no use. operators after seeing this
0:00
0:00
0:00. I really wanna enter into market but seeing this at all time high makes me doubt to wait for a little downside. Or it would just keep going up and up and you will regret not entering earlier... That's share market for you.. With inflation in India running around 10% year over year, not sure stock market going up is a big news.
AFAIK, most of the inflation is in Real Estate, aka the cost of shelter is the biggest one.
Then comes other necessities like food, healthcare, education, etc.. "
115,Sensex,Sensex Fiasco what exactly happened and how to be safe,"Zerodha has become shit and kamaths don't care as they've earned enough to sustain generations. The reason they don't care is because they have hit the max volume that a broker can have through options so now they are branching out for other things.. . You can't be safe if you're a retailer.. Kotak didn't glitch at all at my end I don't even remember when it did last time. It's once a year thing.. Maybe....although the glitch was short lived and only active traders would have noticed it
Kotak is good for investors/swing/occasional traders bad for full fledge option trading. I faced losses of 7k due to kotak as they didn’t cancel my pending orders. Hi, u/Pareshan_atma_! Welcome to r/IndianStreetBets!
Use the Daily Discussion Thread for basic queries. Before contributing, do check if your particular question has been answered in the Wiki. Do utilise the search function to do the same too. Please use proper post flairs and adhere to the rules in the sidebar. You are urged to post beginner questions in the stickied daily discussion thread or on our Discord in #beginner-questions channel so as to keep the subreddit as clutter-free as possible. If this post has good insights or well research, tag the Mods so we can give a shoutout on Discord and get the post more traction Thank you!
I am a bot, and this action was performed automatically. Please contact the moderators of this subreddit if you have any questions or concerns.. The only option is to go positional with hedges. Broker, exchange glitching...No worries because you have hedges. It will also give you enough time to adjust your positions when the tech again starts working after a few hours. In 0DTE you don't get time to manage your positions. Too many technical snags in 0DTE happening. Just strictly follow risk management and you'll be fine.. For me 0dte makes sense only when it outperforms positional by a good margin and that's the case right now cause the risk is worth taking.Positional is peaceful but low roi and high risk of gaps doesn't make sense for full time trading."
116,Sensex,Sensex hits historic 50k mark,
117,Sensex,SENSEX 75000 ! 3x in 10years ,
118,Sensex,Sensex Milestones,"Adhere to the rules in the sidebar. Use the right Flair. Not sure which flair to use? Check out our guide to post flairs here. If this post has good insights or well research, tag the Mods so we can give a shoutout on Discord and get the post more traction
I am a bot, and this action was performed automatically. Please contact the moderators of this subreddit if you have any questions or concerns.. This is wonderful. Going to take a print or printed mug would be great."
119,Sensex,Ummm wtf? Sensex options are really weird!! ,
120,Sensex,Sensex strategy builder ,
121,Sensex,"Hundred years from now, what point will be sensex/nifty at?","Better question - Hundred years from now, what all places in India will be livable due to impacts of climate change?
https://www.np.reddit.com/r/MapPorn/s/Udua9I9124
What do you think that will do to our stock market?. The S&P 500 is 100 years old. It has returned 10% since inception. Who knows the world could even end before 100 years. Invest karo or khud jaan jao. You sure OP will live till 100? Assuming OP is already 20 or more.. 55 million. How did you arrive at this conclusion?. Hi, u/Massive_Locksmith! Welcome to r/IndianStreetBets!
Use the Daily Discussion Thread for basic queries. Before contributing, do check if your particular question has been answered in the Wiki. Do utilise the search function to do the same too. Please use proper post flairs and adhere to the rules in the sidebar. You are urged to post beginner questions in the stickied daily discussion thread or on our Discord in #beginner-questions channel so as to keep the subreddit as clutter-free as possible. If this post has good insights or well research, tag the Mods so we can give a shoutout on Discord and get the post more traction Thank you!
I am a bot, and this action was performed automatically. Please contact the moderators of this subreddit if you have any questions or concerns.. 5 saal me double hota hai to lagalo us hisab se. Do you think there will be an education system (as it stands now)100 years from now? The decline is very real, you don't need to remember things anymore because of the ease digital memory and storage devices provide. Now with AI I don't think there will be a need for much calculations, logical and quantitative reasoning to be done manually. This does throw the purpose of having schools and colleges out the window. So what exactly would you be putting your money for?
Also I did run some calculations and took your words from other comment where you said a million may not matter much today my 100 Years from now, invested in index it may be a lumpsome. So yes, taking your principal amount as 1M calculated for a century adjusted for inflation that 1M will be over 800M.
Now if we talk realistically, would it matter much? I don't think so, because 100k today isn't that big a deal but only 100 rupees back in 1920-30 would have been dream for majority, if you calculate that with respect to time and adjust it for inflation and other social factors, 100 rupees from then would be equivalent to 2.75-3lac rupees of today (which is still impossible for majority of people, almost out of reach for a lot but still the number who can get their hands on that 3lac would still be more than those who could on 100) if we were to extrapolate on this it would be safe to assume 8-9Cr 100 years from now would be as good as 4-5 lac of today, which means your money would practically be halved.
PS: I'd like a second opinion on the calculations in the last part."
122,Sensex,Will Modi’s 3rd term break all Sensex & Nifty records🤔,"Just Realised, Harshad Mehta is major contributor for Sensex growth in 3 consecutive PM terms.
Rajiv Gandhi, VP Singh and PV Narsimha rao.
Purra Stock market Pump kar Diya😂. Narsimha Rao k record ko beat krna is v.v. Difficult cuz LPG level stimulant se bada stimulant dena is difficult. And jo possible solutions hai uske alag consequences hai.. Nah breaking PVNR and MMS record is going to be almost impossible.
They were masters at stimulating the economy and ensuring economic growth even if they had issues in other areas.. Incremental increases are harder, especially when world economy is not too good.. Manmohan Singh delivered even during the 2008 global financial crises.. Bhai itna Data + Facts bhi nahi reveal karna hota !!. PV Narasimha’s Rao one term , Rajiv Gandhi first term and Manmohan Singhs first term gave more returns than Modi’s two terms Combined.
Modi needs to work on financial aspects. Ssshh.. mandir bana diya na, finance ki kisko padi h /s. Good to know graph but shouldn’t be compared because it is not apple to apple comparison as it doesn’t reflect world economy or if there were any natural disasters at the end or start of term which impacted the percentage and many other reasons."
123,IndianStocks,Nifty 50 Quiz: Test Your Indian Stock Market Knowledge! #StockTock #StockMarket #IndianStocks #quiz,
124,IndianStocks,The Indian Stock market is even more overvalued than the US stock market even by its own historical measure.,". New ATH tomorrow. He's not given any reasons. He just keeps blabbering for a few minutes but he has no work to show us telling us why it's expensive.. He is just speaking but has not shown any charts . If you see charts it actually lower P/E and higher earnings than before .. Even before I opened the post I knew it was you.
0:00
0:00
0:00. Because India has growth potential unlike China and Europe. It will always trade at a premium. It is a earnings supported structural growth and not a bubble. If the anchor doesn't like the valuation, he should go invest somewhere else. He is trying too hard to give a bearish view for India and inducing others to short it. Never ever try to short Indian growth story. You'll become bankrupt.. Nifty 25k who's with me.. The stock market will keep on reaching highs and still people will say that it is overvalued. Itna short bhi mat karo.. SIP/mutual fund mania in india has created a nice bubble let's see how it's going to end. mujhe to chutiya lagra h ye banda"
125,IndianStocks,Why do we have so much clutter in the Indian Stock Market?,"+ DP charges. Bro I bought trident ka share at 49 rs and panic sold it the next day at 46.70... A SINGLE share. me not knowing that DP charges were a thing (You really have to dig into groww's shit to find out about all the charges) it took away 15 bucks of that.... Screw the middle class that's why.. All the charges mentioned in India are backed into Brokerage in US.
In fact there is zero trading costs in most brokerages for buying / selling ETF and stocks in the US at the moment. Exchange, Govt and Institutions make money in other ways.. Mods need to update the trading holidays section.. BC mene 20k capital se start Kiya tha 6 mahine phele 13k ka loss me hu usme se 8k ka to shirf brokerage aur tax lag gaya hai aur baki 5k ka loss hua hai shirf trade kar ke itna tax laga deti hai na ye govt ki insaan mar hi jaye. Bhai yeh STT bahut bada dushman hai traders ka, 0.1%. Thats because if they club this to a single tax amount, then it would look too big that people will start objecting the same.. Adding broker operations charges, Bank transfer charges if not UPI gst applicable on all transactions. That stamp duty act was introduced by the British in 1899 and still pretty much active in 2024 !!!! The funny part is it was never even meant to be levied on complex financial product like derivatives and options where you are not actually exchanging the shares of some stock but simply speculating in the market on either intraday or monthly basis."
126,IndianStocks,STock option BUying #Indianstocks #optionbuying #Trading,
127,IndianStocks,Indian stock markets manipulated or actually strong?,". If you set aside short term sentiments, you will note that India is still in its nascent growth stage as a country. France, Korea, Japan, UK and Germany are all developed country with not much growth potential.. Jab tak Market mai crash ki prediction hai tab tak nhi ane vala crash check 2008 full senerio us time bull run mai nifty 600 percent hua tha 2003 k crash k baad aur ye bull run k rule hai ki every bull rull is stronger than previous one aur abhi market dekhe to 2020 k crash k baad sirf 200 percent return Mila hai approx 500 percent return aur bacha chote chote corrections ate rhenge major abhi nhi ayega to enjoy bull run instead of waiting for crash. Aur jis din man mai FD tod kr market mai investment k mn krne lage us din soch lena crash Ane vala hai. Jis din todne wala ho bata dena. Thanks in advance for your service. Wah great answer 🙏🏻. Ya jis din sala har gali nukkad pe stock market ki tip milne lage samajh lo crash is near the corner. I still lost money today 🤡. Search the forum to see how many 18 year olds are trying to invest 5k in the stock market. We have 100s of millions of these people with 5k in pocket. One time population is an advantage.. Sebi has just released a report अविवाहित ट्रेडर्स मचा रहे है धूम 😂😂. Mate see VIX ( volatility index ) all time low .., which is a good sign followed by many good profits shown by companies like Adani showed 94% YoY profits and TCS broke its expected revenue record etc.., see basics and fundamentals more mate .., it’s all going good; there is a meme in western share market saying “ we all have one uncle who successfully predicted 25 out of 2 share market crash..,( meaning : every boomer gonna tell crash no matter what )"
128,IndianStocks,Where can I buy Indian stocks from the UK ?,
129,IndianStocks,India's Pharma Sector is booming! Check out the top Indian pharma companies by market cap and their amazing triple-digit 5-year returns! #IndianPharma #PharmaSector #Pharmaindustry #StocksinFocus #Investing #Returns #Multibagger #Investment #StockMarketInvesting #Sharemarket #IndianStocks #Cipla,
130,IndianStocks,Will the Indian stock market ever crash?,
131,IndianStocks,Which 3 indian stocks are ur forever keep?,". HDFC Looks like I have to keep for forever 😔 /S. I think OP implied choice rather than compulsion....just saying.. SBI - Biggest Govt bank. It will prosper as our economy grows
Reliance Industries - There will be great value unlocking when they demerge their businesses.
CDSL - Economy booming, more folks getting into the markets, bound to grow forever.. Titan Asian paints tcs. ITC Reliance and HDFC bank(Not my personal preference)
ITC and Reliance I can hold forever. Hal. None, you are not marrying a stock. But below are three that I'd hold for a substantial amount of time :
KFin tech
JSW Infra
BEL. Tamo Reliance Tata power. Titan Tata motors Ekc"
132,IndianStocks,Election and stock market - some backtesting,". Will add in some points.
The electoral victory of Narasimha Rao- the markets were very much at the nascent stages and at the cusp of the Harshad Mehta scam.... There was no rules enforced back then so stocks were pumped and dumped ruthlessly. Wouldn't attribute to election results.
2009- it is just after the 2008 recession which boiled over to mid of 2009. So the market will ofcourse recover. Instead of taking just that year's data, if you take the previous year into account as well you'd realise that the gains are just that which was lost due to the 08 crash
Otherwise elections don't really play a major role and most of the gains have already been taken into account this time around with sky high valuations of PSU's and rail stocks. Don't look too much into it.. Kudos on the hard work put in. But this election could be a little different from the ones in the past, as in macroeconomically, things haven't ever looked better than they do now. So yes, expecting better gains after the elections if Modi comes back to power and geopolitical situation doesn't worsen globally.. I don’t think so that Modi coming back to power is a case of ‘if’.
Tbh there is no proper opposition to defeat him lol.. Nice research 🔥. Thank you 🙌🏻. Finally, a researched post and balanced views rather than just asking bullshit gambling questions. Thank you for sharing.. Great work, this clearly shows we need to stay invested, only 2 times we have seen negative returns in this entire period.. See this is the type of Analysis we need in this subreddit. Compare this to one other person in this subreddit who said I will buy CALL just because I know which government is going to win. Thanks for the insight. Inflation was super high under Manmohan Singh and hence the growth looks better as well."
133,IndianStocks,Indian Stock Market Slander 🤡,"Well Made OP , Also Feeling Bad for Folks who invested in IREDA , IRFC Post Rally. The Indian stock market is a full on circus. Just another day in Indian affairs. Your last part of the video is like apologizing after murdering the guy...lol.
You forgot to the add the smirking satisfying face of the long term SIP investors of Mutual funds who are sitting on massive returns on their consistently accumulated monthly investments since past 5 years.. thats me, Im the smart guy. Too good bhai. Finally a good meme. I keep reading mf as mutual funds 💀.. High on stock market🚬. Quality work right there!"
134,IndianStocks,"Best and safest way to Invest is to find highly undervalued stock with robust business and good fundamentals, then stay with it patiently.",". When you bought this was the dividend yield 5%?. Yup. Bhai 1 saal pehle koi bhi PSU aankh band karke choose karleta toh 100%+ returns hi milta. You’re right but you’re saying it easily because it has already happened. It’s like saying “10 saal pehle bitcóin me lagata to abhi tk billionaire bn gya hota”. Lol, who is going to tell him?. Yea apne JULY yea AUGUST ke mahine mein dhundha tha keya? Kuki maine bhi july mein 400 ke asspas kharida tha.. What about MRPL?. How did you come across this. You are right and you buy right now is GSPL."
135,IndianStocks,I think the Next Indian Bear Market will happen only when SEBI brings back Short Selling in Indian Stock Market.,
136,IndianStocks,Seeking Feedback on My Stock Criteria to identify Stocks with good fundamentals and valuation for long term investment for 5 to 10 years. Looking for your opinions.,". All those criteria you mentioned above, I use them to filter out stocks. Then read their Annual Reports and then decide which one to invest in.
I believe this is not enough. I track their quarterly performances and then rotate my money among the stocks.. Thanks for your inputs. Do you also put any additional filters? For example, diversification criteria into different sectors."
137,IndianStocks,Foreign investors are rejecting Indian stocks,"In total 5 B shares dumped out of 900 B, in the last 2 months.. Another international kunsparacey to defame India by foreign media/s 😡😡. Only people who know the share market for real and did not start riding waves after COVID should be allowed to post about it otherwise they may make a fool out of themselves like OP(in between a moderately knowledgeable audience)!! 🤦. Yes, this is just oversimplification of the current FII moves. This has and will continue to happen due to many other reasons, election has probably made them more risk averse. Highly overvalued.
correction would be good, nice entry point for long term.. $4 billion net sale over a period of 30 days is nothing considering the current size of the Indian market. Booking profits is the whole point of stock market, believe it or not.. Don't worry, mutual funds sahi hai. Retail investor will keep the rally going. What's the point of this article? $4B in a span of 30 days is nothing. No shit.
India dumps its own currency and expects people to have confidence in its system.
Get rid of that dumb tea seller and let him go back to selling chai. And he can take all of his slobber monkeys with him."
138,IndianStocks,Indian stocks ,stock :power finance corporation 
139,IndianStocks,Does it really make sense for a trader of Indian stock market to move to Dubai to save on tax?,"There is something called Purchasing Power Parity, which defines how much money you'll need to spend to live the same quality of life you are currently living.
PPI for India to Dubai is 1.5X meaning that if your living expenses in India are 1 Lac, you will need 1.5 lacs to maintain the same standards in Dubai.
But obviously, everything is not as straightforward, I was also looking to move to Dubai on their Freelancer visa system but decided against it.
If you decide to move to Dubai remember that you will become an NRI and have to pay higher taxes on your investments or income. e.g., for an RI (resident Indian) you pay 10% on Long Term Capital Gain Tax (LTCGT) whereas as an NRI you'll be paying 20%.
P.S. the above is based on information I found online and can be inaccurate to some degree so take it as you wish.. That makes sense but I'm just wondering if someone's primary income is trading f&o. Staying in India would mean substantial tax payment on the income, right? Compare that to Dubai where at least there is 0 tax on the income for an individual so sounds like a good deal, doesn't it?. Income from India is taxed in India. However, the LTCG & STCG is higher for NRIs compared to locsl indian residents. Add to that,if you have sny rental income from property in India, then as NRI, TDS deducted is 30% and many more issues.. What is the TDS deducted on rental income if you're not an NRI just to compare? Sorry, if that's a silly question.. I saw that video and it did not make kuch sense based on little that I know. PRS was talking about double taxation avoidance treaty and all. That treaty only says that if you have paid taxes in foreign country than you don't have to pay in India the full amount but difference of taxes there and here. Like if some one works in India in a eu company and gets share from them which are tax deducted at the rate of 25% for example and you get credited 75% value shares than you don't have to pay full tax on this but you still pay the difference. This is if you are in India .
If you are nri than you don't pay taxes on non Indian income. You pay taxes in your base country but on Indian earnings (which this trading income would be) you will have to pay taxes. So double taxation avoidance treaty does not even come into picture. Unless it's different for registered companies with nri promoters etc, this is what it is , kind of and thus I was unable to wrap my head around this thing. And if it's that straight forward why are we not seeing big f&o trading houses exodus from here to land of no taxes.. PRS was saying he's planning to move to Dubai. Where is he gonna trade?
What you're saying makes sense and probably true but in that case does he mean that he'll be trading on some other exchange outside India instead of NSE and BSE? Asking you cause you have watched the video so you'd understand the context better. In trading community, Sbse Bada Madarchod hai PR Sundar. Well I know People might respect him or whaterver, but he just is just sick. Only thing he does is sell courses and generate income. Is any trader based out of Dubai? I am in Dubai, and would love to meet and network. Exchange Ideas and theme. Not in Dubai but just curious what do you trade? Is it forex or do you trade in the Indian market?. You should consider many aspects.
Trading from Dubai works best if you want to Trade Forex, Crypto, S&P, Nasdaq etc that you are not allowed to trade from India. Crypto is allowed here with absurd Taxes.
Now do you do this as an individual or company ? If you do this as company then Corporate Taxes in Dubai come into picture. See this
For Trading as a Company registration / renewal fees come into picture. Your profit should exceed these fees.
Most Important is What is your Long Term goal - Stay in India or Abroad ?
As you get visa to stay in Dubai but you will NOT become a citizen.
So if you want to move out of India in future then you need to move to a different country. Which will probably Tax you like India.
If you want to move back to India you will have to figure out how will you get this money back into the country and how much Taxes you have to pay then.
Consider if this will work - IF in the long term you want to invest in Indian Real Estate, or invest in Indian Stock markets, how do you get this money to India.
As you will have to bring this money back to India, how will you show the Dubai based company giving you money, there will be taxes and there might be some explaining to IT department also.
Best is to talk to a CA who deals with clients who have business in Dubai. They will be able to advise you best about Taxation and loopholes.
I believe unless you are having capital beyond Rs 3-10 Cr, it might not make much sense moving there unless you are of course trading Forex, Crypto etc."
140,IndianStocks,Is investing in US stocks better than Indian Stocks? How to get started on it?,"No. Indian markets are better, profit margins are way higher.. Indian market is still better than any market Lot of retail investors coming 😉. Indian markets are better for sure My reasons
growing economy
large population (if more and more people start investing which they will It will cause higher returns)
indian index funds such as momentum or nifty alpha has seen crazy 10 years cagr of 25 to 26%
lesser cost of investing compare to us
us economy might face trouble because of higher debt to gdp. Not the right time. I would not say better, but different, you can use interactive brokers or some app, most are linked with a us broker. Use IND money app. If you want to buy us stocks you can go for mirae asset FANG etf /mutual fund available with almost all brokers!. INDMONEY and Vested are the best option, they both use the same US broker, IBKR also an option but doing tax is easy with the previous options, but rn Indian stocks are looking better than US ones.... Indian markets are better, but I'm starting to invest in Hang Seng as it is available at good valuation."
141,IndianStocks,IREDA on fire,
142,IndianStocks,Why Indian Stocks market is not sustainable? Indian stocks market is not long term market what is your opinions?,". 2 months ≠ long term lmao. Jisko downvote karna hai Karo, but Mera opinion hai ki OP bade wala C hai.. Upvote le aur nikal bhai.... You want to see long term?
Change the timeframe to monthly.
Everything will look "" sustainable "".. You are not even an year old in the market and you are preaching long term stuff! What on earth are people smoking nowadays!. Bookish definition of Long term means an investment that is held for at least 1 year. Reality of long term definition is to hold it for at least 5-6yrs. Sir, long term generally means a minimum of 5 years. See track record of top 100 companies in nifty index across any 5 year period. The longer the time frame the greater the chance of good returns. The f&o and intraday buzz gives less than average return at best in the long run to a majority of people.. What are you even trying to say? Why so much beaching about Indian markets? Sure, corrections will happen. Even crashes will happen. But as long as Indian economy is growing, Indian stock market will stay in secular bull market. Looking at the potential we have as a nation, nothing short of a disastrous govt can derail us.. well, my opinion is you're newbie and know nothing about stock market. If I were you I would ask right questions to get right answers, like what is long term?"
143,IndianStocks,So i entered this cuz Sumit Bansal (@NiftyGranmaster) got this..,
144,IndianStocks,Made an Algo to trade in Indian stock market. Any thoughts?,
145,IndianStocks,Algo traders share your knowledge,"1)Smart Api by Angel One 2) Python i dont have a high frequency based strategy, works on 52 week highs and volatility. 3)i back test the data on historically available data. But my tool is nowhere near completed for the moment i only generate symbols and scrips that i should buy but i dont send out orders.. Thanks a lot.. Is it possible to create a stock screener and then select a stock form scanned stocks for Algo trade
Um if we can't build screener then scrapping data from other popular screener websites like that ? Is that possible
Or
We just need to run a strategy in single stock with symbol. I have one question.
Where do you run your algorithm ?.
Do you run it in your local computer or in the cloud ?."
146,IndianStocks,Hit 10 L in 5 Months ! The great Indian stock market.,". Wow, amazing returns!! Congratulations!
I dont understand why still some people want to trade in FnO and lose money in this bull run where you just simply buy good stocks and sit on it to enjoy the greens every week.. EXACTLY !. . Congratulations. What are the rest of your holdings?. COCHINship is the bel of the hal. Nice portfolio op! What do u think about the defence sector post budget?. Thanks buddy.
At present we are spending 2.4% of GDP on defence ( 70% goes to pension/ salary, 15% maintenance and clearing the previous loans, 12% in buying new assets and 3% in R&D).
It has been advisable to the government to spend between 3.2 - 3.5 % of GDP on defence by previous commissions but I don't see it happening at least in the next 2 years.
But the government is pushing hard on indigenous platforms ( hence you are seeing the revival of defence psu) with Project P75I ( navy) near completion and Tejas MK1A, MK2, AMCA, prachand( airforce) + export orders to Africa ( OCEAN nations) it is poised to grow fold and bounds in coming years.
Also Ukraine Russia, Israel Gaza, Azerbaijan Armenia and our own galwan/ pathankot have taught us the need of manufacturing things in house both from cost as well as geo political factors.. What do you think about PFC and Titagarh? I have been on and off about having REC/PFC in my portfolio since they already had a good runup. Is Titagarh a good fresh buy right now as well?. See I look at the macroeconomic factors and then valuation and then invest accordingly ( I am a long term investor so plus minus 4,5% here and there doesn't bother me) . So far it has worked for me.
Development of a country ( is directly proportional to) it's power consumption. Who finances all the power projects ( govt. Or private ) ? PFC.
Also Bernstein started coverage of PFC /RECL yesterday. Google search for target price it's 610 for PFC and I guess 650 odd for REC.
Titagarh caters both defence & railways and have very solid fundamentals."
147,StockMarketIndia,Stock market has become a gambling ground in india.,". Better chances at Stake vs penny stocks. Twitter is full of such people. Yesterday I saw a post where someone said to buy hudco coz it will go above 400 tomorrow and he has 56k followers.. insane NOTE: Hudco didn't rallied. There are people on Reddit as well who convincing give 4x target in 4 months and people follow them.. I have a different experience ,also with a Private Banks.Here the employees/staff,numbering more than 10, bring Psychological pressure on a/c holders ,to force them to take INSURANCE POLICIES or INVEST IN MFs whose Agents are the employees themselves.They know how much one has in one's account.. Never buy any investment product from a banker. They have revenue targets and for the same they will sell you anything. Because by the time you wake up, they would have changed jobs. In the end you loose . Best is to hire a good independent financial consultant. Nowadays everyone wants fast money. No one thinks about long term profit.. People's quest for quick money is as old as the Roman Empire. Nothing new in this and it usually ends in a predictable fashion.. ""The retail of our country should get more educated about the stock market."" This sums up it well, but learning is boring na, ""kick nai milta"".
Once Buffet was asked ""Your method of investing is simple yet why people find it difficult to implement and succeed?"" He replied ""Nobody wants to get rich slowly"". And what is SEBI doing instead of educating people, these greedy hoes are increasing taxes to save Retail."
148,StockMarketIndia,Found all common chart patterns in one place. Really amazing. #StockMarket #trading #copied #stocks #StockMarketindia,. What's TP here ?. Take profit. Chart never works.. It will be fun if there were some python programs to know this
149,StockMarketIndia,"Retail investors lost Rs 30 lakh crore, this is biggest stock market 'scam': Congress leader Rahul Gandhi - Times of India",". Bro knew SEBI won't do shit, hence called for a JPC (they have solid numbers to pressure the government now). good point raised.... parliament sessions are gonna be entertaining. ""For the first time, we noted that during the elections, the Prime Minister, the Union Home Minister, and the Finance Minister commented on the stock market,"" said Gandhi.
""The Prime Minister said that the stock market is rising at a great speed. The Union home minister said that on June 4, the stock market will be on the rise and you all should invest, and similar comments were made by the finance minister.""
""After these 'fake' exit polls, the stock markets rose and then crashed on June 4,"" Gandhi told reporters, implying that the comments may have been intended to artificially inflate the market, benefiting certain investors before a planned downturn.. Well he’s not wrong. Ha..like sebi will investigate this...they have better things to do like sending invester awareness mails...
and guess what..ji is registered sebi trader..... He knows sebi will not do it's duty.. So he's asking for JPC investigation..And this time they've enough numbers to pressurise govt . Damn congress dropping back to back Ws after result.
Talked on neet,talked on market. Instead of playing politics giving time to what actually needs to be talked about.. This is hopefully just the start. If Modi government is actually powerful and worthy, they can handle a strong opposition but if Modi government is weak and useless, the opposition has every right to keep pushing them. Overall, it's good for India.. He is not WRONG."
150,StockMarketIndia,"📢 #SmartNews : Curated, Concise Summary of the news. #StockMarketindia #StockToWatch #EconomicTrends #MarketInsights",
151,StockMarketIndia,India's stock market just hit a whopping $4 trillion valuation for the first time ever! 🚀 Let's uncover the factors driving this historic milestone #IndiaStockMarket #4TrillionMilestone #stockmarketIndia #indianmarkets #sensex #bse #nifty #nifty50 #marketcap #nifty #hangseng #indmoney,
152,StockMarketIndia,SEBI Rules Quiz:Public Shareholding Test! 📊 #StockTock #SEBI #PublicShareholding #IndianStockMarket,
153,StockMarketIndia,India’s NSE overtakes Hong Kong to become the world's 7th largest stock market,". User Report
Total Submissions 1 First Seen In WSB 5 months ago
Total Comments 10 Previous Best DD
Account Age 2 years scan comment scan submission. Call on Taj mahal. Taj MahBalls to the moon. India is where China was in mid-2000s. It is at the edge of the runway to take off and will double its GDP every 5 yrs or so. Its biggest challenge though is policy paralysis, while China being a one-party system can chart a 50 yr policy and march towards it, India has a chaotic democracy with dozens of parties and no clear vision. As it happens, the Indian stock market is also one of the most expensive in the world!. I often hear negative points about India, such as corruption, excessive red tape, and other issues. Alot of it is true, but if India was already perfect and didn't have these issues, it would likely be one of the richest economies on the planet already. You could have said the same things about China 30 years ago. What's important is the direction of change, which certainly looks positive. Unlike in the US, a large portion of the Indian population is optimistic about the future of India because they are seeing positive changes in living standards around them. Ray dalio called modi indias deng xiaoping, you can disagree with modis politics but i think alot of his economic policies are on point. India's Nifty has massively outperformed the Sp500, even after accounting for currency change, over the last 25 years and is currently just above its average P/E ratio. It's nowhere near as expensive as you claim (https://nifty-pe-ratio.com/).
Imo, the best investment of the century is agricultural land in india outside major cities like Ahmedabad, Bangalore, Hyderabad, etc. Not everyone can buy it, though, since you need farmer status. It's like buying land in Shenzhen or hong kong 30 years ago, but even more valuable because india has 1/3rd the total land mass and expected to reach 1.6b population.. how is it the ""most expensive'? care to elaborate?. Hang Seng however is currently (not inflation adjusted, which would make it far worse) at levels it was back in 1997. Not kidding.... Where can I buy calls on curry and puts on eggrolls?. India’s stock market value has overtaken Hong Kong’s to become the seventh largest in the world as optimism about the country’s economic prospects grows.
As of the end of November, the total market capitalization of the National Stock Exchange of India was $3.989 trillion versus Hong Kong’s $3.984 trillion, according to data from the World Federation of Exchanges.
India’s Nifty 50 index reached another record high on Tuesday. It has jumped 16% so far this year and is headed for its eighth straight year of gains. In contrast, Hong Kong’s benchmark Hang Seng index has plunged 17% year to date.
India has been a standout market this year in the Asia-Pacific region. Increased liquidity, more domestic participation and improving dynamics in the global macro environment in the form of falling U.S. Treasury yields have all boosted the country’s stock markets.. India’s 401k is NOT invested into public market, and is govt held with flat rate returns.
If that gets unlocked, Indian market will be 🔥. We are talking upto half a trillion dollars. Can someone look into this please?? 🙏. "
154,StockMarketIndia,"Big milestone for NIFTY50 as it touches the 20,000 mark for the first time!🚀 Swipe to know what lead to this market high ➡️ #nifty #nifty50 #sensex #stockmarketindia #niftyhigh #mutualfunds #shareprice #sensex #demataccount #investing #investors",
155,StockMarketIndia,"Indian stock market reaches a historic milestone! Surpassing Hong Kong, India now ranks as the world's 4th largest stock market with a staggering $4.33 trillion value! #stockmarket #stockmarketindia #nifty #sensex #bse #hangseng #NIFTYHighs #indmoney #investing #shareprice #sharemarket #investor",
156,StockMarketIndia,Tata Motor Share Analysis - long term perspective Share sideways range is 1060-900 And Fib Retracement 0.38 level is support area #stockmarketindia #trendingpost #EquityInvesting #equitystock #stocks #swingtradingstrategies #tatamotors,Nice 👏👏 thank you ur information useful for meee
157,StockMarketIndia,How much monthly income from stock market is tax free in India?,
158,StockMarketIndia,These companies have invested in Ayodhya! Swipe to know details of investment along with their yearly stock performance ➡️ #sharemarket #stockmarketindia #investing #stockmarket #stockmarketnews #rammandir #ayodhyarammandir #ayodhya #sharemarket #personalfinance #shareprice,
159,StockMarketIndia,"India goes from a $4T to a $10T economy, how will it affect the Indian stock market? ",". 30% tax on STCG and 20% on LTCG. Some how staying in India makes me feel like $10 T economy is not going to benefit me. kya karu $10 T economy ka ? All I see is paying taxes for everything, maybe that's how we reach 10T economy /s. Exactly we pay taxes on everything, mla, mp's and bizz owners... Pay 0 tax and buy a range rover with no income!!. Naive question, how is taxes related to GDP and 10T. Are taxes included in GDP calcuation , if so what is the current percentage share ?. At 10T India will have about $7000 per capita income. That will put us in lower middle income. At this time India will still be quite young with median age in early 30’s.
You can expect three things
Emergence of super rich class : luxury consumer to grow massively. So fashion, cars , watches, jewellery etc
Much larger middle class with $4000-$5000 income. So households will be $20k annual income will grow to 100 million plus. Hence expect consumption of small cars, consumer durables etc to grow
There will still be massive scope of industrialisation and infrastructure growth. Mostly it will be upgrades like Bullet trains, airports, commercial vehicles etc
Above all financial and Banking shares will still maintain huge potential as all this has to be funded.
I expect rupee to appreciate and inflation to remain low. Rupee will appreciate as we expect continued foreign flow FDI mainly. This is what we saw in China between 2009-2016.
Inflation will remain low as we are building a lot of capacity and supply side will remain strong. In addition oil prices will remain low as oil demand will reduce due to use of electric two wheelers (China is already saving 1 million barrels per day due to them), massive shale supplies from USA and breakdown of OPEC.. How dare you give a relevant and helpful answer instead of immediately crying about taxes?. Hence expect consumption of small cars, consumer durables etc to grow
In this case, Bajaj finance will continue to maintain good growth > 20%. I did some maths: 10 trillion dollar is expected by 2035. (According to educated guess, compounding, news articles, rating agencies). My guess is it will take longer as seen in cases of China and US with their double digit growth.
Let’s consider 2035, our population growth is 0.68% annually. 1.44 billion will grow to 1.6 billion by then. Per capita then will be 6250$ , 120% increase from 2845$ now.
However, there is huge inequality which will also compound at same rate/1.2. Top 1% have 22.6% of total income. Bottom 50 have 15%. This will exacerbate.
If I make a guess(kicks myself), it will be 30% in hands of top 1% . Many lower income will become middle class.
The 10 trillion will be dominated by transformative new age AI based consumption structural companies.. 10T economy means bigger companies. Or more numbe rod medium size companies. More exports. People will have more money. More shopping. More cars, more motorbike, more AC. More medical equipments. More holidays..more hotels..bigger business."
160,StockMarketIndia,"Top FMCG companies in India- ITC, Hindustan Unilever, and Nestle have released their quarterly performance for July - September 2023! Who led the pack in market cap, revenue, and net profit? #stockmarketindia #investing #personalfinance #itcshare #hul #nestle #shareprice #nifty #nse #indmoney",
161,StockMarketIndia,India Overtakes Hong Kong as World’s Fourth-Largest Stock Market,"From Bloomberg reporter Ashutosh Joshi:
India’s stock market has overtaken Hong Kong’s for the first time in another feat for the South Asian nation whose growth prospects and policy reforms have made it an investor darling.
The combined value of shares listed on Indian exchanges reached $4.33 trillion as of Monday’s close, versus $4.29 trillion for Hong Kong, according to data compiled by Bloomberg. That makes India the fourth-biggest equity market globally.
Equities in India have been booming, thanks to a rapidly growing retail investor base and strong corporate earnings. The world’s most populous country has positioned itself as an alternative to China, attracting fresh capital from global investors and companies alike, thanks to its stable political setup and a consumption-driven economy that remains among the fastest-growing of major nations. Read the full story here.. . . Need double digit growth for a decade to be where china is rn (gdp per capita terms). There are no ground level changes. Roads are still filthy, trains are filthy, air is filthy, govt. hospitals are still bad.. what growth are we talking about? Only in dreams. Keep dreaming. Apart from the Metro train system, I don't see any real progress.. Good. Finally some good news. 👍. . It would've happened in 1947 if Modiji was prime minister then. Too bad we took so long to find him."
162,StockMarketIndia,Stock Market Courses Online In Hindi,
163,StockMarketIndia,"Retail investors lost Rs 30 lakh crore, this is biggest stock market 'scam': Congress leader Rahul Gandhi - Times of India",
164,StockMarketIndia,"How do Indian tech companies make money? Check out how TCS, Infosys, HCL and Wipro fared against each other in July - September 2023 Quarter! #TCS #Infosys #HCL #Wipro #sharesinfocus #quarterlyresults #financialservices #ITsector #revenue #profits #shareprice #dividend #stockmarketindia",
165,StockMarketIndia,India Tops Hong Kong as World’s Fourth-Largest Stock Market,"USA a true capitalist country. Bruh it’s all inflated hoax money, you’ll see a insane bust in the entire US economy after a couple of year. It would be on a verge of collapse but somehow manage to survive. For context just read what has the US done after Nixon removed the Gold standard peg.. India just got 4 trillion m cap on 5th December, within 2 months, it gained another 0.33 trillion
That's either incredibly sus or just incredible. I don't know anything about how this works so not gonna comment either ways but it's still something. How about now? /jk. rank will drop. Daam us. Can i invest in us stock market ? As a indian living in india?. China is only $8.44T? I though they would be comparable to the US.. China + Hong Kong. Can someone explain to me hing Kong is just a small city compared to China with almost similar level of development how is it then that the hong Kong market cap is half that of Chinese ?"
166,StockMarketIndia,"Jio Financial will be spun out from Reliance on Thursday, July 20. Here’re 10 points you need to keep to keep in mind. #RelianceIndustries #JioFinancialServices #JioFinancial #StockMarketindia #Nifty #nifty50",
167,StockMarketIndia,Japanese are betting on India and pouring billions into country's stock market,"My impossible wish is that they pour some into good anime production companies as well. Imagine Chhota Bheem in anime style 💯💯.. it's not about animation, it's about story and plot. Well as an Indian, take my damn money. Make it possible.. Chhota bheem has ruined Indian entertainment scene. Captain vyom was where it was. But then you kids had no choice and just watched you were presented with. Chhota Bheem is trash. Nothing can fix it unless they hire better writers. I join hands and ask them to please give us 10% of the civic sense they possess, this country will be developed in years, not even decades. There is no such thing as civic sense, just another way to call countries uncivilized. Japanese people, society conform to avoid sticking out. The japanese can be very perverted and perverse in hiding.
This civic sense, you speak of comes from accountability, education, enforcement of laws and lack of corruption.. . . Japanese firms know where to invest to get best returns 🌟🌟"
168,StockMarketIndia,"Proud day for India, Indian stock market overtakes France’s stock market cap and reaches 6th position at a valuation of $3.4 trillion. Well done!","India is 5th largest economy, so this had to follow. https://www.freepressjournal.in/business/indias-stock-market-becomes-6th-largest-in-the-world
https://zeenews.india.com/markets/proud-day-for-indian-investors-india-s-stock-market-becomes-6th-largest-in-the-world-2394374.html
We will overtake UK by the end of this year or February 2022 max, save this comment.. Nice should be able to get to third place within 5 years. I don't understand economics much, stock markets moreso , so can anyone explain me how all the listed countries have stock markets which is greater than their total GDPs and also how this is good news for Indian economy.. Bruhh. China-12 Trillion Hong Kong - 6Trillion 2050 m HK bhi China k under aa jaega"
169,StockMarketIndia,#maninfra 1 crore shares delivery at 203 for target 257. 257-203=54x10000000= 540000000 what say? GOODNIGHT JUST KIDDING BUT ^BOOKMARK IT^ #TRADER #SwingTrading #stockmarketsindia #stockstofocus ,. 
170,StockMarketIndia,Renewable Energy: Solar and Wind,Suzlon 🚀🚀🚀
171,InvestInIndia,Investor Definition #InvestInIndia,"yeah with 100x leverage holding overnight. This. Lot if these 'investors' have made their initial money in trading. And not all of it legally.. Every investor was once a trader. They started investing for long term after they got a lot of money. Pulling your money in and out makes you a trader, staying for long makes you an investor, insider trading makes you rich!. Bruh your name 💀. Traders become rich or poor because of luck.
Investors become rich because of DD and patience.. I definition is
You got to both
One needs to switch stocks according to changing times
You cannot hold everything
Capital cannot increase in just by holding stocks.. everyone cant be jhunjhunwala"
172,InvestInIndia,India’s Economic Prospects Brighten: S&P Global Ratings Upgrades Outlook to Positive,"S&P has revised India’s rating outlook to positive from stable, affirming the long-term rating at ‘BBB-‘ and the short-term rating at ‘A-3’. This places India at the lowest investment-grade level but signals potential for future upgrades."
173,InvestInIndia,"""I am a fan of Modi"", says Elon Musk along with his plans to invest in India","Sab india aao re, tum maal bnao population hum denge. Bro about give all the population required single-handedly. 😂😂. Every business man is a fan of the govt that allows them to make money in their country.. When you want to sell tesla so hard in India. Incorrect.
He wants free land and tax breaks to open factory.. Bechara got rejected twice 😂. Who isn't? Jalwa hey Supreme Leader ka.. I 100% Aladdin on this one. Of course he is. Lol"
174,InvestInIndia,Investing in India's Economic Growth.,"Aren't there studies out there showing that GDP is not necessarily correlated with stock price?
Nonetheless, Wasatch is targeting Indian small caps as a good opportunity, so I've heard. 4 star Morningstar rating and they seem to be holding some banks as top holdings like you guessed. Also some tech.. Honestly, I would find an Indian ETF and be done with it.
Let's assume that manufacturing industry is growing. That's going to need finance to fund it (banks). It's going to need factories (property). The people will get richer, so many they can buy more cars (automotive) and have better roads to drive them on (infrastructure).
Unless you were coming at this from knowing a company and thinking they have a great position, I think it would be hard to pick the winners here.. $Inda the iShares ETFs have lower expenses compared to GlobalX etfs. FLIN. Banking. India is still very much an emerging market with immature capital markets, which means nearly all financing goes through banks. Consumer is the other sure bet. Not just for the demographics but also because consumer companies typically have better economics. Just tread carefully with valuations.. I agree on banking. My thoughts are if the economy expands, someone must fund that expanse. But with the rise of infrastructure by capital allocators like brookfield, I am not quite sure how much they will capture on the non consumer side of the house. I also like brookfield as an investment in India. Indian here in Canada. Never invested there or here, I'm still learning. That said, what I noticed is, any boom that happens in the US, will happen there later, so if you have missed investing in the US stock, you can find a related in there and invest. For instance, 5g towers, electric power station, electric car/bus manufacturers, lithium, etc.
Anything thing I would suggest, check the stocks of the top investors, that should tell you a lot. Rakesh Jhunjhunwala is the top investor and has good Insider information.. He passed away, his biggest holding was a retail stock for few decades which returned him 30-40x. OP this list seems pretty useful. I’m looking to dabble with Indian equities myself.
https://etfdb.com/etfs/country/india/. The best etf for India is FLIN from Franklin Templeton cheaper than anything iSharws offers."
175,InvestInIndia,Foxconn to invest $1 billion in India to move iPhone production from China,"Hey Foxconn, when are you building that factory here in WI that you promised to build?
Oh yeah, never.. I have a feeling they are going to treat Indian workers worse and pay them less.. Will it decrease the price of iPhone in India?. So that is where Wisconsin's tax credits to Foxconn are going.... Yeah, so there is strict import tariffs on products such as iPhones and Macs in India because they don't meet a threshold of domestic production, resulting in already expensive product costing even more in India. Like iPhones which cost say 1000 dollars would retail at 1600-1700 dollars in India. Because of this the market share of iPhones in India is less than 1% of premium phone market in India, and the premium phone market is only 5% of the total smartphone market in India which in itself is only around 50% of the total smartphone market, rest of it being occupied by non-smartphones. So you can understand the potential of the market growth for Apple in India as the western market for Apple is getting increasingly saturated. For years Apple has been trying to make it in India, there is brand recognition and ability for certain sections of the population to purchase them, but people tend to shy away given the premium pricing on top of the already premium price of iPhones. The government of India did not budge on letting Apple sell their products without meeting the domestic production threshold, and Apple decided to give in and the timing around China's political moves and USA's response to them have only made Apple's decision to increase their investment in India only more concrete.. don't forget to outfit your new factories in India with those suicide nets!. Great, now they/we can exploit Indian people instead of Chinese people!
/s
Edit: spelling and added ""we"", good point.. ... and so it begins ... The CCP has irritated almost everyone. Many companies and countries are pulling away from China. The violation of treaty commitments in Hong Kong were the last straw. They've even started a border dispute with Russia. See China Uncensored, ADVChina, and related YouTube channels. With the various environmental disasters in progress - widespread flooding, dam breaks, ""secret"" loss by the military in the Himalayas against India, one might even say that the CCP has ""lost the mandate of Heaven"". This is historically one of the ""omens"" before the end of one emperor dynasty and the beginning of another.
IMHO India is a better location for business than China. It's less ""organized"", but much more into real free enterprise.. Foxconn has promised to invest and build a factory in Talegaon,India which is 7 km from my house for the past 5 years but nothing's happening"
176,InvestInIndia,Foxconn to invest $1 billion in India to move iPhone production from China,"Weren't they opening something in Minnesota, got a bunch of government money, then didn't do it.
Edit: Wisconsin was the actual state.. Sooo... still not bringing 13,000 jobs to Wisconsin?. As Taiwanese, I could tell you Terry Guo and his Foxconn don’t always keep their promise. They tend to make a bunch of investment plans yet most of them will never come true.. I think Wisconsin should give India the heads up.. Taking the money they FoxConned out of Wisconsin and investing it in another country.. That is to circumvent US trade sanctions and benefit from India's cheaper labour compared to China.. 1billion is certainly not enough.. I think that Apple has to make Iphones in India to be allowed to sell there.. ""Fox Con moving because wages in China triple while India stays stagnant"""
177,InvestInIndia,Is it a good idea to invest in India for 30 years?,
178,InvestInIndia,"Elon Musk after meeting PM Modi : ""I am a fan of Modi"". And talks about his plans to invest in India. ",". It's just lip service man. We better focus on developing our own EV industry, which frankly is non existent.. To build a world class EV industry you need world class company to build cars in India otherwise you create substandard crap. This is why Tesla was the only company China allowed to operate 100% foreign owned. They are now producing world class EVs in China now and exporting to Europe.. non existent.
Tata, Mahindra, Ola, Bajaj, Olectra etc are Indians right?. I doubt if Elon is smelling for the newly found lithium ores in Kashmir. I hate to be that guy but the Lithium is found in Jammu and Not Kashmir😭. He gives such Roman Roy vibes. Musk maska laga Raha hai.. Average white guy fawning over India. Dekho to bhai kaise makkhan mar rha hai, kuch bhi karlo bina Tesla manufacturing unit India mein setup kare Modi govt. ane to nhi degi.
Baki liberal pseudo-sickulars ke liye bada dukh hota hai, ab ise modi bhakt bulana padega.
XD"
179,InvestInIndia,NRI wanting to invest in India !,
180,InvestInIndia,Foreign investment in India ,"Where are all the pixels bro. Image looks like it was censored by the Japanese.. . This number should reach 100 billion , our state has the potential , but corrupt politicians are a Maniac over here. True that 💯. Gujarat had a good year but consistently money is going to Maharashtra Tamil Nadu Telangana. Karnataka's numbers are such a reflection of how tech industry soared during pandemic but is at a low right now. Their diversification is keeping them still in top 5 but they'd be cooked.
Also, MH should get its game up! $15B of FDI is no longer enough. As a growing economy, that wants to reach $1T we need to aim for at least $50B of FDI per year by 2028.. Maharashtra is miles ahead 👏👏👏 should see good growth. I want all states to prosper. I want MH to prosper in areas other than Mumbai Pune. Not only Maharashtra..but whole India. Why are all investment going to Maharashtra/s"
181,InvestInIndia,Google Said It Would Invest $10 Billion In India. Nearly Half Of It Is Going To The Country's Richest Man.,"Keep in mind that India has significant barriers to entry for foreign companies and investments, and a proven track record by the Indian government to penalize foreign operators in order to protect local champions.
Most foreign companies who want to operate in India are now choosing the locally preferred and endorsed structure of taking a minority stake in a vehicle owned by an Indian business partner.
And it just so happens that the Indian business partners that are the best connected are already billionaires.
So at this point, you have a choice. You can give a ton of money to Indians richest men in order to do business in India, or you can not do business in India.. Ambani, an industrialist, founded Jio and pumped it with $35 billion to blanket the country with a high-speed 4G network, which brought the price of data down to pennies. 
The article makes it seems like the guy is taking the money. If you read it, the richest guy gave people in india a better infrastructure with his own money to help people who couldn't afford it a better life style.. I am not pro-Ambani, neither am i against him. The thing is, I used to ignore this guy before 2017. He was just a rich guy from India and owned quite a few of brands that i used in my daily life, just like tata and nestle. But then he launched Jio, and it completely changed the landscape in India. He offered a service, that was not only very cheap, but also helped toward improving the internet usage in India. Internet was a myth in rural India before 2017. My hometown had only one ISP and they used to charge quite a sum of money for few GBs of internet. In my mother's hometown, there was no such thing as internet. But now, we can video call them whenever we want. They now use internet for their benefit and it has affected the village in quite a positive way. I know he is hiking the price now days, but compared to pre Jio era, it is nothing. I don't know if he is a good person or not, but I am thankful for him for this, because now every ISP provider has to compete with Jio and competition is good for the consumeres.. So their concern is about a corporate investing money into another corporate? Did they expect the corporate giving money to the country or what?. Misleading title much?
It sounds like the guy is taking a $5 billion kickback.. As far as I read , google invested $4.5 B for a 7.7% stake in jio.
This man really setup a telco and gave away one whole year of internet, phone calls and messages for free.
They just announced a new suite of services like Google glass and AR. ( called jio glass , no surprises there)
Because of their competitive pricing , Internet has comedown from ₹450 ( $6) to around ₹20 ( $ 0.3 ). And it’s a massive deal because of the economic conditions of the country.. Lmao imagine using buzzfeed. Misleading title. But hey, it comes from buzzfeed, so not that surprising.
The money is being invested in a company, through development contracts.
It is not going in the pocket of its owner.. Isn't this a little misleading or am I not understanding? Nearly half of the money is going to a telecom company (for the infrastructure) that's owned by the country's richest man. To do work - they're not just dropping 5 billion into his bank account."
182,InvestInIndia,No hopes for investment as Elon Musk ceases contact with India over investment. This comes after the billionaire postponed a visit to India in late April.,". Modi's WhatsApp message to Musk remained with a grey tick mark.. Arey Chuna laga gaya
0:00
0:00
0:00. In other news, Adani to launch desi star link. In another news, a piece of junk believed to be some kind of desi version of starlink fell out of sky and destroyed a bridge in Bihar.. Even if Tesla enters the market, it would not be affordable for middle class who wants to buy an EV. Elon is a businessman, not a green energy saviour. Stop obsessing over him.. Bigger issue is that tesla is losing market share already due to poor quality control and other stupidity. It is long past the time when Tesla was the only decent EV option and if india starts manufacturing for export then the poor quality would basically get blamed on India. Better to attract car manufacturer with more experience.. No worries the sigma male will make another reel and he will ""destroy"" the west who is jealous of us lmao. its ok, Giga chad Jaishankar will sternly taunt young American media interns (who probably are not even us citizens) and therefore own US, Soros, Rockefellers and communist China."
183,InvestInIndia,Crypto investments in India?,
184,InvestInIndia,Russia tackles accumulation of rupees through investments in India,"This is fantastic all round for India. 1. get cheap oil, 2. export the refined products at a profit - benefiting the Indian refineries. 3. Indian stock market, infrastructure get a boost with Russian investment.. India's non-alignment policy has been working wonders for them.. export the refined products at a profit - benefiting the Indian refineries. 
Well, one small detail needs to be clarified here: the Russians are investing in the refining sector in India. And already now Russian investors own stakes in India's largest refineries. Then the West buys that fuel with dollars, and Russia spends those dollars on war. ""The capitalists will sell us a rope to hang them with. "". Submission Statement: ""Russia has tackled the issue of billions of rupees accumulated in Indian banks through investments in Indian stocks and infrastructure schemes and taken steps to ensure the flow of crude despite Western sanctions on State-owned shipping company Sovcomflot, people familiar with the matter said.
Russia has used the rupees in SRVAs to make investments in stocks, government securities, infrastructure schemes and other areas, the people cited above said on condition of anonymity. They declined to go into details in view of the sensitivities involved.
“Most of the rupees accumulated in India have been used and this is no longer a problem,” one of the people said."". It’s good for everyone. Indian refineries processing cheap Russian crude oil are keeping gasoline prices in check, which helps to keep inflation in check.. And why the US suddenly gets in a war with every leader who suggests abandoning the dollar for trading oil.
Oh yeah, I remember that time when the US declared war on Malaysia, Brazil, Bolivia, India.... This just in, country with large foreign currency reserve does what countries typically do with large foreign currency reserves. . Oil for stocks scheme...what could go wrong...."
185,InvestInIndia,Real Estate Investment in India.,"Before you jump to tier 2 or 3 cities be sure to scout the land properly with legal vetting. It is a gamble but you can invest in 2 places which are planned cities for the future 1)Amaravti,the new capital of Andhra which they are going to build over the next 5 years. 2)Naina city near Mumbai,Maharashtra which is also planned to be constructed around the Navi Mumbai Airport.
Both these are heavily influenced by Political turmoil and is basically like gambling.But if you succeed,you’ll be making money hand over fist.. Amaravati could be a bit dicey, especially since we don’t have mechanisms in place for continuity. A change in government and egos have already resulted in such a massive delay. 
As for Naina City, wouldn’t it more or less be the same? 
Do we have any smaller townships in India? Away from the hustle - bustle, but still have all the basic amenities.
One of the reasons for non-major cities is to avoid the typical urban life. Colder than average temperatures would be a plus. 
Thank you for your response. . read the real state report this year. tier2 cities are now giving more returns that tier 1. tier1 highest returns were Hyderabad with only 9%. Hyderabad. Beyond the major cities. Wouldn’t even mind if the place was a bit more laidback. . read the real state report this year. tier2 cities are now giving more returns that tier 1. tier1 highest returns were Hyderabad with only 9%
tier1 is all over saturated market right now, don't expect any returns"
186,InvestInIndia,India looking at $500 bn investment in renewable energy generation by 2028 - ET EnergyWorld,"And in Australian we keep building new coal mines... and new coal export ports through and next to the Great Barrier reef.
Edit* in answer to most comments, renewable energy storage is the current real world issue with going 100% renewable. But the key is also efficiency I believe. For example lighting in an Aussie 3 bedroom house was rated for 2000+watts as 20 bulbs with 100w lights in them for example. Now we can achieve brighter and better lighting using 20w LED for 400watts. One example from many new ways of making everything more efficient, on that heavy industries will still need massive amounts of power so that's very hard currently to do large scale.. I hope this is true. India really the conditions to successfully use solar and wind power to it's maximum capacity. Then they stop depending on coal and provide continuous electricity everywhere.. I work for the leading wind turbine manufacturer and I know FOR A FACT, that India is the primary focus of all the OEMs atm. USA, because of the wind levels in California, used to be till Trump came in ( I swear this is what one Vice President of the company said, and he's American himself). Now they've had to completely shift focus to India because the size of the auctions are second to only China. The problem is that most of the Chinese auctions are open only to local manufacturers and the rest are still granted to them because of party connections and the like. All this together makes India the prime target, at least for Wind Turbines.. ITT: People with no clue about socio-economic frameworks spewing tired cliches and offering suggestions about optimizing multi-billion dollar investments to a country they probably have never visited.
These are likely the same people who have never set and optimized a monthly budget for themselves.. 500GW renewable and a new power grid. That's really good investment for India becoming independent.."
187,InvestInIndia,Investing in India's Space Program as an Indian expat in the UK,". I'm the director of isro. Will dm you my UPI id. You can send it to me. . the prince of ISRO. Worth noting I have a Zerodha account. Antrix is ISRO's commercial arm, but they aren't public yet, I guess. You can try to find a list of manufacturers that build for ISRO and see if they're public and invest in those.. There are multiple space based startups currently at various stages in the country. One of them, skyroot, even launched a rocket last year with ISRO 's help. If i recall a few more intend to launch rockets in the near future.
You can explore to invest in these firms. They're not ISRO but they're definitely part of the Indian space industry.. . Found below in some whatsapp forward. But in whatever company you invest their revenue from ISRO will be negligible so it doesnt matter if the idea to bet on ISROs success. Its better to donate to some Govt RnD if the idea is philantropy.
🚀 MTAR Technologies: Made core parts of the Rocket engines and core pumps of Cryogenic engines required for take-off.
🚀 Larsen & Toubro: Made critical booster segments, did system integration and proof pressure testing for the Chandrayaan at its facility in Powai.
🚀Godrej Aerospace: Supplied hardware liquid propulsion engines and satellite thrusters
🚀 Tata Advanced Systems: Core manufacturer of Chandrayan 3’s Lander
🚀 Hindustan Aeronautics: Worked on development of lander and key mechanical support equipments
🚀 Bharat Electronics - Chandryaan3’s payloads
🚀 BHEL - Supplied 100th battery pack to ISRO for Chandrayaan 3
🚀 Mishra Dhatu Nigam (Midhani): Critical materials such as Cobalt and Nickel base alloys and special steel for various components.
🚀 Centum Electronics: Large component supplier - makes 300-500 electronics parts for each mission
🚀 Walchandnagar Industries: Supplied components for all 48 launches by ISRO till now
🚀Taneja Aerospace: Builds important structural assemblies for HAL and ISRO for their booster rockets.
🚀Electrosteel Castings: Supplied DI Pipes to the Satish Dhawan Space Centre, Sriharikota. I usually use wise to transfer money but it looks like this is much cheaper. how long does it take for the money to come in? wise is usually instant-15minutes"
188,InvestInIndia,Switzerland and Norway could invest $100 billion in India,"they could also give me a billion dollars.
the question is should they?. The question is Why should we?
They are helping Russia financially.
Russia is attacking Europe.
Seems like a stupid thing to do to invest in India at this point.. Investing is to make money. Norway is not doing it out of largesse.
India is buying Russian crude, refining it and selling it to Europe. China is doing the same thing. Europeans know it but know that there is no way around this because not doing this would cause an economic catastrophe.. Also Island and Lichtenstein (EFTA). They could, yes. But is there any reason whatsoever they should?. It's one of the fastest growing economies with plenty of room for expansion, while reducing China's capabilities.. . I invested $30 in hot wings earlier today. Isn't this article dated?
the EFTA has already been signed.. Damn Norwegians really have some stupid opinions reading this page lol. This is part of the conditions of a free trade deal and India is by far the fastest growing big economy in the world. Norway will get huge returns from these investments"
189,InvestInIndia,Japan to invest $42B in India to strengthen economic ties,"This is so e interesting foreign policy on the side of India and Japan. Sorta reveals the new path India has been trying to go for a while for political and economic alliances. Hope Japan can be a good liaison to attracting investment and ties into India as they’ve been working together for a while if I recall.. Yep, for quite some time japanese and indian governments have been working together, the entire India's bullet train project is funded by japanese soft loans, they are providing us know-how and we gonna use japanese bullet trains on the tracks being built. They also advised indian government for dedicated freight corridor which is almost getting completed and operational now.. Japan is really stepping up 🙏 this is so incredible. I wonder why people find this surprising. It's nothing new, Japan is already the single largest source of foreign investment in India. Japan has been the largest investor in India for many years. This money won't create a new situation, it's just the continuation of many years of policy.
Japanese investment is mostly in the form of low interest loans for infrastructure. Japanese money is being used to build metros in a couple Indian cities, as well as a few smaller infrastructure projects.
Japan does this for two reasons. One is that India is a low-risk destination, having a 70+ year history of never defaulting on a loan. Second, infrastructure loans help create Japanese influence in India, which is useful at a time when the Indian consumer market is opening up. India has one of the largest consumer markets in the world, and this market is growing at a faster rate than any large country. Many countries want a piece of this pie. Honda, Toyota, Suzuki, and a number of Japanese multinationals have a huge presence in the Indian market, and Japanese investment plays a role in allowing them easier entry.. How do you invest in a country?. One example is to invest in their Infrastructure to make production of products easier and faster, therefore cheaper. Then get paid back in both interest and get cheaper goods.. By funding projects there with minimal interest?. Thanks for asking – I would've posted this source instead but the 'crores' and 'rupees' in the headline would've been less familiar to most.
Japan to give ₹3.2 lakh-crore push to economic ties
https://www.hindustantimes.com/india-news/japan-to-give-3-2l-cr-push-to-economic-ties-101647713871946.html
The planned investment was announced by Kishida at the conclusion of the first annual India-Japan Summit in more than three years, and the two sides also finalised seven loans from the Japan International Cooperation Agency (JICA) worth ₹20,400 crore for projects in connectivity, water supply, sewerage, health care, and biodiversity conservation
[...]
The two countries signed three agreements for cooperation in cybersecurity, including information sharing and capacity-building programmes; sustainable urban development, including affordable housing,intelligent transport management and urban flood management; and wastewater management using Japan’s Johkasou technology.
[...]
They also amended the bilateral comprehensive economic partnership agreement (CEPA) to facilitate the export of surimi fish to Japan. They also agreed on theimport of Japanese apples and export of Indian mangoes. At an India-Japan Business Leaders Forum held after the summit, Maruti Suzuki announced plans to build a plant in Gujarat for EVs and batteries and another initiative in Gujarat for vehicle scrapping. The total investments for these two projects will be ₹10,400 crore.
So... basically everything as I imagine there's stuff not mentioned in news reports.. By investing in a country. I absolutely love that Germany and Japan are actually 2 of the many countries actively moving to make the world a better place"
190,InvestInIndia,India is investing more money in solar power than coal for the first time,"“There is a realisation that renewables are quicker, cleaner, cheaper and also strategically in India’s interest because of energy security; it just makes financial sense to invest in renewables,”. This would have happened a few years ago if america didn't cckblock them from building solar power https://independentaustralia.net/environment/environment-display/us-and-wto-block-indias-solar-power-plan,8730. Good job, India!. TIL - 6 of the 10 largest solar plants in the world are in India - https://en.wikipedia.org/wiki/List_of_photovoltaic_power_stations. India making some very modern moves of late. This country is really embracing the 21st century. Going to be interesting to see where they're at in another 50 years.. Good news and well done. I've heard from the NASA report that India is the few countries that lead the greening of the earth.. Meh, media reporting on how life of a billion people getting changed. Why can't media just report one person getting killed by crazy people to show that modi = bad just like bbc.. I guess their current administration led by Modi isn't all that bad.."
191,InvestInIndia,Investment in India,
192,InvestInIndia,I really want to invest in India rn,"OP's username checks out kek. Don't bet on these notional numbers. World knows a history of countries changing, major govt are bankrupting etc. that's why diversification of asesets is needed. You should at least have
One piece of land
Few Gold & Silver coins
Emergency funds
FD
Govt securities
Stocks
Try to pursuade this with this goal unless you are looking for some quick short term gains.. In that priority?. Wait for 5-6% correction. Budget ka wait karo aayega correction and then bulk buy nifty index and wait and watch till 2027. Hi, u/ImIndianPlumber! Welcome to r/IndianStreetBets!
Use the Daily Discussion Thread for basic queries. Before contributing, do check if your particular question has been answered in the Wiki. Do utilise the search function to do the same too. Please use proper post flairs and adhere to the rules in the sidebar. You are urged to post beginner questions in the stickied daily discussion thread or on our Discord in #beginner-questions channel so as to keep the subreddit as clutter-free as possible. If this post has good insights or well research, tag the Mods so we can give a shoutout on Discord and get the post more traction Thank you!
I am a bot, and this action was performed automatically. Please contact the moderators of this subreddit if you have any questions or concerns.. Finally seeing these concerns, I believe market top is being made now. Bear cycle might start.
Anyway, for you OP YOU need to simply invest nifty bees 80℅ and gold bees 20℅ as a hedge for markets. Start in limited quantities and keep increasing.. It's just cool to say ""Bear Cycle"" lol
Give me one logical reason why you expect a prolonged 20% correction in Nifty from current levels?🤦🏻‍♂️. I think we still have some years of bull run. These next years are crucial for India. Then whatever the geopolitical and political situation is in our country that will decide if we enter bear cycle.. And this is when we should realise we are in a totally euphoric superficially inflated dangerously high market.. I don't think. Can you show some numbers of descripancies?? Apart from the fact that the market is doing good for long time?"
193,InvestInIndia,"If Everyone in India Starts Investing Smartly, Won't Everyone Become Rich?",
194,InvestInIndia,Index Investing in India,"I’ve been investing in Indian index funds and based on what I’ve researched, most active funds are not able to beat the large Cap index I.e. Nifty50 over 15 years. Some have come close and a couple may have beaten but not by a lot.
For midcap, the stat is around 83% or active funds aren’t able to beat the benchmark (nifty midcap 150 tri over 10+ years.
The smallcap is where active funds outperform the index.. Thank you for sharing your valuable experience!. Suggest you also pose your question on Bogleheads Non-US Investing Forum.. While I would buy index funds over single stocks I have a few issues when it comes to developing country index funds. This is from a US perspective so maybe you have better
1: What is the expense ratio? A big part of the reason I want index funds are the low cost. I see a lot of developing country index funds at like .75 or higher.
2: Is it really an whole market fund? You always see talk about how the world stock market is about 60% US to 40% non US. However this isn't really true, it is really 60/40 for companies that meet the required standards to be included in the index as far as things like accounting and reporting go. Again still a lot better than a few stocks but I am not sure if I would feel I ""own the market"" with a developing country ETF.. Vanguard isn't known for ""international"" sector funds. Still doesn't offer country funds. But if you are in the US and want to invest there, use fund that is hedged for currency. Currency hedged funds have higher ER. But without currency hedging you could get killed.
For example Wisdom Tree has India fund, ticker EPI.. If you want to invest in Indian stocks passive will still be better probably. I think the SPIVA report includes Developing Countries indices and very few can beat the index just as with the US.. I'm sure you can buy US equities from India.
I'm also non-American. I send money to US and use IBKR as my broker. My local broker do allow foreign equities but charges 0.5% per transaction. It's just cheaper for me to send money to US instead. Thank you I'll check that out!"
195,InvestInIndia,"Breaking News🌟*

$100 billion Investment in India in next 15 years🔥*",
196,BSE,What's your view on BSE?,
197,BSE,Should i buy BSE?,". Take his money and buy BSE.. And gives us some shares. Simple solutions
But father's money is his inheritance. meeanwhile me buying at 550 and selling at 650;
and regretting today. You can never capture the whole move. Just take it easy. If you talk of every uncaptured move it's pretty mood killing. See, you cannot refute buying a stock because its overvalued or you are anticipating correction.
Overvalued? My foot. Every good stock has been overvalued at some point. People buy Asian paints even though at PE of 100. Good businesses will never come in reasonable valuation category. PE re rating has happened, so you will have to buy at high valuation which will only give you earnings growth. Its all subjective though.
Regarding correction - Don't be a fool bhai. Agar market ko time karlete toh baat hi kya thi fir. 2-3% bachane k chakkar me mat raho, sahi business hai, diligence karo, research acche se karo, aur kharidlo. Can build positions in 4 tranches so if it falls you can add more.
Ye correction vagerah ki hoshiyari me 5-10 % bacha loge idhar udhar but long run me bada Paisa nai bana paoge.
Peace.. Thanks a lot bhai. 970 was a good price actually
It’s ATH. in fact almost all stocks are ATH. Point to understand here is - Baap baap hota hai"
198,BSE,Bombay Stock Exchange - BSE,FYI the view from inside the exchange is incredible. You can the docks on one side. Im pretty sure I saw a submarine there once. The exchange has a glass paned staircase on side of the building which provides an incredible view of the bay and the docks.. can I know how one can get entry ?. Toh?
199,BSE,I'm a little suspicious about BSE stock,
200,BSE,BSE fell by 16 % today. Can someone explain this?,"Damn, i thought the market crashed by 16% 💀. I was on my way to stock up maggii in case they announce lockdown again. Time to add some sweets in my bags. He means buy Sugar stocks.. Regulatory fee is likely to be increased on SEBI’s Order. That’s why. Just my my cousin's last working day today in BSE (contractor).. Buying opportunity?. Not if sebi is going to eat their profits, I am unable to understand the exact details.. Bse Ltd down by 15% (CMP: 2708)
This happened after BSE Ltd was asked to pay its regulator fee to SEBI based on the annual turnover calculated from the notional value of its options contracts. Here, it must be noted that BSE had calculated the annual turnover based on the premium value for options contract. Now, SEBI has asked to pay differential amount amounting to Rs. 165cr. In a similar manner MCX has been asked to pay the diffferential amount too.
The big impact on stock is also coming from a downgrade from Jefferies who has downgraded the stock to ""Hold"" from ""Buy"" since the higher fees will impact the EPS.. Money can be exchanged for goods and services"
201,BSE,What's happening with BSE?,"Sensex starting options and gaining much business.. Ha woh pata hai. But pe 90 k around ka hogya hai.. Pumpy dumpy. Pumping started and top supporters are Zee Business and Finfluencers. When dumping will start everyone will sideline. However it is good stock but in too much overbought zone.. Kyuki 2017 me ye share aaya 400 high tha 5 years laga firse 400 ane me aur waha se sirf 150% badha aur usske baad wapis 60% gira and now it's giving good momentum and now PPL are saying it's overbought I don't know y....if u can give reasonable answer pls give me some. Y do u think it's overbought?. Y do u think it's overbought?. Took roids. Started Sensex F&O + Monopoly. Hi, u/Crystalisedorb! Welcome to r/IndianStreetBets!
Use the Daily Discussion Thread for basic queries. Before contributing, do check if your particular question has been answered in the Wiki. Do utilise the search function to do the same too. Please use proper post flairs and adhere to the rules in the sidebar. You are urged to post beginner questions in the stickied daily discussion thread or on our Discord in #beginner-questions channel so as to keep the subreddit as clutter-free as possible. If this post has good insights or well research, tag the Mods so we can give a shoutout on Discord and get the post more traction Thank you!
I am a bot, and this action was performed automatically. Please contact the moderators of this subreddit if you have any questions or concerns."
202,BSE,Is the BSE worth the 17k in comparison to the alternatives?,
203,BSE,I bought BSE at 700😋😋,"Wtf is up with ITI , profit -363 CR returns 100%?. Coz the fundamentals don't matter. The fundamentals or news always reflects later. The stocks move because Big institutions buy it and are interested in it. N they most often know something which we retailers don't. And when the news comes out about it it'll always be too late. The stock would've already moved by then.. Me who bought Suzlon @4 rupees 🫣. How many shares?. I have 3 from this list, REC (profit around 150%), suzlon(180%, started buying at 8rs), bse(110%, started buying around 570 rs).
Even, i participated in right issues in Suzlon. That was my first and last right issue participation.😂. Bhai party?. Rail Vikas and Olektra. Still good to invest ?
Planning to hold for 6 month or so. Lol I've been holding 2850 shares of suzlon at a net price of 22.5 since 2014-15. I've been hodling this stock for 10 years now!!. I was tracking Apar from 2K, bought at 3K, Exited at 5K.. BSE last dekhi thi 700 tha.kya jump hain"
204,BSE,Nse or bse?,
205,BSE,Difference b/w BSE stock or NSE stock..,". BSE is the older stock exchange when compared to NSE. NSE has better share exchange technology, so the new brokers joined NSE. Which made NSE more liquid but if your broker is present in both of exchanges then it doesn't matters to you whether you trade on NSE or BSE. I will recommend if you are doing intraday or trading in small companies then go on NSE. Thank you Hope it helps. Earlier rules were linient. During bull market there would be 100s of companies listed every month. People bough them for listing gains.
Most of these are scams. Now they are just paper companies. Every bullrun these stocks would come out of hiding and become everyone's favorite penny stocks. Promoter makes a good profit by selling his shares. After bull run they go back into hiding. Promoter slowly buys back stock in bear market and wait for next bull market .
Most listings we have now are destined to be penny stocks by next bull cycle.. Yes, that's why whenever I see bse stock I do some reaserch reading balance sheet they look attractive but seeing stocks yearl chart... It looks like pump and dump stocks.... What about long term investing. It can be done on any of the exchange.
Even you can buy on different exchange and sell on different exchange.. Plp"
206,BSE,Noob question: why BSE price is slightly lower then NSE?,
207,BSE,"BSE changes expiry day for single stock derivatives, effective July 1","Now this Is complicating, it will be tough to trade everything going forward with expiries being spread across calendar like minesweeper.. BSE does not have stock derivatives. All stock derivatives currently are by NSE. So this basically means that BSE is also going to introduce stock derivatives. Otherwise this news does not make sense.. Exactly. Main wahi soch raha tha ki BSE par stock derivative kab se aa gaye !. Weren’t there news months ago that BSE was going to start derivatives? That was the only reason for stock to rally up 5x in last year.. Saala, for an average retail investor, all this looks more tougher to interpret than Sanskrit, heiroglyphs. Seems like reading the Voynich Manuscript.. Don't criticize changes right off the bat.. Think of the opportunity.
Go Short on BSE options and hedge it with long on NSE. Theta on BSE will decay faster 🤑🤑
Wonder if margin benefit will work... 0:00
0:00
0:00. Very good...now start kolkata exchange too ,so that one more set of expires can come. Hi, u/Low_Comparison_1906! Welcome to r/IndianStreetBets!
Use the Daily Discussion Thread for basic queries. Before contributing, do check if your particular question has been answered in the Wiki. Do utilise the search function to do the same too. Please use proper post flairs and adhere to the rules in the sidebar. You are urged to post beginner questions in the stickied daily discussion thread or on our Discord in #beginner-questions channel so as to keep the subreddit as clutter-free as possible. If this post has good insights or well research, tag the Mods so we can give a shoutout on Discord and get the post more traction Thank you!
I am a bot, and this action was performed automatically. Please contact the moderators of this subreddit if you have any questions or concerns."
208,BSE,BS ECONOMICS,"Kaya mo yannn! Ang math lang naman sa econ ay algeb, trigo, math of econ, and integral & differential calculus. Kaya naman syang aralin and hindi naman ganun ka strict yung mga prof sa math, goodluckkk. Nambabagsak po ba mga prof dito? Magagaling naman po ba sila magturo? Huhu. hello po! question lang po ulit huhu besides maths po ba, napah aralan nyo rin po ba yung mga economic issues ng bansa? Like yung mga concepts/theories and such po?. Hello po bse 1-4 po ba kayo?. Hello po! Ano pong strand nyo nung shs? I'm also planning to take BSE and takot rin ako sa math😭. Also, mahirap po bang makapasok sa BSE ng PUP? Kamusta naman po yung experience nyo, kakayanin naman po ba yung math? huhu"
209,BSE,Is BSE and Kotak Bank at good buying levels?,"Hi, u/Desperate_Fail_3981! Welcome to r/IndianStreetBets!
Use the Daily Discussion Thread for basic queries. Before contributing, do check if your particular question has been answered in the Wiki. Do utilise the search function to do the same too. Please use proper post flairs and adhere to the rules in the sidebar. You are urged to post beginner questions in the stickied daily discussion thread or on our Discord in #beginner-questions channel so as to keep the subreddit as clutter-free as possible. If this post has good insights or well research, tag the Mods so we can give a shoutout on Discord and get the post more traction Thank you!
I am a bot, and this action was performed automatically. Please contact the moderators of this subreddit if you have any questions or concerns.. Remind me in 1 day!. What?. Kotak bank — yes BSE — in case an options regulation comes post elections both nse and bse are dead.. Why so?"
210,BSE,Potential multibaggers ?,
211,BSE,FM Nirmala Sitharaman Stumped By This Question At BSE by stock market investor,"Sucks to be middle class.
Whatever my dad used to complain about, I do the same. Paying taxes since generations.. Sucks to be middle class.
I would say, ""Sucks to be a tax-paying middle class."". Good question actually, what does she mean by cannot answer, she is the finance minister.. Out of syllabus question. She is a non-chalant, egoistic personality ever seen I hate her from the depth of my heart.. I will say this again, NS sucks as FM. Some will say she stabilised economy during COVID-19 but that was more because of foreign policies and less because of economic steps. Jaitley was a much more capable FM than NS. See took a serious question very lightly and jokingly refused to answer it. Sad and disappointed 😔. Sad state of affairs. The working class is getting taxed to death. I am paying 30% tax on my income and 10-20% on indirect tax. I used to play poker as a side hustle to earn some money. Now govt wants 28% GST on all the deposits I make on poker platform, 30% TDS on any kind of profit, any losses wont get carried to the next financial year.
And then we have wadapao wala, anda bhurji wala who owns 2-3 flats in metro cities like Pune, Mumbai.. Tax on poker/gambling is weird. They tax the profits but will not give you any tax allowance for the losses. It is like nitpicking where to squeeze money out of people.
UK has no taxes on gambling for this reason (of course there might be lobbying too). Either don't tax the profits or give tax allowance on losses like you do with stock trades losses.. India have the most complex and the worst tax system in world
Edit: Taxes on automobile is something else, Tax varies according to engine capacity, weight of the vehicle, length of vehicle, petrol/diesel/electric have different taxes, also vehicle taxes varies according to state you belong, some special category or luxury category vehicles have complete different taxes. Few gov policies are affect the prices of vehicle if it is electric/Hybrid. This is just a top of the iceberg.
What about taxes on day today items, food, consumables, cosmetics, medicines, businesses, services...etc. Yes it is complex for the common people, unless you dedicate yourself to learn it. Taxes are complicated compared to other countries"
212,BSE,BSE: 'Mad cow disease' case found on farm in Scotland,
213,BSE,BSE indices have 15 minutes delay on Tradingview,. BSE realtime data is paid. You will have to get their BSE subscription to get realtime data for all BSE instruments. how do you get the paid subscription?. Paise lagte uske liye Subscription lo aa jayega. You have to take paid version. 15 minute delay on BSE. Yesterday broker charts had issue with first candle in futures apparently. For NSE it is updated every 5 seconds and broker charts are updated every second. First candle opening price has issues.
214,BSE,sedan när var bse vänster kompis?☺️😊🥰,". . Det har han ju alltid varit. Bamse har alltid vart kommunist.. Bamse är en liten mesig låtsas-kommunist.
Fantomen däremot! Han beväpnade självstädighetsrörelser i Afrika i kampen mot dem koloniala förtryckarna!. King. Bamse är sosse. Bamse har ju alltid varit kommunist. Kamrat Bamse. Bamse har svenska värderingar."
215,BSE,super duper NOOB: NSE or BSE for beginner? Tax difference?,". BSE is Bombay stock exchange, the og. The largest 30 companies listed in this exchange weighted according to their market capitalisation is sensex.
NSE is national stock exchange, the relatively newbie. The largest 50 companies in this exchange weighted according to their market capitalisation is called nifty.
No practical difference between the two, you can buy at one and sell at the other provided the company is listed in both the exchanges. And no tax difference at all.. NSE and BSE are just two of the largest exchange in India. There are few smaller ones as well. No difference between them when it comes to your holdings. The stocks are held in electronic form in your demat account and you can buy and sell on either exchange or combine the two as in buy in bse and sell in nse
If there was (hypothetically) a price difference between the two, then you could make money using Arbitrage. Do you want to learn investing or trading?. That's a very good question hehe. Investing for sure. I am not cut out for day trading. Am just in this game to make better returns out of the money am saving.
There is a general trend online to say BSE is better for holding on to your stocks for long term and NSE is better for day traders. But why is that ? Something to do with volatility?"
216,BSE,A plea to BSE adoptees,
217,BSE,BSE sensor EV,
218,BSE,Bhenchod. Band hi krdo na NSE/BSE ko. Na rahega baas aur na bajegi bansuri.,
219,BSE,CEMFI vs BSE,
220,BSE,Finance Minister Nirmala Sitharaman Stumped By Audience Question At BSE Event,"She can get stumped, bowled, wrapped on the pads...she is not going to lose her wicket. It is better for my mental health if I pretend that she doesn't exist.. A disgrace on south India. Are investors and brokers paying too much taxes in India? At a recent event in Mumbai attended by Union Finance Minister Nirmala Sitharaman, a broker questioned the fairness of the tax burden on investors and brokers in India.
He said while investors are putting their money at risk, it is the government that is reaping returns. The broker called the government of India a sleeping partner, drawing a smile from the finance minister.
“When we are putting a trade for a retail investor, you are attracting a number of taxes- GST, IGST, stamp duty, STT, and long-term capital gains tax… so today the government of India is earning more than the broker,” the broker said at the “Vision for Indian Finance Markets” event at BSE in Mumbai.
He said investors and brokers are risking everything, including money and staff costs. “I am taking a whole lot of risk, and the government of India is taking away all of the profit… you are my sleeping partner, and I am the working partner,"" News18 report reads.. Sitharaman responded to the broker’s characterisation, saying, “A sleeping partner cannot answer sitting here,” drawing laughter from the audience.. Remember that guy is sane and will never commit suicide. Her face remind me of my school HM, who was always angery and looked at us as some sort of criminals. Worst Fm in the history of India.. They've really lost all talent on how to answer genuine questions.. There has to be one to having lost it.. Is she on meds? All the arrogance and anger is missing. Or is the hubby on meds (iykyk).. Not just while trading,the public are being looted in every purchase we make. BC now i understand why some people prefer only cash transactions"
221,NSE,Nse or bse?,. NSE always. More liquidity. But doesn't matter coz you can buy and sell at any of them. But if you looking to trade then 100% NSE.. How do i invest in US stocks like apple and Google from India. Do not consider stocks that are listed only on BSE. They are always risky and trade on very low volumes. Look for stocks that are listed on NSE and BSE.
222,NSE,NSE symbols non tradable in paper trading,"Make this post category to bug.. Its due to the Tradingview Leap Trading competition going on.
https://www.tradingview.com/the-leap/?source=community. I got following response from TradingView..
""Hello!
Thanks for reaching out.
I am afraid that due to the peculiarities of legal regulations on using data on Paper Trading accounts in India, we have to temporarily restrict access to Paper Trading in this jurisdiction. 
However, we are studying the options to restore the functionality in the future. 
It affected only NSE symbols, other tickers remained tradable. We are checking the possibility of closing the running positions on these symbols automatically at the moment. 
We appreciate your understanding. 
Kind Regards."". Absolute hypocrisy from a bureaucracy that knows nothing but to tax, over tax, penalize and stunt the retailers to fullest. If they are really concerned about losses, they must let people practice.. According to the information that we have received, NSE symbols can not be traded on Paper Trading accounts, as it contradicts the NSE Data Sharing & Usage Policy. The link to the document is available here. So we had to stop the support of these symbols on TradingView Paper Trading.. Got latest update:
""Hello!
We have double-checked and received information that NSE symbols can not be supported on Paper Trading accounts, as it contradicts NSE Data Sharing & Usage Policy. The link to the document is available here
I am afraid that trading these symbols can not be restored in the future. 
We appreciate your understanding. 
Kind Regards.""
It referred to this NSE PDF document..
https://nsearchives.nseindia.com/web/sites/default/files/inline-files/NSE_DataUsageandSharingPolicy.pdf
So long NSE paper trading... same here, not working on any nse symbols.. suddenly all symbols removed from paper trading. Another great move!. I was looking for same thing, why the heck did they make this move, I thought I had a glitch. NSE symbols can't be traded but MCX can be traded.. I hope this is a temporary issue.. same here"
223,NSE,NSE Unlisted shares,". Make sure you buy the shares with single SPA(share purchase agreement). If you are getting a mouth watering price from your dealer make sure the shares are not double SPA because that will take forever to hit your account and lots of volatile events in 2024 which may bring the price down while you can do nothing
About platform: do research and choose a reputed dealer.
Dont use : Trade Unlisted/Analah capital( if the share price goes high then they will return your money and fail to deliver)
Dont use : UnlistedKart( They will overcharge you like crazy)
I will not recommend any dealer because I dont know anyone who is clean in this business. All their margins are huge and operate like a mafia.
All in all advice: Trade unlisted shares only if you know exactly what you are doing otherwise there are many good shares in listed markets which can provide same or better returns.. Cal at 92 65 211 815 for intraday and positional trading Ti ps.....Mcx Gold only on prof it Shari ng basis . Bro unlisted share prices buyers and sellers decide karte so fair price milna bahut muskil hai. Nse is trading over 3k it's very risky and lot mai buy karna hota hai unlisted share. That too 100 lots :(. Any seller available currently to sell shares of unlisted NSE. Yes. It’s available with various unlisted brokers.
Precise (lead off )
Planify
Unlistedzone
Etc….
Buying other unlisted shares in easy but NSE has a long process. So talk to your broker on the time line before buying."
224,NSE,NSE Symbols not tradable,"is this a permanent move?. facing the same issue. same issues...please tell me solutions. I think I found a reason for this, they have started their paper trading competition in which only few asset classes are allowed. So for a month now, they might have locked all the other assets for paper trading.. This issue has been resolved, at least for me.. According to the information that we have received, NSE symbols can not be traded on Paper Trading accounts, as it contradicts the NSE Data Sharing & Usage Policy. The link to the document is available here. So we had to stop the support of these symbols on TradingView Paper Trading.. Any news on BSE Symbols ? like i bought tradingview premium and even paid for BSE's data plan . I was able to papertrade till 28th May 2024, then from 29th onwards it says symbol not tradable :/ :/ :/ ... i am not a real trader (yet) and since last 3 days i am unable to do papertrading. And being a paper-trader i literally bought the paid plan as well as BSE's Data plan to paper-trade only ;_; ;_; ;_; . See in the image attached below you can clearly see it was tradable till 28th , but from 29th onwards it says not tradable symbol (even though i paid for BSE's data). If this is permanent, i need to get in touch with Tradingview's team, cuz this is literally why i bought the paid plan and i would demand a refund for remaining months if this is not resolved soon.. ALSO , I am unable to do any trading of NSE symbols using Motilal oswal , and also nt able to paper trade on BSE symbols. Has papertrading totally been discontinued ?"
225,NSE,NSE Major Update,"Not sure I’m a fan.
Passed my nse 4’s in 2018 and 2020. My nse7 enterprise firewall in 2020. Now I need to redo both nse4 and nse7 instead of learning new products.
Edit: After reading the fine print it seems like it’s not that bad after all.
Under the following conditions: You passed one or both exams on or after October 1, 2021. You passed one exam no more than two years before the other exam.. There is definitely some sense in this new structure.
Read the descriptions and requirements very well.
For FCP-NS a single NSE4 would not suffice anymore, this will need an additional NSE cert.
NSE4 on it's own is still a valid cert, only won't get you the FCP status.
For partners that are required to have a certain amount of certified engineers , this would mostly mean that they need their engineers leveled up to the appropriate FCx.. Looks like they're following Cisco's structure.. More like an industry structure, Juniper has a similar structure, Brocade (before Broadcom) did something similar. This changes will take effect in late 2023. Right now im on my NSE4 training.
Will this Changes effect the exam or certificate in any way?. If you pass before the new changes are made, your nse4 will transition into the new program.. The linked website provides the abbreviations: FCX, FCE, FCP, FCA, FCF. Ok, i finished my NSE7 Enterprise Firewall in October last year. Is it correctly understood that i would also need NSE7 SD-WAN or NSE7 LAN Edge to get a FCE certification in Network Security on October 1st 2023?. Hope they invest into training material as well, that robotic voice and slides are the worst"
226,NSE,NSE unlisted shares.,
227,NSE,Just passed NSE 4!,"What learning resources did you use , also isn’t nse type certification gone?. I used the online course on Fortinet's training website, used the hands-on labs, and practice tests found online.
NSE certs are still around. They just restructured the certification program. NSE 4 is a requirement for the FCP. https://training.fortinet.com/local/staticpage/view.php?page=fcp_network_security. Congrats man! I'm studying for mine now.. Congratulations!. Congrats! :). Gratz. Congrats! Onwards and upwards! 😊. Grats!. Congratulations! Who's next?
What are you going to do to get your FCP?. 🎉 congratulations. I narrowly failed mine last week. will try again next week."
228,NSE,NSE and FCF,"Fortinet changed it's certification structure on October 1st. Both are the same, but maybe they're still adjusting the trainings to match the new names. You can find detailed information here
But basically:
NSE1 + NSE2 = FCF
NSE3 Replaced by Fortigate Operator = FCA
NSE4 + NSE5 or NSE6 = FCP
NSE7 = FCSS. NSE3 is gone and doesnt transfer to the new certs, the FCA is new and requires the new ""Fortigate Operator"" course. This is my understanding of it anyway.. Also some of the NSE7s require 2 NSE 7 exams. NSE1 + NSE2 = FCA
NSE3 doesn't exist anymore. FCA is awarded for completing the new Fortigate Operator course.. Thanks for the clarification. NSE1 + NSE2 = FCF NSE3 Replaced by Fortigate Operator = FCA
Are FCF/FCA worth it? Apparently they're free and people say free certs aren't worth anything. I'm doing my CCNA and I think a cyber cert would go well with that.
Also, how do I list the FCF/FCA as a cert? Is it the same thing as saying I have NSE1 + NSE2?. I have done NSE3
It equivalent to FCA?. FCA I assume"
229,NSE,Unlisted Stocks - India,"Never buy from the grey-cum-unlisted market unless you get the right price and your valuation game correct.
I did buy Delhivery stock pre IPO and the company slashed IPO price by more than 50%. Moreover, there is a lock-in-period of 6 months which means you can't sell your stocks for 6 months starting from the date of allotment of IPO shares. This is one of the ways of selling at higher price to retailers by PE and Fin Institutions.
Note- One can't buy single share from these market places. One has to buy in lots. How do u liquidate shares?. When it’s ready to list or you need to work with the broker. FYI you have to be careful with this . Reliance retail pulled a fast on everyone. The valuation got expensive . Later reliance bought those share back at much less valuation. There was nothing shareholders can do .
Also csk is not gonna get listed. NSE @what rate?. 4700. I knew I would never get tata tech ipo bought it from grey market for 800 rupee lol it opened in 1200 and I sold it 50% return. How did you sell because it's still in lockin period. I also bought Tata tech but still waiting for lockin period to end so that I can sell. Hi, u/Classic_Project_1502! Welcome to r/IndianStreetBets!
Use the Daily Discussion Thread for basic queries. Before contributing, do check if your particular question has been answered in the Wiki. Do utilise the search function to do the same too. Please use proper post flairs and adhere to the rules in the sidebar. You are urged to post beginner questions in the stickied daily discussion thread or on our Discord in #beginner-questions channel so as to keep the subreddit as clutter-free as possible. If this post has good insights or well research, tag the Mods so we can give a shoutout on Discord and get the post more traction Thank you!
I am a bot, and this action was performed automatically. Please contact the moderators of this subreddit if you have any questions or concerns."
230,NSE,super duper NOOB: NSE or BSE for beginner? Tax difference?,". BSE is Bombay stock exchange, the og. The largest 30 companies listed in this exchange weighted according to their market capitalisation is sensex.
NSE is national stock exchange, the relatively newbie. The largest 50 companies in this exchange weighted according to their market capitalisation is called nifty.
No practical difference between the two, you can buy at one and sell at the other provided the company is listed in both the exchanges. And no tax difference at all.. NSE and BSE are just two of the largest exchange in India. There are few smaller ones as well. No difference between them when it comes to your holdings. The stocks are held in electronic form in your demat account and you can buy and sell on either exchange or combine the two as in buy in bse and sell in nse
If there was (hypothetically) a price difference between the two, then you could make money using Arbitrage. Do you want to learn investing or trading?. That's a very good question hehe. Investing for sure. I am not cut out for day trading. Am just in this game to make better returns out of the money am saving.
There is a general trend online to say BSE is better for holding on to your stocks for long term and NSE is better for day traders. But why is that ? Something to do with volatility?"
231,NSE,Want to invest 20k for long term. Should I buy tata motors now? Or any other if please give suggestions I am new to this. I only hold 1 share in my portfolio...,"Bhai, nobody is an professional investor on this subreddit. Please dont trust stranger's opinion to invest your money. Put it in a mutual fund. It will be safe there. You can invest slowly and wait for profit booking. So do one thing. Each time tata motors dip by 1.5% in a day. Invest a big chunk and then keep doing the same on each down side. You can start your own sort of sip which I do with most blue chip stocks.. Biy one of these TCS, ONGC, ZOMATO , ADANI PORTS, FIRSTSOURCE. Do firstsource still has energy to go upside watching it since 6years in consolidation. A friend asked a similar question recently. I suggested him to buy 30 shares of Bharat electronics. Have a look at it. Company debt me hai. Get dvr instead ... Go for SBI. if u promise to not check ur portfolio everyday and forget about the app which u use, yes invest in tata motors and take a look at it after 5-6 years.. Go for nhpc ,avantel ,hbl ,suzlon , samvardhan mother son , ioc"
232,NSE,Any other reliable historical data API for NSE/BSE?,
233,NSE,I can't believe NSE invited Darius to canvassing...,"NSE haters I know you're reading this. Explain your malfunction
I read that NSE was bad and so I thought she was bad and so I clicked the vote button to express how I then thought she was bad.
Now you are telling me that NSE is good so I am just now beginning to think she is good and I will upvote this post to endorse this revelation.. This is all so confusing to me i’m just going to wait for destiny’s take. There is a vod of the conversation a week ago, but I'm not digging through them.
Here. Thank you.. Guys its also my birthday be nice to meeee <3. We want you to kill Darius at your earliest possible convenience ♥️. Don’t tell me what to do you lying jezebel, I heard you invited Darius to canvassing even though Destiny didn’t want him, and then you held 4Thot at gun point and forced him to make this post.. Happy birthday! 🎂🎉🎈🎊. People have that impression because NSE ""announced"" Darius was coming while listing other streamers that would be there, and Destiny reacted to that in a way that seemed surprised and against it.
Maybe his reaction was more related to him being announced like that and not him just going.
Or he forgor. Yeah I saw that live. I assumed Destiny disapproved of Darius being invited based on his reaction but nope, turns out he invited him himself lmao"
234,NSE,NSE Exams,"One you have access to the training portal, you can do NSE 1-3 for free. NSE 4 is like a CCNA exam, it needs to be done through Pearson VUE.
I did my NSE 7 training course this week actually, with intent to sit the exam early next year.
I would highly recommend doing the training courses if you work with Fortinet products often. NSE 1-3 covers the larger product suite/security fabric whereas NSE 4 and 7 specialise in FortiGate specifically. The intermediary numbers cover off other products such as mail/web/ADC, etc.. NSE training includes 8 levels. Levels 1-3 are designed to help develop understanding, knowledge and skills and can be completed in just 1 day. Levels 4-7 focus on a more detailed technical understanding of network security and take approximately 3 weeks in total to complete.
To earn certification at each of the levels, you must pass a series of tests or an exam:
For NSE 1-3, the tests are incorporated into the self-paced learning packages that are hosted in the NSE Institute.
A third-party vendor, Pearson VUE, proctors the exams for NSE 4-7. You can register for these exams online.
To become NSE 8 certified, you must pass the written exam hosted by Pearson VUE, plus a practical exam hosted by Fortinet.
Overview: https://i.imgur.com/8QxFDco.png
Sales Training: NSE 1-3
NSE 3
The brand new NSE 3 FortiNAC training and NSE 3 FortiGate High End training are live.
These trainings consist of two lessons and a quiz. Lessons include:
Product Overview
Sales Enablement
Technical Training: NSE 4-7
NSE 6
FortiNAC course is available as a classroom and vILt training
NSE 5
FortiAnalyzer and FortiManager will be released in 6.0: coming soon
FSIEM 5.0 exam coming soon at Pearson Vue
NSE 7
Two new tracks have been introduced:
- Advance Threat Protection: a two-day training. 
- Secure Access: a two-day course 
- The NSE7-ATP exam is available at Pearson Vue and the NSE 7 Secure Access will be available soon. We recommend that the candidate attends at least one of the three tracks and successfully passes at least one of the exams at Pearson Vue.
How can you achieve NSE 7 certification?
We recommend the candidate to attend at least one of the three tracks (Enterprise Firewall, Advanced Threat Protection, or Secure Access) and successfully pass at least one out of the three NSE 7 exams at a Pearson VUE testing center.. When I took the NSE7, it was like half routing questions (OSPF,BGP). While Ive taken every NSE test except 6 and 8 , I felt I learned very little from them The training material is ok and you can learn some decent theory. But Nothing can substitute for getting a few lab FGTs and jumping into the CLI and going to town. Maybe even request a Fortimanager demo license.. I have done NSE4 and portions of NSE6, I will add 5 and 7 after completing 6.
The material for partners is pretty good, even if those and the exams are lagging behind in version numbers. All of those tests are Pearson Vue versions. NSE 1-3 are basically sales stuff, not really required.
Basically 4 is for firewalls (material for 6.0 available), 5 is about infra (managers, analyzers, collector roles), 6 is about different technologies (waf, authenticator, ddos etc.), 7 is for deepdiving certain tech and 8 is for hardcore (there are only three in my country) and requires on-site lab exams as well.
So you pick what you need. If you are a partner, you should check what is required for you. Partnership allows for free NSE materials so you basically only pay for tests, if you base networking skills are up to it.. We're a partner.
NSE 1-3 are sales-y. They talk about specific products and their features and how they stack up to others in the industry. NSE 4 is a single exam, firewall administration. The online courseware is actually pretty decent - passed the exam using only their courseware and some tinkering/hands-on with a 60E. They sent me a free FortiWifi 80CM when I passed. Once you pass NSE4, you can take subsequent certs in any order, or skip some entirely. NSE4 is the only pre-req to NSE5-8.
NSE 5 is fortimanager and fortinanalyer - very useful backend tools if you're deploying a bunch of firewalls (but $$$) - I've done the coursework but not the exams (2) for NSE5. NSE6 is other tech, with like 8 different topics - you have to test on 4 of them to get the cert. NSE7 is what I'm working on now - advanced firewall troubleshooting. It's mostly CLI stuff and learning how to interpret Fortigate logs and packet captures. NSE8 is rare air - in the US, there are less than 10 to my understanding. Takes crazy amounts of prep (2 years?) and you have to fly out to a physical lab environment and build out an entire FortiInfrastructure using all of their technologies. Exam costs like $1600.
NSE4 has proven useful. I think NSE7 is going to be more so.. Yes, NSE4 and 7 study material actually provides useful technical info you will use as a partner.. Having been through NSE4and NSE7, 4 is useful really only to formalize what you probably know already if you've been using the kit for a year. 7 has some good stuff on routing and debug that I found more useful.
Also, if you go on the partner track, you need certain numbers of NSE4/5/7 for the various partner and discount levels.. We Just bought 80* Fortinet 61E + Fortimanager and Fortianalyzer and will roll them out next year, replacing our old End of Life Cisco ASA 5505 and later 5506.
So i am interested in this topic too. Already got the recommendation to do NSE 4&5 for firewalling / Administration / forti Manager.
Dont know if i should wait until those certifications are in to version 6. Because we will do our Rollouts with that Version as soon as they are stable. (V 6.04/.6.05?)
Ans way to do the little NSE 1-3 online / per Webinar before i start with NSE 4 Training ?. Version 6 exams should be available already: https://home.pearsonvue.com/fortinet. I just completed NSE4 training this week. I found it to be very worthwhile. The FGT appliances are so flexible it was great to go through a lot of different use case labs.
It was great to spend a week with other like minded individuals and share/discuss scenarios and issues.
Will be taking the exam in the new year and looking to doing some NSE7 exams as well."
235,NSE,"Most preferred Unlisted/Pre IPO shares from June 2024
","Not sure if you guys have any idea how popular NSE shares have been among the HNI investors since the last 5-6 years. Every big investor has NSE in their portfolio. (I know personally) And rightfully so. NSE has an Ebitda margin of 80% and pat of 50% with spectacular growth year on year. It's an insane company.. No idea about that but I do know they have regulation irregularities and that is why SEBI isn't listing them anytime soon till they fix that. This is verifiable public information.. Urban Tots is an Indian brand?. I've been seeing OYO on that list for so many months now. You can start another stock market with these stocks and keep the imaginary gains which might be better than the actual listing gains.. Any reliable platforms to invest in preipo markets?. Planify, UnlistedZone. waaree is already listed?. Waaree Renewables is listed. Waaree Energies is unlisted.. Noob here. What is unlisted pre ipo shares? How can we invest in them? Are we going to be considered venture capitalists?. No. You are buying these shares on the secondary market. Your money isn't directly going to the company. If you were giving money to the company for shares, you would be the VC but usually this happens in chunks of 1 Cr. Here, you are buying shares from a VC or HNI who wants an exit."
236,NSE,Is it really worth getting NSE certified?,"If your company is a partner then they are required to have so many certified people to stay a partner. You being certified should be something of value to them. It may also help with future jobs as well.. Your experience and performance are more likely to increase your salary before a piece of paper with a tick on it ever will. I've never hired people for my team based on their certifications, and I've never wanted to work a role where certifications are held as a minimum criteria for employment (e.g. a Bachelors minimum). Those working environments strike me as far too rigid.
It really comes down to your intended role. If you want to be good at what you do and you want to be able to prove it, and your role is Fortinet-centric then NSE is a good idea. Same way I'd recommend you also get a PAN cert if you work across both, or Cisco or CP for that matter otherwise.
You're never going to be ""less employable"" for it, though I would personally be sceptical if using it as bargaining chip for a foot in the door or as the sole means for a salary increase. It might be okay for lower level roles where that is literally your bread and butter, but in my experience, any ""consulting"" and above type role is generally based on the sum of your experiences and you as a person more than anything else. Fortinet or any other vendor for that matter will likely just be a constituent component in a larger solution which you'd need to address in the majority of situations otherwise.
Never underestimate the worth of your ability to sit down and talk to an employer and explain your background and previous experience. If a consulting/architect role is where you want to end up, you need to have the same personability to them as you would customers and this tends to carry more weight than having certain certifications ever will.. Anecdotal thing, but I was able to get an all around better job because of my NSE4 certification.
And regarding your question: If you are already going through the material why not go for the cert too (assuming your employer pays for the exam cost)? It doesn't hurt and at least the NSE4 isn't too difficult either.. I'll agree with the points already provided by other posters here. I'll add in ""what is the best return for your time investment?"" It's going to take your limited ""free"" time to study for the NSE4. Could you use that time instead to study for a different certification that will have a better return for your investment?
+1 to HappyVlane - If you plan on learning a large chunk of the Fortinet OS anyway, why not use the exam guide as your learning template and then for the few extra $$ of the test have something to show for your effort. Preparing for a test also helps keep people motivated and focused."
237,NSE,NSE explains the Bridges situation,"Sorry for watching anime instead of researching this, but can I get a QRD?. Big subreddit ban spree on a separate post regarding Bridges making VODs member only. notsoErudite explanation for the same. I don’t know why you guys take this at face value when destiny said she’s trying to save up for a yacht???
e: wow, banned for just asking a question. I can’t believe he outed me like that. vaxxed?. You fell for the bait OMEGALUL. Can't they just watch it on kick? Why are people bitching.. What was the explanation for livestreaming it? It just cannibalizes the views for no apparent gain unless they've got a setup with a lot of donos.. It is a little different from what I'm used to, usually you get pre recorded podcasts that are edited prior to upload, or podcasts broadcasted live where the VOD then becomes the main upload. I'm not sure I'm aware of any that essentially do both, but I can understand the desire to have a well edited version for the reasons NSE mentioned.
It does some cannibalize views absolutely, but I think it's early enough that there are other things to worry about. They might have plans to introduce more live broadcast features (donos, live questions, whatever) but it could also be a temporary thing until they really nail the live format, then the edited version might not become necessary.. Everyone who was crying, making a big deal about this, deserves to be banned."
238,NSE,What does NSE stand for?,Non sausage episode.. New sexual experience. I always thought it meant non-sausage episode but IDK. not sausage episode. Nice Sweaty Earofcorn. Not safe for eating. Normally sour eggplant. Non Sausage Episode. I think he said it in the description box or comments of the first NSE.
239,NSE,YoU got A liCeNSe For tHAt?,"I love how the entire world seems to think that the UK is only England. The 4th came from Zuckerberg. Okay, we haven’t spoken like that since 2014. It’d be more like “Ay G, I’m feeling that cut, still.”
Source: From East London.. Then America: I LiKe YoUr CuT G. As a Brit I can confirm. As a brit i give this stamp of aproval. Irish. Hey. I like your haircut.. Oi bruv that's a fresh trim innit shank"
240,NSE,NSE 4 Attempt any Advice?,"To be honest, I would prepare yourself for taking the test a second time. I got a 68 (70 to pass), I shit you not, the first time I took it.
I took my NSE4 7.0 after working with the platform for about a decade. The first time I took the test, I studied as you did - took the practice test a bunch, and studied. The issue, for me, was the product documentation, the course material, and the practice test covered topics well but did not cover the all the types of question asked. There's 120 questions, you will get 70, IIRC, at random, FYI.
Some are like, what's the value 17 mean in the packet type? You might know what UDP is, how to use it in policy, etc. but I wasn't expecting to have to know the value associated with the protocol within a packet... The questions asked may not be something DIRECTLY covered in either the practice test or the coursework. I find this test more akin to a CCNA or other 'technical' certifications. Some even call the NSE4 the 'CCNA of Network Security.'
If you are good at test taking and can infer information outside of context, you'll probably pass first time. Regardless, spend your last 2-3min in the exam trying to remember the questions that were really hard, research them, and then you will be more prepared for the next time.
You won't really know until you take it. Afterwards, look for practice tests from older versions and see if there's any topics that are revealed that way, too. You can also find similar questions to the test on cert prep practice tests.
I agree with u/lynkeus - with anything it's a leap of faith. Try to get someone else to pay for the test if you can... multiple tries gets up to a grand pretty quick.
edit: spelling. This is what I am afraid of. Being gotten by some obscure question like the one in your post. There doesn't really seem like there is a whole lot of material out there in regards to nuanced questions that may be in the exam. The trainings make it seem like you just remember the overall arching info about FortiGate's, but there is no way it is this simplistic. Would you say taking the CBT nuggets courses may help?. Some are like, what's the value 17 mean in the packet type? You might know what UDP is, how to use it in policy, etc. but I wasn't expecting to have to know the value associated with the protocol within a packet
Everyone working with a layer 4 device should know what 1, 6 and 17 are in terms of protocols.
Some even call the NSE4 the 'CCNA of Network Security.'
It's not in any way and I never heard anyone say that. There isn't a lot of general knowledge in the NSE4. It's mostly vendor-specific and assumes you know the basics, unlike the CCNA which covers a lot of basics.. Practice exam is a pretty good representation of the real deal. If you didn't score 95+% on it, you would probably want to study more.
I used the official study guide exclusively and passed on my first attempt. No prior Fortinet experience.. Get really good with sessions in the cli, ha configurations, fw policy’s and fsso. In my experience these were the hardest domains but I did had 3 years of experience prior to my exam, just from an administrator perspective though no cli or implementation during those 3 years.
I only took it once and almost aced it. Cbtnuggets and gns3 def helped me a lot to lab things I hadn’t worked with.. Your post was removed as it is in violation of one or more of our subreddit rules.
We do not permit the posting of brain-dumps or exam answers. These are detrimental to the value of the NSE qualification system and undermine its esteem.
Please review the rules on the side-bar of the main page on r/Fortinet.. Leap of faith man.
But mind you training materials in training site alone won't make u pass the exam. There will be questions from the docs and knowledge base too.. It really is that simple."
241,NSE,✨Entering her DiNSeY ErA✨,". Gabe would literally croak. He can croak with his sister. Right! Hell we are talking about her being pregnant but she would probably do better than him. He would definitely not make it. OH PLEASE FOR THE LOVE OF GOD!!!!!!! I can’t handle anymore Disney trip questions.. Why in the absolute FUCK would you book a Disney trip BEFORE you have your child?!?!?!??!! Why not wait until you can take your kid there?!!?!!?. If you think for one second you are going to Disney with Sierra, you are not. Your doctor is not going to allow you to go four states over four weeks before your due date.. Especially in the Florida heat. You’re asking for something bad to happen.. She can't even go on a 3 day trip without coming home early. How is she going to go to Disney?. There’s no way Gabe would be able to go. He would die from all the walking and wouldn’t fit comfortably on rides."
242,NSE,Received email from zerodha to verify mobile/ email at nse kra but nsekra.com doesnt have option to verify.,". Hi Have you got answer from any one as I am facing same issue. Nobody pick up the phone. Hi, we're in touch with the NSEKRA regarding this issue. In the meantime, you can complete the Re-KYC process using Aadhaar as explained here.. Nope. No answer from anyone nor any help online i could find. Thinking of sending email to zerodha. Govt websites sucks a lot.. Having the same problem, have opened a support ticket with Zerodha now. Waiting to see if they can help.
Please let me know if anyone has managed to sort this out. Thank you.. Hi, we're in touch with the NSEKRA regarding this issue. In the meantime, you can complete the Re-KYC process using Aadhaar as explained here.. Same here. Unable to validate the mobile/email and no response from Zerodha. Cant reach them on support desk either. Was able to speak to NSE helpdesk in minutes and they mentioned that the brokers are responsible and need to assist us. If not we can raise a complaint on SEBI Scores. I was not even warned about the trading block or KYC being incomplete!. Hi, we're in touch with the NSEKRA regarding this issue. In the meantime, you can complete the Re-KYC process using Aadhaar as explained here.. Just wondering how many are impacted with this trade blocking? No prior notification from nsekra."
243,NSE,Bhenchod. Band hi krdo na NSE/BSE ko. Na rahega baas aur na bajegi bansuri.,". Govt : We make sure the middle class stays middle class. We fak them in the middle of their financial growth so they stay in the middle. We meddle into their affairs directly and indirectly and show them middle finger.
Hence, the Middle Class.. I had the option to go to University of Texas, NYU and Boston, my father was funding it but I didn't go during covid time because first 2 semesters were from India. BIGGEST FUCKING REGRET OF MY LIFE. You know what, just found out that the LTCG for investors in overseas assets is reduced from 20% to 12.5% 🤡🤡🤡. All my swings are my long term holds now :). Rome was not built in a day
Nor my hate for this country. From Sone ki chidiya to Tax ki pudiya. The fact that they increased the LTCG rate (despite retailers, market experts and corporates alike clamouring for it to be reduced/abolished) points to their hypocrisy. The STT increase in F&O is miniscule, which shows they could give a fuck about ""protecting retail investors from speculative practices and encouraging long term investment"".
Fuck even if they increased the holding period from 1 to 3 years but abolished LTCG tax on equity, that would have shown they were genuinely trying to encourage long term investing amoung retail investors, but it was never about that in the first place.. "
244,NSE,Financial giants plot new national stock exchange based in Dallas,". Great, all we need is more finance bros to move here to jack up rent and property values.  . We already have a literal fuckton of those. Which is probably why this plan is feasible . Oh no, high paying jobs in the city! What a terrible idea. So how’s that going to work? East Coast is the king of exchanges and anything that happens there is literally governed by the speed of light. I knew some dudes who ripped millions of Cisco gear out of trading houses and replaced it with Arista gear because the switching fabric was fractions of a microsecond faster.
Those tiny fractions of a second meant millions of dollars in algorithmic trading.
Any traders in Dallas are starting off with a (off the top of my head) 35 - 55 millisecond delay (depending on various factors) between here and New York. You might shave a ms or three off by being in a heavily connected part of a datacenter here, but speed of light in glass is pretty constant. That means when the trading software decides to buy or sell, the East Coast equivalent has already done however many HFT trades it can squeeze in to all the microseconds that exist during those 35 milliseconds of just travel time.. This seems to be a brand new exchange. Not NYSE or NASDAQ. That’s the real headline.. The listings will be based in TX, not NY. NY will experience the delay.. That’s going to be interesting considering we can’t keep the power on in this state. lol. I hope it’s a disaster.
Sincerely, FINRA Series 7,9/10 & NASAA 63 and 65 licensed investment compliance supervisor.. Our Irving Mejia-Hilario writes:
A decades-long Dallas dream may soon be realized. Texas is looking to welcome its first national stock exchange.
After raising approximately $120 million from dozens of individual investors and big-time firms like BlackRock and Citadel Securities, Texan James Lee is starting the Texas Stock Exchange as its CEO. On his current timetable, he hopes it will make its first trade in late 2025 and put up its first listings in early 2026,
READ MORE. NOW 635 WILL NEVER BE FINISHED!"
245,NSE,MEcHanized MonsTEr DEvOurS DefeNseLEss fisH,". r/fisharefuckingstupid. r/subsifellfor. Florida Fish tries to capture fake Gator. Curiosity killed the fishy. Suicidal fish finds the cure for depression.. Fish has a vore kink😬. At first, I thought the fish was part of the mech. Okay, but in all seriousness, that seems like a hazard to the fish. Especially with the type you got, they’re gonna go in that mouth to try and clean it. That fish has had enough.
I feel you buddy."
246,CryptoIndia,CryptoIndia,
247,CryptoIndia,Wanna Transfer Crypto?,
248,CryptoIndia,Massive crypto crash in India. Most coins down 25% in just hours as crackpot dictator Modi plans to ban all crypto,"I don't understand how all these Indian apps have crashed 25-30% but binance prices are still the same before the crash. Not gonna lie those are some crazy deals though.. Okay so how can we buy from these exchanges in India? I like money.. Crash and grab by India's elite? We'll see how long this ""ban"" lasts. My guess is that they'll be back within a year.. I’m sorry OP. But honestly I believe that this too, shall pass.
This could be a phenomenal buy opportunity, especially for BTC and ETH"
249,CryptoIndia,Transacting Digitally?,
250,CryptoIndia,Polygon Founders are India's first crypto billionaires.,"Fun Fact: I work in a start-up in Bangalore. We had some growth in late 2019 and had to move to a bigger office. Matic was the company that ended up taking our old place. Didn't know they were in crypto back then but seeing them blow up like this is nice.. Interesting tidbit!. The real ""started from the bottom now we're here"". Love me some MATIC. Just don’t tell my side girl, ALGO.. Glad to see that people in the comments here are more informed than the author of this article. Is matic an indian coin??. Yes. Its founders are Indian.. I don't care how much money they have. It's immaterial compared to what they are doing for India with the COVID19 relief fund. They should be applauded for that. We need people like this everywhere. They saw there was a serious problem and acted on it real fast.. Congrats to them... and here's hoping the Indian govt. isn't stupid enough to ruin the crypto industry and drive companies like MATIC to shift base elsewhere.. Polygon (MATIC) is being used in India for public verification of all COVID-19 tests.
Here’s a link to another post discussing the same:
https://www.reddit.com/r/CryptoCurrency/comments/nehoko/real_world_adoption_indian_govt_is_using/?utm_source=share&utm_medium=mweb"
251,CryptoIndia,Great Meet With Sergey Kosenko,
252,CryptoIndia,Crypto Traders in India I think its time to Quit India or Quit Crypto in India.,"In general if you have large corpus in crypto like more than 5M it does make sense to look at opportunity to settle somewhere else where you can withdraw crypto to bank easily and also pay moderate amount of tax
Its ok to pay some tax if we can get scam free way to work with crypto
Below that it might not make financial sense as you will have to think about your primary job as well
Now saying that, if you are doing multiple transactions then all crypto to crypto transactions should be done on either dex or international cex to avoid tds
Only usdt to inr should happen on indian exchange for exit, and its better to pay that 1% tds then getting scammed of 100% of amount
There are other ways to exit as well like gift cards using bitrefill and other similar platforms
About not able to offset losses, I do think thats ok and I doubt anything will happen in that regard in near future. These issues are already solved for a major part. The point is people focus on issues & not to finding a solution.
Just some thoughts on each:
On-ramp & Off-ramp without cyber security risk is not a challenge anymore. Especially if you are to invest a lumpsum, there are multiple FIU registered OTC desk that can help.
You don’t break any law by trading on FIU banned websites. There is a block on their websites NOT a ban. There is a difference.
There are multiples ways to navigate the 30% Tax & 1% TDS while being compliant. Depending on the capital of the Investor and type of trading, this can be done.
All it takes is some effort to work with a person understands taxes & crypto. :)
Best, CA Sonu Jain. Where should i go ? Where do you suggest ?. Dubai. Hmm. You forgot dydx & gmx though, also rndr, pepe, blur, tao, fil, aipad, xai, sui, sei, myria, lever, stx, there are so many more. Binance will come back to india. No business would want loose india as their business. They will soon correct their norms and come back. Stay clam. The gormint will fall.. Move to Dubai. You should join r/SolanaIndia"
253,CryptoIndia,Forget about China... There are 100m people in India who hold crypto compared to 27m in the states. They are buying up crypto and their government has a favorable stance on crypto as an asset class.,
254,CryptoIndia,Crypto community donates over $1.7 million in Ethereum and ERC20 tokens towards India's coronavirus fight,
255,CryptoIndia,No ban on Crypto in India. Finance Minister Arun Jaitley reiterates Governmen't stance.,"Such a frustrating argument. Crypto was created to go against government financial systems. Then when a government shows dislike for crypto everyone flips shit.. And cryptoland is again like ""...just sell the news..."" I'm at the point, where I start to question the sanity of some crypto""Investors"". I swear sometimes FUD in crypto feels like a coordinated campaign. Every time we get into one of these market dumps there seems to be a drip drip drip of FUD stories.
I think in all likelihood I am talking nonsense but it certainly does not feel like it sometimes. I guess it's just crypto currencies seem to be governed by the law of chaos and my brain likes to try and impose some sort of meaning to it all. It's not chaos it's mysterious all powerful whales plotting against me feels so much better than shit happens.. Source down. Excerpt of what he said below.
Finance Minister Arun Jaitley said “Distributed Ledger System on the Blockchain technology allows organisation of any change of records or transactions without the need of any internmediateries. The Government does not consider Cryptocurrencies as Legal Tender or Coin and will take all measures to eliminate the use of these Crypto Assets in Financing Illegitimate Activities or a Part of the Payment System. The Government will explore use of Blockchain technology proactively for assuring in Digital Economy.”
These were the exact words Arun Jaitley said. There is no ban on Cryptocurrencies like other media sources would want you to believe. They’re only looking to curb illegitimate transactions using Cryptocurrencies like any government would want to do.. Thanks for the cheap btc and altcoin!. It's fucking BS FUD and I am so angry about it, unlike my usual stance on cryptocurrency news 'reporters'. I am Indian and saw the one sentence Arun Jaitley had. He said that cryptocurrency is not legal tender (like most other countries in the world right now) and that they are monitoring it for illicit monetary activities, also like most other countries right now.
I don't know who started the FUD, but I'd like to bitch-slap them for this shit.. There is no real way to effectively ban crypto, unless you ban computers, or shut down the internet.. Is there a proper Indian crypto currency? Not one of those dumb LTC forks with just another name like Rupee. But a real thing like Neo or HPB are for China.. I can't even watch Indian news. Its all fucked up. You think CNN/FOX other main street media is fucked up. Indian news channels are highly manipulated."
256,CryptoIndia,India to Block Crypto Exchange Websites in Widening Crackdown,". But not those online betting apps.. Because they buy Electoral Bonds and bankroll the Government😉. GOI and logic are inversely proportional.. I've some crypto in binance. Should I sell?. . You can move them to Wazirx right. India to ban URLs of 9 crypto exchanges, including Binance, for non-compliance with anti-money laundering law (India Today). . A gujju last name kid in a few months: ""Today we are introducing Indias first crypto exchange, made in India, for India""."
257,CryptoIndia,Vitalik Buterin donates 500 ETH to the India Covid Crypto Relief Fund after selling meme coins,"It's the best use of shit coins, really.. he did something worth remembering. truly a hero.. He didn't sell memecoins. He also donated 5% of the Shiba tokens (he had 50% in his wallet) to India Covid-Crypto relief fund! That is $1B at shib's current market price!
If you search Shib token on ether scan, and check the top holders, 1 is Vb with 45% of the supply. and 3 is India Covid-Crypto relief fund with 5% of the supply.. Hopefully this will:
Prevent new shitcoins from dumping 50% of the supply on Vitalik
Teach 'investors' in these coins to stop buying worthless trash
Change India's perception on crypto for the better :). He also donated $1bn in $shib lol. goodluck getting $1bn for it but it's a great gesture by VB.. What a legend. Taking something that grew out of pure greed and redistributing it to a good cause.. He didn't sell memecoins. He also donated 5% of the Shiba tokens (he had 50% in his wallet) to India Covid-Crypto relief fund! That is $1B at shib's current market price!
If you search Shib token on ether scan, and check the top holders, 1 is Vb with 45% of the supply. and 3 is India Covid-Crypto relief fund with 5% of the supply.. I predict that Vitalik will end up being one of the greatest philanthropists of our time.
He is a class act. Thanks for everything Vitalik!"
258,CryptoIndia,$LIB of @Libcoin_Token is now listed on @coingecko Check this out ℹ️Check out here: https://t.co/UnTzcRWp2l $LIB #Libcoin #CoinGecko #GreenToken #CryptoGoesGreen #BitMart #CryptoNews #CryptoIndia,
259,CryptoIndia,$LIB of @Libcoin_Token is now listed on @coingecko Check this out ℹ️Check out here: https://t.co/UnTzcRWp2l $LIB #Libcoin #CoinGecko #GreenToken #CryptoGoesGreen #BitMart #CryptoNews #CryptoIndia,
260,CryptoIndia,Chill❄️also remember India had a ban on crypto. India just made a statement saying they know the importance of selling responsibly and plan to lift the crypto ban. This was moon fuel. Shiba is now recognized as a GLOBAL currency to end India’s pandemic and lift a country wide crypto ban!,Will the 2nd most populated country in the world now buy shib? Tune in.. Shiba the reason why india allows crypto. 😂🙈. Yes!! This is GOOD NEWS for us!!. This is legendary! People need to understannnnd! 🚀 soon. Also remember it's about 3am in India so this isn't even on their news yet.
261,CryptoIndia,"Libcoin will leverage experience and strong locational advantages to provide an integrated solution for batteries, electric vehicle manufacturing and charging stations in India which is a high potential EV and battery market 🇮🇳🔋 $LIB #Libcoin #CryptoIndia",
262,CryptoIndia,"India's crypto tax new rule: Losses from one crypto asset cannot be used to offset gains in another. So if you lose some in trading BTC, you cannot offset that vs gains from another asset. Death by over-regulation seems to be the strategy.",
263,CryptoIndia,India's E-Nugget scam crackdown nets $10 million in seized crypto #India #News #Investment #crypto #Grafa,
264,CryptoIndia,Crypto tax India,"You have to pay tax only on declared profits, but if you get past a certain amount you might need a proof of clean funds like this guy says. I've been in the same situation. Can u pls explain me regarding the AML report and the circumstances bank ask for such reports?. No crypto can be taxed other than it made by the government. Damn
The post made me realise we are all in a soup.
Things to summarize -
Every profit is taxed regardless of withdrawals to inr bank account
Swapping is nothing but selling in our ecosystem. Hence taxable too
Usdt doesn't save us. We still have to realise profits by selling the coin before buying Usdt.
p2p can be another way to go but sometimes risky with scamsters.. But on wazirx for instance we have to pay taxes even on profits earned without withdrawals right? What's the next best option.
Ofcourse i can research but just check what this brotherhood is doing and then can take an informed decision. I want to go a little deeper and heavy on crypto investments in the next financial year.. You should join r/SolanaIndia. Buddy if you are selling and in this particular case you are having a profit of 500 then you have to pay tax on that particular amount irrespective of withdrawal. Treat it like stock suppose in this case I have the said profit of 500 from selling shares but I didn't transferred that amount to my back account from zerodha that doesn't mean I don't have to pay tax on it.. Ok, so what about this case I buy btc for 1000, it turned to 1500. I sold it and then bought it again and then i lost the 500 and now it’s current worth is 1000. What now? Should I still pay the tax on 500 which I again invested.. Any sale/swap attracts tax. Please note swap is nothing but selling one crypto and buying another crypto.. But unless you liquidate the swapped crypto, shouldn't you be exempted from paying taxes.
Correct me if I'm wrong, your crypto wallet and any unrealized gains can't be taxed, only the amount that is withdrawn can be?"
265,CryptoIndia,Welcome to Crypto India Telegram Group,
266,CryptoIndia,"Libcoin will leverage experience and strong locational advantages to provide an integrated solution for batteries, electric vehicle manufacturing and charging stations in India which is a high potential EV and battery market 🇮🇳🔋 $LIB #Libcoin #CryptoIndia",
267,CryptoIndia,Crypto investments in India?,
268,CryptoIndia,CryptoIndia,LMAO. How did you get hacked? Like were you phished or scammed? Or there's some hack affecting metamask or some cex where you held the crypto?. I have no idea sir It was a metamask wallet
269,CryptoIndia,Indian Crypto Hodler here. Some updates on the current situation in India.,
270,CryptoIndia,When will Indians realise crypto in India is a scam? ,"Not your keys, not your money. Anyways you should keep your funds on-chain with you if it’s a significant amount.. that's true. Self-custodial wallets should do. I see a lot of people invest in hardware wallet. There is no need for this unless you are holding more than 10L worth of tokens in my opinion!. blah blah blah
keep crypto in private wallets,, and pls get a passport and go to dubai kid. Isme crypto se koi lena dena nhi hai. You can say india is full of scams. Yaha bas logo ko khud ka pet bhrne se mtlb hai.. Hard wallets supremacy. No fear at all. All these noobs do is only cry 🤣. More detail on what your referring to. Be cautious with crypto investments; scams and regulatory issues are prevalent in India. Consider using international platforms with stronger security measures and regulations. This is same irrespective or indian exchange or internationals
If you are in crypto long enough you would know name of international exchanges which got hacked and people did not see dime let alone 50%
Wazirx should still be liquidated and proceeds should be given to users instead of they escaping this without any accountability. If this happens it will set bad precedent and we will see some wilful hacks (if people remember coinsecure hack)
Even metamask gets hacked so unless you know technology may be keeping on CEX is more secure than moving to DEX and then forgetting seed word or clicking on wrong link and losing all funds"
271,CryptoTrendsIndia,Top Trending Cryptos to Trade in India,"I'm already familiar with some of the cryptos on the list. but I've gotta do more research, thanks for this!. Lot of potential but better keep an eye still now that halving already happened."
272,CryptoTrendsIndia,Why Vitalik Made a 500 IQ Play Today With the 1 Billion Dollars Donation,"The most important thing is -- It will help people suffering and dying everyday with lack of hospitals and beds. Hundreds of people are dying with lack of oxygen and we are here talking about how this move willl lower gas fees and send crypto higher. Let's take a step back and send prayers to ppl who have lost their loved ones. Vitalik has a big heart and am sure he did it for helping humanity.. Of course, I just thought that was a given and didn't need to include it in the post; best wishes to those in India.. Vitalik is crypto Hero.
Musk is crypto clown.. Crypto world needs to decouple from musk.. Indian here who has family there. Things are real bad and this is a much needed and appreciated gesture from VB what a legend. Man has a heart of gold. And I want to thank you all for your prayers !. As an Indian I would like to inform you that India unfortunately doesn't work that way. Nobody would care where that money came from and they would probably ban it without a second thought about how it impacts anyone. We are a majority-decides-what's-good-for-everybody society. And the majority is always behind and not very smart.. We are a majority-decides-what's-good-for-everybody society
So, a democracy?. Donating meme coins to India only makes the concept of memes way more attractive.
A meme coin saving lives in India, donated by vitalik himself.
I couldn’t find any news more bullish than this to be honest.. Agree. You can read this as ""meme coins are saving lifes, therefore memo coins are good"".. Yeah! VB donated 1bn worth of crypto to teach a lesson to the shitcoin ecosystem. \s"
273,CryptoTrendsIndia,India supporting Africa by supporting Afrostar...trending top crypto in India. Check out afrostar.io. 🤔,"Nice to see Afrostar in the number one trending spot, let's try and keep it there 😎. Trending is one thing. We are after those investments coming in 🙂. Afrooo Let’s goooo spread the word. I hope that this coin picks up alot of traction in India and people see the value in the gem🚀💯🔥💰. Amazing milestone and achievements! Considering how many coins and token are flying around these days 😎😎😎"
274,CryptoTrendsIndia,Help me understand the recent market turnaround,"Do not try and understand the markets logic. That's impossible. Instead... only try to realize the truth. There is no logic. - Spoon Boy. More people are buying than selling. Crypto doesn’t exist in a vacuum. IMO, there are 3 main factors: #1) Last week’s surprisingly positive US jobs report is very bullish. It indicates that the US economy (and possibly the world’s) is starting to rebound from Covid, even if only temporarily. Reason #2: Inflation. It’s high, which is not great overall, but crypto has, historically, been high performing. More and more investment dollars may start to flood in, as a way to try to outperform inflation. Reason #3: I sold $200 worth of ETH last week.. Honestly no one knows and it’s hilarious. I am not sure we are seeing a turnaround yet. Hate to be a that guy but it’s a bit early to celebrate.. person relieved domineering cause ossified truck voiceless crawl sparkle point
This post was mass deleted and anonymized with Redact. I don't know, but I've never seen a dead cat bounce this high.. Matt Damon."
275,CryptoTrendsIndia,EPNS CEO speaks on Crypto trends in India,. link?
276,CryptoTrendsIndia,Trending second place in India #IndiaWantsCrypto,
277,CryptoTrendsIndia,EPNS CEO speaks on Crypto trends in India,
278,CryptoTrendsIndia,#Top trending crypto coin on wazirx#cryptocurrencymarket#crypto#cryptocurrencynews#shorts#india,
279,CryptoTrendsIndia,State of Crypto: India and Nigeria’s Crypto Crackdowns Continue Old Trends,
280,CryptoTrendsIndia,SHIBA under Penny $.02 =1 Million #shorts #tiktok #trending #subscribe #shibainu #crypto #bts #india,
281,CryptoTrendsIndia,"EventAlert: Decode the latest blockchain mysteries at World Blockchain Summit India by Trescon on Nov 23! Dive into Web3 wonders, surf the crypto currents & ride the blockchain rollercoaster of trends! Enjoy the crypto fun fare like never before! Explore now.",
282,CryptoTrendsIndia,The current state of indian crypto,"The main regret is how the Finance Ministry of India treats Crypto without understanding it's true future potential and possibilities.. Doesnt matter! crypto is meant to be decentralised no govt can control it (restrict it sure but control it and make it so no one can use it kinda impossible yk) Ignore the govt do your own thing im pretty sure no ones crazy enough like me to go full time into crypto haha, have this as your side income keep stacking more and more crypto and when you think the time is right abuse some loophole and cashout, crypto is a grey area in india rn the govt has no clue how to properly tax crypto you can easily avoid taxes rn (still gotta pay income tax and if crypto is ur income file taxes in that slab). And you also have companies like BitBNS scamming their long term customers by withholding all crypto withdrawls.. 15 years? And still working. Man you gotta have a lot of regrets. Probably shouldve worded it a lil better but ive been in the space since ""i was 15 years old"" in 9-10th grade i believe haha, just finished high school :). I have no clue how you’ve concluded Indians are looked down upon in Crypto world and other Indian specific issue. It’s a word salad at best.
I appreciate your enthusiasm, but the vision can certainly do away with this baseless rhetoric.
I wish you all the best with the initiative. Please can you list something specific you’ve in mind other than marketing events - because that’s the last thing Crypto world in general needs as of now.. If you need any support with events... I'm here. We are building a Web3 AI Gaming project from India and want to put us on the world map!. Crypto in India is needed to be supported by the govt, hopefully after the govt comes back to power they do take such steps. nah my g even if they dont we control our money through crypto, use it wherever you can, ill be making a thread on how you can use crypto in your daily life without even putting it in your bank and paying taxes, crypto was never meant to be controlled, we have banks to control money, crypto does the opposite. even if the govt says that crypto isnt legal tender they cannot physically prevent us from using it.. I have been on the development side of the web3 space as a Blockchain Developer. I always see such high hopes from people around the world. But not able to wrap my head behind the cross border payment use case. Crypto is just a speculative stream. Where people are trading shit coins and dumping on each other. If we talk about the technology aspect of it, Indian govt is leveraging Blockchain for govt projects but those are private blockchains. I know people are going to jump and talk about bankless countries like nigeria etc. - crypto is very useful for them. But then again it is the payment use case which is widely adopted.
Imo it isn’t solving a legit problem, if it would have been solving a legit problem, a ground breaking innovative product would have been in market post Bitcoin. It is been 15 years."
283,CryptoTrendsIndia,India and Nigeria's Crypto Crackdowns Continue Old Trends (x-post from /r/Cryptocurrency),
284,CryptoTrendsIndia,State of Crypto: India and Nigeria’s Crypto Crackdowns Continue Old Trends (x-post from /r/SatoshiStreetBets),
285,CryptoTrendsIndia,"First Mover Asia: India Loses Foreign Investment, Chinese Indices Continue a Downward Trend; Cryptos Suffer an Off Day",
286,CryptoTrendsIndia,"First Mover Asia: India Loses Foreign Investment, Chinese Indices Continue a Downward Trend; Cryptos Suffer an Off Day",
287,CryptoTrendsIndia,"First Mover Asia: India Loses Foreign Investment, Chinese Indices Continue a Downward Trend; Cryptos Suffer an Off Day",
288,CryptoTrendsIndia,Here's Why Crypto Is The New Gold In India. The trend is reversing i guess,
289,CryptoTrendsIndia,🚨Wazirx Urgent! ED Investigation Results are out | Wazirx Caught Trending | Crypto India News,
290,CryptoTrendsIndia,"Countries, people & crypto","The trend is clear: countries that suffer from inflation and weak currencies are turning to crypto in order to secure their assets against inflation/currency debasement.
When the global fiat system and their infinite printing starts to erode the western countries, crypto will be the one of the safest bets for preserving ones assets. Don't you think it's a bit crazy? Even 5 years ago if you would have told me this, I would've have believed you that it could happen.. Lived for a few months in Korea ( came from Europe) and people differently look at crypto here. It is a lot more popular as the investment, but a lot of young people play with the leverage, get into debt and ruin their life. I hope in the future it will be better. Trying to become a millionaire overnight is a human trait I think. The risk-reward ratio is just too good for a lot of people... but way too many lives have been destroyed by leverage.. China in the list. Whoever is still involved in crypto there is gonna lose their social credit. China is already starting to unban again with Hong Kong serving as a POC.. Bullish on South Korea, Singapore, Hong Kong, Nigeria, Argentina..
Portugal and Switzerland with good taxes practices and laws, Germany aswell and such countries.
Adoption is slowly but surely coming, big companies want a piece of BTC cake, ETFs, trillion dollar asset managers, halving is soon and such.
Everything looks good so far, and if this is bear, then we are going to have a great bull.. I think the next bull run will be the biggest one so far. Way too much institutional money will be poring into the crypto space.. Surprised that North America is nowhere to be seen here! Very interesting stats.. Most of the people in my country are not happy using electronic payments and they don't even know what crypto is."
291,CryptoTrendsIndia,India’s Union Budget 2024: Hopes and Challenges for Crypto Investors,
292,CryptoTrendsIndia,India Blockchain Week (IBW'23) Conference Recap - 7 Key Trends to Watch in 2024,
293,CryptoTrendsIndia,India’s Cryptocurrency Policy: A Comprehensive Discussion Paper Expected by September 2024,
294,IndianEconomy,FUTURE OF INDIAN ECONOMY ,Yeh angrez hindi me kyu soch rha hai?🤔. Cool banne ka try kar raha hai. Yeh kya dekh liya. Ab mere dollar ka kya hoga?. Convert krwalo ab toh modi ji aagye hai indian rupee to the moon hone wala hai 📈 🚀. 200rs salary hai bhai ki. Finally india if meme template ko replace karne ke liye material mil gya. Gora log flight pakad k idhar bheek maangne aaya hai. 🗣️🗣️Vishvaguru. If Kamal Hassan can kill 50 people with two fingers then this is possible too.. What is this cancer?
295,IndianEconomy,"India had 80 IPOs, raising a remarkable capital of $2.1 Billion in Jan-Jun 2023! 📈 Here's a look at the top 10 standout companies with the biggest share price gains post-IPO 🚀 #IPO2023 #IndianEconomy #ipo #ipoindia #startups #investing #personalfinance #financeindia #shareprice",
296,IndianEconomy,Here’s Why Unemployment Crisis is biggest threat to Indian Economy? Soch Samvaad #indianeconomy,"The language you’re using in the video and in the write-ups clearly suggest an agenda against the ruling party and government. This is hardly an unbiased look at anything. Looks like a paid shill by congress.. I would add, there’s no agenda here. Context is plain - after 10 years of good governance and reforms, employment outcomes are null. Today agriculture contributes 46% jobs, which is largely unemployed labourers working on farms, which increased from 42% few years ago.
And if this is the case, government must come clean. It hurts to see youth getting misguided in name of few vanity projects.. So can we also say population explosion and unequal distribution of education is the reason too ?. The unemployment crisis is a major threat to the Indian economy, with a significant number of unemployed youth. The government is not adequately addressing this issue, leading to protests and frustration among job seekers. The lack of job opportunities in both the public and private sectors is a significant concern.
In this video, I have explained how deep the Unemployment problem is in India, and if not addressed soon, how it can be proven catastrophic and bring down Indian Economy.
Indian economy is growing at 7.2% rate and India is also 5th largest economy and fastest growing major economy, still it is not generating enough jobs in the economy. At the same time, India Skill reports indicate that Indian youth are getting better and better.
So WHERE IS THE GAP?
Key Insights
💥 High youth unemployment poses a significant threat to India’s economic growth and stability. The government must prioritize job creation and address the concerns of job seekers. ⚡️ 65% of India’s youth are unemployed, posing a major challenge to the country’s growth.
🔍 The government is trying to woo the people with flashy projects like Vande Bharat and Bullet train, instead of addressing the unemployment crisis raises questions about their priorities and approach to solving this issue.
🌾 The agricultural sector has shown the highest job growth, indicating the potential for employment opportunities. However, other sectors like manufacturing and services need significant attention.
🎓 The high unemployment rates among graduates highlight the need for skill development programs that align with industry demands and enhance employability.
📈 The mismatch between job creation and the growing workforce has led to frustration and an increase in illegal means of earning a living. This has negative implications for social and economic stability.
🚧 Government intervention is necessary to ensure equal job opportunities across different states and address regional disparities in employment.
📣 The government needs to actively engage with the concerns of job seekers and provide timely and transparent information about job vacancies and recruitment processes.. Unemployment what promised by Congress , how will it be fullfilled in real world scenario. We will have go back dissolve QUAD and become demilitarised ... Really a Havoc geopolitics in case of coalition. Quad or any international association are least bothered with Indian employment problems.
Currently government is diverting all funds towards capital expenditure, to build infrastructure in nation.
But in rush to do so, education, farmer income and employment, which are crucial for our country, are left behind.
How it impacts is that business in country will start growing, but since we are not changing taxes or are making a compulsion to companies to increase CSR, common man will bear the brunt of high government spending on airports and roads, in form of less employment, less MSP, etc.. tf does quad have to do with unemployment?? Congress' solution is to fill up govt job vacancies ( currently 30 lakh ). Dear, OP, kindly write a summary of this video withi 100-200 words else we wont allow such video share, or you can download video and post it.. Video Summary:
The unemployment crisis is a major threat to the Indian economy, with a significant number of unemployed youth. The government is not adequately addressing this issue, leading to protests and frustration among job seekers. The lack of job opportunities in both the public and private sectors is a significant concern.
In this video, I have explained how deep the Unemployment problem is in India, and if not addressed soon, how it can be proven catastrophic and bring down Indian Economy.
Indian economy is growing at 7.2% rate and India is also 5th largest economy and fastest growing major economy, still it is not generating enough jobs in the economy. At the same time, India Skill reports indicate that Indian youth are getting better and better.
So WHERE IS THE GAP?
Key Insights
💥 High youth unemployment poses a significant threat to India’s economic growth and stability. The government must prioritize job creation and address the concerns of job seekers. ⚡️ 65% of India’s youth are unemployed, posing a major challenge to the country’s growth.
🔍 The government is trying to woo the people with flashy projects like Vande Bharat and Bullet train, instead of addressing the unemployment crisis raises questions about their priorities and approach to solving this issue.
🌾 The agricultural sector has shown the highest job growth, indicating the potential for employment opportunities. However, other sectors like manufacturing and services need significant attention.
🎓 The high unemployment rates among graduates highlight the need for skill development programs that align with industry demands and enhance employability.
📈 The mismatch between job creation and the growing workforce has led to frustration and an increase in illegal means of earning a living. This has negative implications for social and economic stability.
🚧 Government intervention is necessary to ensure equal job opportunities across different states and address regional disparities in employment.
📣 The government needs to actively engage with the concerns of job seekers and provide timely and transparent information about job vacancies and recruitment processes.. Currently government is diverting all funds towards capital expenditure, to build infrastructure in nation.
But in rush to do so, education, farmer income and employment, which are crucial for our country, are left behind.
How it impacts is that business in country will start growing, but since we are not changing taxes or are making a compulsion to companies to increase CSR, common man will bear the brunt of high government spending on airports and roads, in form of less employment, less MSP, etc.
Infra is needed, but to me it seems that the government is not spending judiciously, Instead of upgrading tracks and making all trains faster, government is making vande Bharat, which is travelling maybe 15-20 mins faster than Rajdhani.
It’s a miracle to develop vande Bharat in such small time, but please slow that down, and upgrade tracks fast. Since 46% are employed in agriculture, don’t make them suffer. Increase farm income and MSP as well"
297,IndianEconomy,"#India potential #trade pact with #EFTA nations marks a strategic move towards diversifying trade partnerships. With #Switzerland #Iceland Norway, and Liechtenstein on board, #India can tap into new markets, driving innovation and competitiveness. #EFTAIndia #GlobalTrade",
298,IndianEconomy,The Four pillars of the Indian economy,
299,IndianEconomy,Important GST due date for OIDAR service supplier ,
300,IndianEconomy,Indian economy becomes bigger than all of Africa,"Damn, why won't Africans just work 70h/week?. And same road quality as Somalia in Mumbai. Way to go Kudos. Tax laws of Europe. Bureaucracy of USSR. Sub saharan infrastructure. Pakistan se comparision ho gaya ab Africa se. They don't compare with china which has an equal population nor the US with a third of population. Lets talk about per capita gdp 👺. Is GDP a good indicator of the health of the economy?. I don't like graphs like these. Get this, GDP of California and Texas (two states in USA) combined is $6.6T : 170% of Indian GDP
All the while our per capita is below Bangladesh. We should compare to China"
301,IndianEconomy,"GST PMT-06 Apr, 24",
302,IndianEconomy,"Spanish daily Dinero: ""The hour of the Indian economy""",". Oh fuck off. Not you, but what's that racist ass image? Can't even depict India without being racist. Same thing happened when ISRO did MOM, same thing is happening now. I can't stand it. In my opinion, we should not get offended. It is great when people see you as weak and poor. They won't notice as you cruise by them. Indifference and arrogance is the fall of power. People who are honest, self reflective prosper.. When Modi visited Argentina for G20, those fuckers showed Apu has arrived on national TV. Their racism is deep rooted and perpetuated through media and cultural references.. This mf. The whole snake charmer thing is rascist af. Like depicting the Spanish as a tortilla wearing a sombrero. Gfys.. We should make one like that and publish it, on how they screwed their economy.. Snake charmers really? Why not add an elephant and a fakir on bed of nails as well… these guys haven’t evolved from their TinTin comics..
We should put up a magazine cover on the Spanish ‘economy’ that shows a Jallikattu bull goring a Catholic matador... Wow... These fuckers have their economy in gutter for over 2 decades and struggling on every front even after all the colonial loot from the past. And yet their supremacy is still roaring. Editor of this outleft must a Racist fucktard to vomit his racist inner self on full front page.. Some people think of Spanish as brown people. They can’t be more wrong. Spanish are white people. And to add that many of them are white supremacists. Hence this racist depiction of India.. Ah India, the land of snake charmers and pot smokers singing Hare Krishna. Are we in the 1920s?"
303,IndianEconomy,GST Return Due Date GSTR 3B,
304,IndianEconomy,Are bhai big achievement for Indian economy❤,"It's not a bug, it's a feature.. mojang approves your comment. Philling paroud.... Bhai ye ""proud to be indian"" walo ko pitne ka man karta hai. Bhai mujhe to sabko hi pitne ka man karta hai. Bruh I don't understand this comment section, agar OP capitalism ko criticise kar raha he to uska ye matlb nahi he ki Op pro communist he. . Nahi Bhai he is calling for return to monke /s. this meme would slap if you add a pic of a guy with no front teeth saying this. Yrr saiman ke sub mai itne chutiya kaise ane lagya bsdk ke agar woh op bss thoda sa criticize krr rha hai current capitalism ko toh woh communists hogya wah. Bhai gdp badrahihaina toh tujhe income inequality badhne se kya problem hai! Hamare grantho min likha hai ki dusro ki khusi bhi apni jaisi maan k chalo so if Ambani buys his 2000th rolls royce ye toh apni hi car hui na!"
305,IndianEconomy,Wordcloud of LLMs related research papers published this week [31st March - 6th April' 2024],
306,IndianEconomy,Indian Economy | Art by Sandeep Adhwaryu,
307,IndianEconomy,"The MGI Year End Report is Just Out but Does Not Mention RIFT. It Reports That Two of Their Own IP Games Are Coming to the Console Market in 2024. Doubtful that they mean RIFT. Tomorrow, March 1st, Marks the 13th Anniversary of the Launch of RIFT in 2011.",
308,IndianEconomy,Mohak Mangal explains why Congress manifesto is disastrous for the Indian economy,
309,IndianEconomy,Skyharbour news flow and catalysts to look forward for 2024,
310,IndianEconomy,Indian economy beats expectations with 8.4% growth,
311,IndianEconomy,Interest Rates for Oldschool RuneScape Derived From the All-time Compound Annual Growth Rate of Bonds,
312,IndianEconomy,The Govt of India admits that #IndianEconomy is slowing down. @fayedsouza reads out the report by Finance Ministry & shares more information,
313,IndianEconomy,"The #Kiwi faced pressure due to hawkish Federal Reserve remarks, sparking concerns about no rate cuts this year. New Zealand's latest data revealed a drop in inflation to 4% in Q1, the lowest since June 2021. https://bit.ly/3JnBBkb #Fxview #NZDUSD #MarketNews #NewZealand",
314,IndianEconomy,Next 5 years are crucial for the Indian economy ,". 2127-2132. My brother in the markets, every 5 years are crucial for the economy.. Arey but sach boldega toh uske pump & dump ka kya hoga. Dump krne wala hai... Bhaago bsdiwalo. That's around 15% CAGR from where markets are right now, not unrealistic but highly unlikely, maybe by 2030-32.. If the market doesn’t return 15% CAGR, it would be a catastrophic failure of industry and policy in India.
Valuations are not high at all, and the growing middle class should drive strong EPS growth across industries.. Once a year, these guys think a figure in their head and vomit it on social media. How else would their funds and PMS get money? When the markets correct the same year, they tuck their tails and sit silently.
As I said, no one is accountable on social media (except maybe those who are against the government machinery).. See the big bulls expectations in 2014 with Nifty at 1,00,000 and Sensex at 4,00,000 by 2030 and look where we are.
Just saying
check here"
315,IndianEconomy,"February 2024 rail operator headcount data has been released by CTA. Sadly, headcount has DECREASED by 16 since December 2023","I thought some of the other data was interesting as well. For one, while the rail count decreased, their hiring metrics for the past year do seem to trend positively. So what these two graphs really show is that some portion of those leaving are rail operators, and those coming in, though more in number, are starting as flaggers, maintenance, etc. So, it's good that at least they aren't bleeding employees as a whole. The issue is that the rail hiring trend is barely enough to meet the pre-pandemic headcount anytime soon, and probably is only enough to really keep it at stagnation, because not everyone they hire will even go on to become an operator.
Another pretty bleak statistic showed that rail absenteeism is 1.6% higher than last february, at 14.8. 15.3 in January. Not great. I appreciate the transparency, but it feels like there's no sense of urgency at all to improve things.. Yikes. Dorval Carter has to go.. It's like they're not even trying to meet the moment.. It definitely shows in the service being put out. Barely 70% of red line trains scheduled are actually happening. I thought Dorval said this would all be resolved 'in a few weeks'?. Link to tweet: https://x.com/UrbanEnviroIL/status/1770187227122868316?s=20. Send your regards to the Amalgamated Transit Union Local 308, who refuse to fix the 12-month Flagger prerequisite for operators. I’m sure they’re loving the resulting overtime and spend free time shopping for retirement boats in Florida.
EDIT: union chapter number. You don’t have to be a flagger for 12-months before being a rail operator. That is not the case and was never the case. And ATU local 241 represents bus not train operators lol. One thing to keep in mind is that rail operators will probably increase in batches. A class graduates, it goes up by 20+. Next month no graduation, decreases by 6. Next month no graduation, decreases by 7. Then after that a graduation, increases by 20."
316,IndianEconomy,The Four pillars of the Indian economy,". The tiger is cute.. ""WHY DID YOU REDEEM IT?"" 🤬🤬🤬. ARE YOU A PROSTITUTE?!. 4th pillar needs massive reforms. No we need new updated methods. We need better accent. Accent, Italiano 🥰
Accent, Gujrati 😡. 89 views 64 likes. Why trad.?"
317,IndianEconomy,with the recent nail market crash I've sought alternate methods.,"Kitty Cats are where it's at.
I have been leaving 3 of them to ranch and every time I come back to base to unload, there is between 1-2K dug up.. Honey makes the money.... lol. But you don't get a comically large mountain of money bags when you check on it.. Bro berries are almost 200k hourly and mostly hands off"
318,IndianEconomy,Indian Economy ,". It's like any 'flourishing' economy. Doing great for those who already have the money and not so great for the middle and lower class.
Having said that, the opportunity is there for those who are skilled and know a thing or two about their field.. Not a Muslim. 
I am from a small town in a relatively prosperous state which has a significant Muslim population. 
Our town got 24x7 running water very recently (source: me). Our state is(was I guess) investing a lot on power distribution so power cuts in rural areas have gone down (source: buddy in government). We have a new 4 lane highway which cut down the travel time between our town and the nearby industrial hub from 2.5hrs to 1.5hrs. They are digitizing many govt services, for example land records, so corruption is getting under control. 
All the above developments affect Muslims too.
Quality of life is definitely getting better for everyone. But slower than I would like. 
The narrative(anti minority, pro Hindu) being set by the central government is nauseating. But in my town at least, things appear business as usual. . Glad to hear the anti-Muslim, pro-Hindu rhetoric is nauseating for those who aren’t a minority too.. If you have some marketable talent or access to capital, it is definitely doing pretty well, but that doesn’t mean the growth is even close to fast enough to mitigate poverty and other social ills. I would say though, compared to the surrounding countries, India has a lot of economic opportunity (my Pakistani family members/friends are all super down on Pakistan’s economic/social prospects, for example), especially for entrepreneurs, doubly so for those who are well versed in English (important for interregional or international business). India is undeniably a massive market with increasing amounts of disposable income, so it’s a good place to launch an idea and immediately have a market for it, especially in places like Mumbai which is very quick to adopt new consumer technology/trends without much resistance. I think people that are constantly focused on doom and gloom aren’t doing themselves any favors, but all of that aside, India is still deeply flawed and has a long way to go.. You can ride the progress wave only if you are already privileged. Tata stocks are on a bullish run, so given that you have the money to invest or the access to posh jobs, where you can earn and then invest, it would be good, else for majority of muslims, India's economic progress would only increase their suffereing, with Indian markets growing and investments coming in, world (read West) , would turn a blind eye to every human rights abuses done here , also US would like to counter China with India, which would give Indian right wing free hand. Fellow Pakistani here. Husband's batch in the US had quite a few Indians and are there in the workplace here. Some of them are friends with us. All of them, barring none, have immense praise for the Indian economy (not necessarily for Modi govt. though). Nobody in the Indian friends is a Muslim though, so opinion can be skewed and biased.
As someone myself who has had worked in FMCG and consulting across Pakistan and the US, have developed certain skills in reading up financial and economic tealeaves, can tell India has improved its fundamentals a lot. There is a concept of potential growth, a GDP growth which a nation can sustain without getting overheated (non debt fueled), for India that is 8%-10% range, for Pak that's unfortunately 4%-5%. Beyond this, overheating happens and inflation sky-rockets.
Although me thinks, India is still quite a poor country with sub $3000 per capita income, which is quite paltry. They'll have to grow at 7%+ for a couple of decades to reach a respectable place, say at par with Turkey in PCI.. I'm not from India (was not born in India or brought up there) but I can def see the economic improvement in general with muslims in gujarat (although gujarati muslims tend to be more likely to be from trading and lanholding backgrounds compared to the average Indian muslim and it is not always clear how big a role remittances play). It's not just an increase in disposable income but in general human development as well (better educated, more sophisticated, etc.).
Maybe the growth is still top-heavy, but some of it filters down. It is still a terrible terrible environment for any muslim looking for employment in corporate India (and probably getting worse). I do hope India becomes a manufacturing powerhouse (mass job creation at least enables minorities to find some form of gainful employment).. From what I've seen, those who used to struggle to get even food at home, they're now getting enough work and earnings to at least survive, that much has improved.
Since culturally, Muslims haven't had many places to invest except land, a decent number of Muslims have profited a lot from the real estate boom in most cities.
However, most people I know including educated ones, although work is available, salaries are not satisfactory, they're just enough for basic needs and there's no scope of much growth in career. That's why most people either wanna leave the country or start a business.
Overall I'd say Muslims have progressed, but it's probably 10% of how much non-Muslims have progressed.. Do Muslims face job discrimination in daily wagers jobs like manial labour jobs. I hear really good salary packages being offered in MNCs, can these salaries also be classified as non satisfactory salaries considering the cost of living in big urban Indian cities. "
319,IndiaGDP,13 districts in red contribute 50% of India's GDP,". What you mean by delhi district? All districts of NCT?. Mumbai also they have made the same mistake.. TIL Jaipur as a district touches haryana.. Not anymore, northern part of Jaipur district and northwestern part of earlier Alwar district have been separated to form the new Kotputli-Behror district.
https://en.wikipedia.org/wiki/Kotputli-Behror_district?wprov=sfla1. Lol, these kind of stats are akhand chutiyapa. Many companies are registered in these areas so revenue is counted from here. The minerals and coal are supplied by states like Jharkhand and Chattisgarh. The wheat you eat is from MP which ITC registered in Kolkata sells as Aashirvard aata. Most of the the raw materials and factories are located out of these districts and if it wasn't for them, these districts won't even be able to feed themselves. The labour for these factories are mostly provided by UP and Bihar. Most of Bangalore IT employees due to which they are in this stat are from outside of Karnataka. 
Stop this stupidity of divisive tactics, we're very much interdependent and would fall apart if one of us stops functioning.. prabhu, charan pradaan karein. Exactly 💯💯. Nashik.....intresting!!!!!. Jaipur and nagpur are gonna be the next metros of our country.. Ahmedabad and surat have higher population and GDP compared to both. "
320,IndiaGDP,GDP comparison of China and India since 1960s.,"1987 : So Near...
2022 : Yet so far.. 1997 was the moment. That was a real close race until it wasn't.. India had it for like 7 months. They were close in the 80's and India had a lower population. Then the Indian economy tanked in the 90's while the Chinese economy shot to the moon. Even when the Indian economy took off in the 2000s they never hit sustained high growth like China did with their double digit growth rate for a decade. Now India is 2-3 decades behind China in terms of GDP and income levels. Unless India manages to hit similar 10%+ growth figures (which seems unlikely looking at the current situation) and the Chinese economy stagnates/shrinks like Japan they will never catch up anytime soon. That's an exponential function vs linear function graph.. Nvidea vs Intel. China ran away and never looked back. Thank Deng Xiaoping for this.. When China said “What 2008 Global Financial Crisis?”"
321,IndiaGDP,India's GDP per capita is now below Bangladesh and Nigeria (source in comments),"Credit where credit is due. Bangladesh has done really well since it gained Independence. Whereas India is running out of steam as a model based on high skilled labor without any manufacturing is unsustainable in the long run.. Question the ruling party, they ask you to go to Bangladesh you aunty nashional. Hume kya hum toh statue banwayenge. the other day someone was arguing with me that, the statue would generate an income in 2-3 decades, for fuck sake, people dont have anything on their plate, 30 years ka baat kar rha hai. pehle aaj ka dekho na. 'based media'. You guys know that GDP is a western concept that doesn't fit Indian standards.
Until it does, then it's Modiji, Modiji, Modiji all the way.. 👁️💧👄💧👁️. I think Nigeria always had higher GDP/cap. We got overtaken by Bangladesh after COVID lockdown.. Nigeria has Gas and OIL, the biggest producer in Africa. They have just started extracting it a decade ago."
322,IndiaGDP,Why is India's GDP so low,
323,IndiaGDP,"TIL: As per an RTI in 2011, total reported agricultural income was 20 TIMES India's GDP.","Tax is based on votes, not according to welfare.. So tax agricultural income over 12 lakhs. The poor farmers need to understand that they are being fooled. If big farmers are taxed then part of the proceeds will definitely trickle down to the poor farmers.. Agriculture pr tax slabs aagaye toh punjab ke farmers G-wagon leke aajayenge protests krne.. Canada se up-down karenge private jet me. About time they start taxing it as well.. How can agricultural income be 20x of the GDP? Shouldn’t the income from agriculture be included inside the GDP? This makes no sense.
It’s true that taxing agricultural income is extremely necessary. But do these finfluencers not even know basic economics?. Yeah people are so stupid, and the comment below yours says “if you don’t show”. Clearly if the RTI said REPORTED, it means people have filed income tax returns. GDP is GROSS DOMESTIC PRODUCT, it has NOTHING to do with tax, but it’s the sum of monetary value of all products (INCLUDING AGRICULTURE and services) that the country produces in an year. So, it’s mathematically IMPOSSIBLE for agriculture reported income to be MORE than GDP 🙄🙄🙄. If you don’t show it on any document then there is no income to add in GDP. Bhai All politicians and many celebrities declare themselves farmers.
GDP is total production of the country. Data bilkul junk hai because if not at least 19.99x GDP farmer income was earned outside and yahan laake deposit/report Kiya Gaya buss. Tax all you want, based on the current income tax slab also, hardly 5% actual farmers will cross that limit.
For 10 lakh income (here sales - cost - capex depreciation) at 20% margin (very generous margin, but kisaan to khoon chuus raha hai innocent middle class ka) means 50 lakhs of produce sales. Good luck and no humaare khandaan mein koi farmer nahi hai.
Edit: 20 times 2011 GDP of approx 1.5 trillion comes at 30 trillion. More than 2011 US GDP. Yeh, this is indiastreetbets, this fits here alright."
324,IndiaGDP,Raghuram Rajan on India's GDP growth: What do you think?,". Sanghis' biggest nightmare. How so..It is foolish to declare country as a developed one. You lose market benefits in the developing world.. Our per capita income rank is 139th.
75% of people still earn less than 33 rupees per day.
Top five in GDP means nothing for the common man.
Gotta share this with a lot of brainwashed people I know.. How do you propose to do the former without the later?GDP per capita is simply the average of Real GDP and population.It can increase only if population decreases or Real GDP increases or the numerator grows at a higher pace than the denominator.You can't decrease the population all of a sudden and the fertility rate is already decreasing so people talk about Real GDP 🤷. By 2047 we won't be able to become developed countries and it's true. If you're only considering GDP and not other aspects then it's the problem. GDP is just an average there so many factors which needs to be overlooked. Concentration of wealth in top 1% while the others are starving.. This is exactly what I said by doing simple math and was downvoted a few mnths back.
US - $20T
China - $13T
India - $4T
so by 2035 , India will be $8T
by 2047, India will be $16T still behind USA's current GDP. This is all assuming India grows at a constant rate of 6% for the next 24yrs which seems insane.
We might come in Top 3 but for sure won't be at the Top.. Having trust issues..... Even china wont declare itself a developed country even in 2047. Infact there are benefit of being called developing country. The benefit include preferential tariff treatment from developed countries, making their exports more competitive in international markets. Countries use their developing status to justify subcidies to farming and tech, even when many are effectively state-owned and have global impact."
325,IndiaGDP,The Growth of India's GDP vs China's GDP ,". I don't want to be that annoying right wing guy ranting about congress, but congress ruined our country's economy totally with all their shitty socialist crap. Our economy could have been wayyy better if post independence govts until 1991 implemented better policies for economic growth. India's global share in GDP was 20% or smth around 1950. By 1990, it decreased to a mere 5% iirc.. China implemented reforms in 1978. We did in 1991, but even then we skipped labour law reforms, so manufacturing did not grow even after that. Vajpayee labour law reforms were reversed by Manmohan
However this graph in nominal gdp per capita. But gdp ppp per capita China is only 2.5x bigger than us. It doesn't matter how much we hate China but this growth unprecedented When you find a great leader.. Get rid of Democracy.. Interesting how our GDP dipped slightly during COVID, while Chinese GDP still increased albeit at a lower rate.. A lot of copium in the comments.
This is why we should compare ourselves to the Chinese instead of the Pakistani.. Thank you, INC!. Gap wider than ever. ""gas gas gas"" meme wali feel agyi 1994 mei
bas china ki taraf se"
326,IndiaGDP,India GDP growth in Q2 FY24 beats estimates at 7.6%,"Hopefully we cross the 7% growth for FY24. The first two quarters have exceeded expectations and hopefully carry the momentum in the rest. After a strong growth of 7.8% in the first quarter, the second quarter too surprised on the upside with 7.6% growth. This takes the first half GDP growth to a robust 7.7%.
However, we still expect growth to slow in the second half due to deepening global slowdown; the lagged impact of domestic rate hikes manifesting fully through the second half of this fiscal; and erratic weather and an El Niño event creating some downside to agricultural growth prospects.The advance estimates from Ministry of Agriculture peg kharif production at 4.6% lower than last year. Despite moderation in the second half, India is expected to outperform other large economies this fiscal year.. . . I have a genuine doubt...in the comments many are saying that there aren't enough jobs being generated....which I agree...but I feel like the problem with Indian Employment has been bad since a long time...we have been pretty one dimensional in the sectors we work in...service and agriculture are the largest employers but they are way oversaturated....I don't think we need more than 20% work force on agriculture and with all the jai Jawan Jai Kisan slogans this is a fact that farming is a sector with a very low margin and very high effort....so it is stupidity to romanticise it....half the farmers with labour reforms and industrialisation of the sector should give us a way better output....
We have a large population with people of different education backgrounds and to feed them fairly we need something that can employ en masse and doesn't need a whole lot of education for it either....most skilled sectors need mental strength and need a degree and literacy which is sadly but realistically not with everyone in our country....they have to rely on their physical body to get food....without being a labourer....the government can't give them free dakhila to PSUs either....we need mass employment and manufacturing is one such sector....the Chinese had a similar problem as ours and they focus on manufacturing and that worked for them....we can try to emulate something similar albeit at a smaller scale (in comparison to be monstrous level the Cheems took it to) and get a good amount of manufacturing and hence the employment would go up....even women would participate in it, PCI would increase and economy would boom...why isn't the government wanting to do these changes ?? Both UPA and NDA?? Labour laws and land laws need to change for this and Logistics have to improve....why did we not pursue this ?? what is the problem in such a setup?? Am I missing something??. In fact, this is what commenters are mostly saying!
The jobless growth pattern is decades old!. India's S&P Manufacturing PMI reading in November stood at 56, up from the eight-month low of 55.5 seen in October. That marked nearly two and a half years of the index being above the 50-mark. Yeah, GDP and all is fine and I do commend the government for what all good things they have done.
Problems
Infrastructure development is very slow. Political parties spending heavily on election rallies for some reason. Cast based census and cast based reservation is still a thing. Heavy taxes on salaried individuals, unnecessary freebies to farmers with no sustainable cropping patterns, pollution and shit. And above all, why the hell aren't madarasas banned ? There is a hell lot of communal hatred taught there.. . The only good thing to come out of the modi era is this sustained growth , unlike UPA 2 and its disaster class"
327,IndiaGDP,India increases spending on education to 6% of GDP,"There is nothing better then investment in education. To this day I can't get my head around that some countries treat that like a priviledge in face of every growing competition in intellectually challenging fields.
In Germany education is generally seen as an asset in global competition, though the government in the last couple decades really fell asleep in this area.
Still, at least education is free, making sure everybody at least gets a chance to really make their potential work for the country.. This is the best tl;dr I could make, original reduced by 68%. (I'm a bot)
NEW DELHI - India on Wednesday approved a plan to allow foreign universities to open campuses in the country as part of efforts to boost education to strengthen the economy as it struggles with the impact of the coronavirus pandemic.
The change comes as part of a policy to increase public spending on education to nearly 6% of gross domestic product from around 4% now.
The government is seeking to expand access to higher education to 50% of high school students by 2035, aiming to add about 35 million new places for students, and achieve universal adult literacy before that date, Higher Education Secretary Amit Khare told reporters.
Extended Summary | FAQ | Feedback | Top keywords: education#1 government#2 school#3 open#4 students#5. india men doing wonders on youtube. teach everyone about everything for free. keep up the good work you guys!. When I was in 8th grade, my best friend told me his parents were enrolling him into a private school 30 minutes away. I was sad that he was leaving, but I was happy for him; even a little jealous. This school had some many classes that my broke public school just didn’t have. Once we hit 9th grade, he told me about how many cool classes he was taking. Computer courses, film studies, shop class. We didn’t have any of that. My high school was in the middle of a cornfield and didn’t get central air conditioning until 2006. About 6 months after I graduated. Any extra money the school got was always funneled into athletics. Yeah, we were still using English books from 1984 but the football team needs new jerseys every year. It was really hard growing up there. I eventually landed on my feet and am doing ok for myself. But when I think back in that time I feel like I was cheated. If I could have had the opportunity to go to a better school, I would have been better prepared. I’m 33 and I still don’t know what I want to be when I grow up. I feel bad complain because it could have been so much worse, but I can’t help but feel like I was held back in a way.. Go India, that’s the best way forward. I took a class in University called Economic Development, in this course we learned what a country can do to increase its future GDP. One of the most important factors was having citizens who have a high level of human capital. This is a great investment decision for India.. ahhh I wish I was in school to experience this new education policy, I don't think some people realise how unnecessarily stressful our education has been for 34 years. Anyway, it's a great change, much needed.. Imagine all the kid Ramanujan's that failed to realize their potential because of lack of access to education or mentorship."
328,IndiaGDP,China vs India GDP - 1990-2020,". India was at par with China till 90s. Suddenly, manufacturing went off the rails. Manufacturers were forced to become traders 'dependent on China'. No prize to guess who was governing India & making policies when the gap was increasing. Sad that Rahul Gandhi is batting for China
https://twitter.com/x_rahulraj/status/1700147503515992179. China did economic reforms in 1978, while India did in 1991. But India skipped labour law reforms then. So India manufacturing did not grow, only software and finance services grew. Consequence of choosing service over Manufacturing. Choosing Agriculture over manufacturing. We seriously need land and labour reforms to Kickstart manufacturing, few electronics manufacturing won't makes us a multi trillion dollar manufacturing powerhouse.. i know correlation does not imply causation. But it feels like china and india started diverging exactly when mandal politics became prominent.. I wonder what excuses people will come up with.
(Disclaimer: I am from China and have high hopes for India, but every time this chart is brought up it is excuse after excuse. Also, I have no idea how to solve the border issue, and I think it is tragic we have such an issue, so please don't ask me about that). दुख। दर्द।पीड़ा।"
329,IndiaGDP,India's GDP Per Capita Compared with African Countries: 1980 vs 2022,"One of r/MapPorn's most iconic posts was comparing China's GDP Per Capita to African countries between 1980 vs present day, so here is China's neighbour, India.
Like China, India was one of the poorest countries on Earth during the second half of the 20th century and most of Africa was actually better off than they were. Since the turn of the century though, India's economy has been booming and standard of living is so much higher in India now than in the 20th century (during and post-British Raj).
It's not as drastic as China's turnaround, but besides North Africa, Nigeria, and the Southernmost part of Africa, India has surpassed the remainder of the mainland continent.
https://www.youtube.com/watch?v=gGRcRrKUuZg - source. *Equatorial Guinea and Gabon too. Surprisingly Nominal Gdp of all of Africa was 2.6 trillion in 2019.
Compared to India's 2.87 trillion in 2019.. im still confused as to why ethiopia is doing so bad?. The rule of the genocidal Derg, which began in 1974 and ended in 1991 under Mengistu Haile Mariam's personal dictatorship, is largely to blame.. I wouldn't have thought Nigeria was richer. Only because of Nigeria's natural resources. India's life expectancy is almost 8 years longer than Nigeria, which is a much better way to judge quality of life. It's not by a lot, I believe Nigeria is ranked exactly one spot ahead of India in GDP per capita.
As another poster said below, living standard is nonetheless better in India than Nigeria. When the British left India, 90% of their population was in abject poverty compared to only 6-7% today (Nigeria still has around 1/3rd of its population living on less than $2/day and this number hasn't moved much in the last 40 years).
India also has a much lower infant mortality rate, higher education stats (yrs of schooling & literacy), and commodities like indoor plumbing, electricity, and internet are much more widely accessible than in Nigeria.. It's technically richer because of all the oil and gas, but it's all concentrated in the hands of rich oligarchs, while the majority is poor. India has much better developmental indicators(literacy rate, fertility rate), middle class, and from my experiences of going to Nigeria, better infrastructure too.
All these areas need to be worked on of course, but it's disingenuous to say that life in Nigeria for the common man is better than it is in India. Nevertheless, I hope Nigeria and it's people see greater development in the coming years like we have been able to.. You have to remember India just has a shit ton of people, so per capita for wealth gets skewed hard."
330,IndiaGDP,"India Q3 GDP Live: India grows by 8.4% in Q3, thwarting expectations of 6.6%",
331,IndiaGDP,"India's GDP growth skyrockets to the moon with 7.8%, highest on the planet!","nah bro , China's 6.3 % with a 20 trillion economy is something else 💀
we should atleast be aiming for double digits as china was easily hitting those when they were our size.. I remember that my International Relations professor once said in one of the lectures, you will know that India is truly developing when the Indian people start comparing India to China, instead of Pakistan. He said this in 2017.. Yeah bro, we must. But I think in comparison to today's economic outlook, this isn't bad.
Hoping that once election is won by Modi next year, we will be able to sustain a 10%+ trajectory till 2029 atleast. Global outlook is favourable, so seems possible now.. China's numbers looks skeptical. While they are less than 7%, which was earlier forecasted, it seems to mismatch the economic crisis China is in. Their exports are falling month-on-month basis, youth unemployment is so high that they stopped producing data and above all population is falling.
So, yes, India is going above expectations and China below.. We will overtake Germany in 2 years now!!! Maybe even sooner!. Although I’m happy with this feat, with respect to GDP per capita we are still very low. I wish we reach atleast in top 20 of the list in my lifetime. How is china's growth rate 6.3% when there base is 17trillion?. Winnie the Pooh said so. At this rate it will get 3-5% growth next quarter. This quarter was affected by base effects from lockdown a year ago.. I wanna see that at 10%........for the next 30 years. Is it possible? Probably not but I still hope it does."
332,IndiaGDP,India has the lowest GDP per capita among all G20 countries,
333,IndiaGDP,"TIL that in 1700, India had the largest GDP in the world including more than all of Western Europe combined.","India and China were historically the largest concentrations of wealth and power, and for much of the time the most advanced areas technologically. China had porcelain and iron-working, silk and advanced agriculture, India had weaving and dyeing (when textiles were the single largest trade globally). Since both were rather larger than all of western Europe comparisons are difficult (Europe's economy looks different if you include areas such as the Balkans or Eastern Europe, which were very much part of Europe's political economy). GDP is also rather abstract in this context, as pre-modern economies (anything before 1850 at the earliest) had large non-monetized sectors: how do you value a social network?. The way wealth was produced changed fundamentally thanks to the Industrial Revolution. Before that, GDP was a function of natural wealth (spices for India) and desirable commodities like cloth (muslins), dyes (indigo), and other natural products (jewels come to mind) and artisan-produced handicrafts.
India’s population was a huge strength here.
After factories, the equation changed a lot. And of course colonial rule did a number on the economy — but it was really colonial rule + the Industrial Revolution that delivered the one-two punch.
These days low GDP per capita is strongly linked to high populations with lower education levels. Interestingly, China’s focus on good education from primary levels onwards since the 1970s has paid rich dividends in creating a richer country. By contrast, India spends far too little on education and the difference in per capita GDP is telling.. The mechanization of textile production in the west during the industrial revolution played a large part in breaking the Indian economy. The production and export of fine cotton cloth was probably the largest single sector of the Indian trade economy in 1700. The cotton mills of England crushed this craft. The weavers could not compete with machines. In 1834, the British Governor General himself stated:
""The bones of the cotton weavers are bleaching the plains of India."". Indians were forbidden at gunpoint to not weave their own textiles, to hand over all cotton, yarn etc to British, which was efficiently transported via railway to the ports and on to sunny England, where they mass produced textile, and resold it to the Indians at high prices. It's not that India didn't compete, it couldn't do so, due to a brutal and violent colonizer waving guns in its face all day.. I don't trust GDP estimates for 322 years ago.
edit. People shouldn't even be trusting GDP today as an accurate measurement of economic activity. God knows how bad it is at estimating economic activity 300 years ago when it lacks billions in infrastructure to measure it.
I'm also not saying that India as a whole wasn't wealthier than Western Europe. It probably was. But GDP as a measurement fails in the present times and fails for the past.. I don’t trust them even now.. I have no intention of minimizing Indian suffering under colonial rule, but based upon the wiki article cited, something happened to India's economy during the century prior to the onset of colonial rule. Was that external (i.e. things happening in the soon to be industrial world) or something caused by internal Indian politics?. There was a lot of political turmoil prior to colonial rule. Splinters and civil wars.
In “The Anarchy” by William Dalrymple he goes to great lengths to point out that Indian princes and rulers had access to all the technology and military skills the Europeans did (often hiring other Europeans to provide any deficits they had).
In fact it seems that the military success that catapulted the colonial systems into play was based on luck and also actually paying their troops (more or less) on time.
But the Indian rulers were splintered and often hated each other more than the colonial invaders (who also hated each other more than the local rulers).
All in all it’s messy as hell. And as usual the regular people got screwed.. I mean also the fact that India did not undergo only the British/European style colonisation.
Islamic colonisation had been around for a few centuries by the time the Europeans came around.. Whoever controls the spice..."
334,IndiaGDP,GDP per capita in Africa vs. India (1980 & 2022) [OC],
335,IndiaGDP,India's GDP and effect of 1991 economic reforms,". You need to use a log scale. Otherwise all exponential curves look like this. I feel the linear scale graph also makes a good point. . Both were thrown under the bus by Gandhi family. Don't agree with what you have shared. MMS destroyed our economy. India was like this before 2014.
Edit: it was sarcasm. Lol. 😂😂. With the quality of people around, sarcasm needs a /s indicator these days. But I thought this was too obvious.. It would help if both were in log scale. In the first graph, the absolute differences between IN, SG and SK are negligible compared the absolute size of the dots.. Economic reforms? I thought we are still in license raj?"
336,IndiaGDP,What india gdp will be like in 2050 realistically?,"realistically? then there is no answer realistically.. I would say between 40-50 trillion. it is almost like calculating who will a newborn marry to. Realistically, It's hard to say. A 25 year + estimate will be marred by unknown variables.
Anything and everything from a potential collapse of the US, A war between China and Taiwan, New disruptive tech etc could significantly change the answer.
If all goes well, 20 trillion USD would be a good place to be in. I just hope India is even livable at that point and isn't some wasteland because of Climate Change.. If we think numerically, we may achieve it, but for real growth in manufacturing, research and technology, education, and healthcare, we need long-term economic strategies, highly impactful schemes, and most importantly, an enthusiastic political personality.. If we continue with an avg. growth rate of 6%, for the next 30ish years, our gdp would double every 11ish years (rule of 70), so considering current gdp to be 4Tn USD, it would get to around 26-27Tn USD.
Avg. growth rate of 5% => 18Tn USD
Avg. growth rate of 4% => 12 Tn USD
Avg. growth rate of 7% => 32 Tn USD
Avg. growth rate of 8% => 40 Tn USD (v unrealistic)
The avg Indian growth rate the past 20 years was 5.85%. Considering this trend continues, we'll be at about 22-24Tn USD or about the size of the USA right now.
In the same period the US would be at 48 Tn USD and China at 54 Tn USD.. China is slowing down and US is racing away. Gap is gonna further wideen. There are serious issues with Chinese economy now."
337,IndiaGDP,13 districts in red contribute 50% of India's GDP,
338,IndiaGDP,India Q2 GDP Growth : India's GDP grows 7.6 per cent in Q2 FY24,
339,IndiaGDP,"India's 2030 Economy by State , Projected GDP Per Capita 2030",". A guy here was using pretty disgusting words against his own country men
This is the comment i wrote before it got removed/he deleted it
The cheap labour that comes from UP and Bihar literally carries the south if not for them prices would skyrocket
Also what the actual fuck man how can you call your own brothers and sisters such words? Everyone here is Indians.. Not just the cheap labour but lots of states were able to build their industries by using mineral resources from states like Bihar, Jharkhand and Chattisgarh.You should read about the freight equalization policy to learn more about this.Nowadays people are just bashing other Indians without even reading the history.Most of the people who comment things like Northie and Cowbelt belong to one or two particular states.. Look at this what redditor wrote:
https://reddit.com/r/Ni_Bondha/s/NBiFcgC6IM
As a Telugu guy, I want to apologize for all the bad stereotypes that these people make for UP/Bihar folks.. Bihar is going backwards. If not for the central govt pouring money and resources into it, it would be the poorest place in all of Asia and perhaps the world. The so-called vikas purush who was supposed to bring the state out of this mess was Nitish Kumar, and he has turned into one of the most reckless, divisive, casteist leaders in the entire country. He is now in a coalition with the very people he rose in opposition against, all to massage his national ambitions. This caste census and the idea of permanently apportioning the resources of the country based on population is dangerous and will lead to Balkanization of the country. And unfortunately, the great land of Magadha is fueling this movement.. there is long way for UP to go, sad. There is long way to go for India, sad!. Government should start taxing Sikkim residents now. Only state exempt from income tax.. Biharis in comment section still not getting problem.
First step is acceptance. Bihar 💀"
340,IndiaGDP,"India's GDP per capita is now lower than Bangladesh, Nigeria and Ivory Coast",". Don't worry. Our NITI Aayog will publish a new chart with fresh computation which will show India in top 20!
We are a feelgood nation and will lap up the greatness with no mind applied.. We are a feelgood nation and will lap up the greatness with no mind applied.
Actually a fact.. For additional context:
The World Economic Outlook report of IMF says that till 2026-27 Bangladesh will still be ahead of India and if anything, they will increase their lead.
Now, there can be a 100 excuses... ""Bangladesh is a smaller country"" ""PPP wise we are higher!!1!1!"" et al, but the fact is that we have to look at where we have come from.
In 2012, 10 years back. Bangladesh's per capita income was $883 while India's was $1444, not quite twice as much but 2/3rd's more than Bangladesh. We have lost that huge advantage and gone under Bangladesh.
I can take you backwards still, in 2010: it's $791 for B'desh and $1384 for India. That's an almost 2x lead that we(Mudi Xi) have squandered. My great grandfather shouldn't have crossed the border.... Almost all South Asian countries like Thailand, Vietnam, wtc have done marvelous.
Vietnam was almost destroyed after their war but they have transformed their country.. African countries are richer … per capita wise 😐. Another fun fact for you, only 2% of the india's population can be considered middle class (22500 - 50000 rupees per month) its all a big propaganda where data is misrepresented, the statisticians in India also consider the people who only earn 2$ per day that's 150 rupees per day and 4500 rupees per month.
I mean seriously, ek cooking oil ka packet hi 200 rupay ka hai aaj or agar ye log 2 packet mahine ka lele to 400 rupay to aise hi gaye inke.. Ye kaha ka middle class hai!?. Data published by foreign far left media who hate to see the development and ample employment opportunities in India. Also they have not yet come to terms with the fact that our commander in chief is the supremest of world leaders. Jalte hain saare.
/s. Who cares about low GDP per capita when you have the highest Mandir and Statues per capita in the entire world!
You AuntyNationals only talk about negative stuff!!
Hail Fuhrer Modi!!!. Fake news our expert u/critfin already clarified we are almost a 5 trillion economy"
341,IndiaGDP,13 districts in red contribute 50% of India’s GDP.,"While maharashtra may not be at the top when it comes to per capita statistics among the major states, western maharashtra and the malabar coast (from Udupi to southern kerala) are the largest contiguos developed regions in our country (if that makes sense).. Never knew Jaipur had a large economy.. 5/13 in Maharashtra 😳. Curious to know how Nashik fitted in the above pcture- which industries? Auto industries?. Wines as well. If a person has a factory in Gujarat and central office in Mumbai with all accounting happening in Mumbai, where is that figure contributing to GDP?. GDP is calculated by 2 methods.
GDP by factor cost: which basically means total income earned by 4 factors of production, rent on land, wage for labour, profit on investment and interest on capital.
In this case, factories in Gujarat will contribute to its GDP.
2. GDP by expenditure: basically where the goods are consumed, if the goods produced by the gujarat factories are consumed in Karnataka, it'll contribute to Karnataka's GDP.. I don’t think this is accounted for. Wonder if any analysis has captured this part. Monopoly of Maharashtra in contribution to GDP and CM Yogi thinks he can over take Maharashtra"
342,IndiaGDP,Eli5 How is India top 5 in gdp while 81% of their population live in poverty,"Because it has a HUGE population.
For example, Australia’s GDP per capita is about 25x India’s, but India has about 55x Australia’s population, so India’s overall GDP is a bit over twice Australia’s.. It is the most populous country. that ""per capita"" does a lot of heavy lifting when you're talking about 1 Billion people. ""Average"" in India only needs to be 1/3rd that of the USA to be equal in total. It's not but that's how powerful that large of a population is.. The population is so huge. If you instead control for population by using GDP Per Capita, they fall about 2/3 of the way down the list in ~138th place.. How is India top 5 in GDP while 81% of their population lives in poverty
The remaining 19% of is still enough to be the 5th most populous country in the world (266m). When you have something close to 20% of world population, it's easy to have a big gdp and a lot of poor people.. You are mixing up GDP and GDP per capita. Per capita is where the population plays a role.
GDP is regardless of population.. Even GDP per capita is far from perfect.
If you have an extremely wealthy 1%, then the rest can live in poverty and you would still have a high GDP per capita.. Because it's a large, very populous country - nearly 1.5 billion people (recent estimates saw them overtake China as the most populous nation last year). Their overall GDP is comparable to Japan and the UK, but with 10 or 20× the population of those, their GDP per Capita is relatively low.. Oversimplified
Richness of average people = gdp per capita = Money/People
Rich Countries: Lots of money/ A bit of people = Rich
Poor countries have two options
Poor countries: Lots of money/ Too much people = Poor or
Poor countries : Less money/ A bit of people = Poor.
Germany's wealth is 3rd in the world, distributed into 80 Million.
India's wealth is 5th in the world, distributed into 1400 Million."
343,IndiaGDP,Maharashtra has 5 out of top 13 districts by GDP. These 13 districts produce 50% of India’s GDP. So MH’s economic contribution is not limited to just Mumbai.,
344,InflationIndia,Burger King says tomatoes on 'vacation' as India battles food inflation,
345,InflationIndia,India's current medical inflation rate is 14%,
346,InflationIndia,"India, the world's top rice exporter, just slapped a 20% tax on some rice exports. It could further fuel food inflation.",". The northern hemisphere yields are starting to come in, I feel like this is a food security move. Farmers worldwide are facing yields where they were without Russian/Ukrainian fertilizers. Chinese phosphate production has been hampered by lockdowns, and rice is the most phosphate intensive crop. India is making sure its farmers are able to feed their own citizens first.. I feel like this is a food security move.
Poor monsoon rainfall has affected India's rice planting and local prices.
From Reuters:
The government has excluded parboiled and basmati rice from the export duty, which will come into effect from Sept. 9.
New Delhi also banned exports of 100% broken rice, which a few poor African countries import for human consumption, though that variety is mainly used for feed purposes.
The duty will affect white and brown rice, which account for more than 60% of India's exports, said B.V. Krishna Rao, president of the All India Rice Exporters Association.. And closer to India, Sri Lanka is having to pay much more for rice with money it doesn’t have. I sadly see lots of hungry people this winter.. Yeah. It was the wheat first and then rice. The monsoon has been erratic here in the indo-gangetic plains and just too much rains in the south. The yields have suffered and the area under cultivation of rice is low as well.
Basmati may be exported but other varieties won't be. Buffer stock is required for the public food distribution system given that 68% of the country depends on rations for three square meals a day.
Things aren't fine and dandy anymore. We are facing food inflation and it's just not due to increased oil prices.. From the linked story:
• India, the world's top rice exporter, has imposed a 20% tax on shipments of some rice grades.
• It has also banned the exports of 100% broken rice, which is mostly used for animal feed.
Perhaps this means that workers in India’s rice sector will receive a pay increase *or income support.
India’s middle-class has shrunk since the pandemic. The number of people living in poverty, in India, now accounts for 60 percent of the “global increase in poverty”.
A study by the Pew Research Center showed that the number of people in India living on $2 or less a day increased by 75 million due to the recession during the pandemic.. A
study by the Pew Research Center
showed that the number of people in India living on $2 or less a day increased by 75 million due to the recession during the pandemic.
Staggering statistic.. Winter is coming. Literally. And between lower crop yield, the war, and skyrocketed fertilizer prices, counties are building up their grain reserve anticipating food shortages in the winter. It is smart for India to jack up their rice price."
347,InflationIndia,"India is a rich country with a poor population facing issues like starvation, unemployment, casteism, untouchability and inflation - Nitin Gadkari","Atleast he somewhat acknowledges it, other BJP leaders straight up say that india is most advanced nation with most advanced civilization.. I wanna shit on these politicians faces. A kink of mine. How soon before Gadkaris kicked off , subjected to raids 🤔. It's not the first time he's said something like this though. And huge inequality in wealth.. I think that;s what he meant rich country with poor population.. He missed Corruption.. He's always vocal about problems. Thats why he doesn't get to much attention/appreciation from party itself. But he does good work so its unlikely they kick him out.. Akal ki baat karne pe aapko aapki party se nikaal denge, aise mat karo.. I wonder who the new Transport minister is going to be?"
348,InflationIndia,"IRS in US regularly updated tax brackets according to the inflation, but in India there is no concept of inflation? ","They just want the middle class to pay taxes so they can spend on election campaigns, give out useless freebies to their vote banks, and make their rich friends happy.. Yep, this is not ignorance but purposeful maleficence on the part of government. They know that the 3-15 lpa bracket contains most of the salaried professionals and by raising the slabs, they would loose this bounty. Most Indians are not educated in finance and terms like inflation and will not know about this daylight robbery.. Imagine having such a fucked tax system that IRS looks like a standard to follow lol. India is basically living life on hard mode. First of all work ultra hard or be super smart to make a decent living. Then pay upto 40% taxes on what you earn. If you save in FDs or debt, pay taxes on interest rate at your slab rate, and if in equities pay 10-15% on gains there as well. Anything half decent to get like a car or white goods are taxed at 28-75% with imported goods costing well over double, because government wants their cut.
After all that, very few are able to create wealth. And now these chomus in think tanks are thinking to start inheritance and wealth tax too.
No wonder the true rich deal in black money. Anyone touching white money will have everything he owns snatched.. They’re going to milk the one cattle which never protests.. Too busy watching IPL , big boss and whatever shit is on TV.
Is it really so difficult for salaried class to protest as one? 2024 is an election year and it was wasted.
What if (and I have suggested this before) all salaried people decide to take planned leave on 31st March and all of them head to the Income Tax office of their city and stage a protest? Why is it that people can organize well enough to bang vessels to drive away COVID or have a rainbow flag DP on social media but can't even once protest against the daylight robbery called tax? It's not like we get anything in return for those taxes unlike Scandinavia/EU where education and healthcare is paid out of taxes.. Even if that cattle class protests, it’s so minuscule. No one will listen only!!. Yes the tax brackets need to be revised based on inflation and it is seems obvious and logical. Better still if they put in a formula to arrive at this than so that it feels just and transparent. But is it going to happen?. Awfully depressed about the same thing. Feel like I'm so far behind and will never be able to catch up. How will I ever own a place to live? ever? Everything is so inflated and only going uphill always. I paid more in taxes than my own expenses last year. I drive a 10 year old car and badly need a new one. IT's all so unfair - I've no one to support me later in life but I pay for someone else's pension and livelihood on a daily basis.. Paw paw needs to stop inflation too!"
349,InflationIndia,Why salary in India is not going up even if there is high inflation?,"Supply is greater than demand. Hence cheap labour. There is always an Indian willing to work for cheaper than you.. Exactly. As always most of our problems boil down to overpopulation to at least some extent.. That company can pay nothing but experience certificate and there will be takers for it. We have so much of population among which many are young. Jobs do not keep pace with it. This happens even in the UK. In many fields, graduates need to do a so called 'unpaid internship' just to get work experience. They have to get a degree and then work for free to eventually get a paid job. Sad but true.. High supply of labour therefore low income.. that sucks. if you are in UAE you will be saving even more than that. why aren't you trying to go abroad for jobs?. Salaries are low for freshers in all fields except for those in tech, medicine and finance from Tier 1 universities. On the contrary, there is shortage of skilled professionals in most sectors. The first few years will be a grind, but if you've upgraded your knowledge and network, you can progress rapidly. Else you can try your luck in artistic fields, where sky's the limit, but the bottom is literally hell.. after engineering degree for engineering position ( electronics, embedded systems jobs)
Because there are so many engineering graduates passing out every year(around 15lakh) and only about 5-10% of them are actually employable.
And similarly there are not enough jobs, so a majority of jobs that don't require much skill see wage deflation."
350,InflationIndia,"India's retail inflation falls again in October, hits 5-month low of 4.87%","Also; The management of food inflation has been much better during the NDA government and despite the Covid-19 pandemic and the global crisis in the wake of the Russian war on Ukraine, it has been able to hold the inflation at 5.1 percent vis-à-vis 8.1 percent average inflation during the UPA regime. SOURCE
PS: Don't call me or anyone else names. I am not supporting or opposing any govt. Just discussion POV se. Haven't read the article, but based on the title, does it mean that the inflation has either decreased or remained constant (as compared to the global inflation)?
I am not linking to or bothered about the political aspect, just trying to understand the numbers and how they affect the common man citizen.. Perhaps you can go on trading economics or world bank site and see and compare the growth of real per-capita income between the governments. At the end of the day what matters to most is real income that's after adjusting for inflation.. Good and bad, bad for farmers good for the rest of India.
Ideally it should be around 2% , but NDA has performed better than UPA on this.
Other than a seasonal crop, very few have hit high prices. Ideally it should be around 2%
This is for developed countries not for developing countries. RBI targets about 4%. Yes! That's what I concluded from these stats. Also made me curious about Farm laws again as some may not like this here but I advocate free markets & if executed well they could have been very revolutionary imo.
(You all can downvote now lmao). . Found this link CPI. It compares CPI of three months (Oct not available yet). One can see fuel prices have gone down. This can be attributed to elections in 5 states in November.. Nah bro. This is about Food Inflation management. Also the rates given are the avg one not of recent times."
351,InflationIndia,Cheating in schools + Inflated marks for 12th grade. (India),". bro i get you so much it is sad. i am not sure but i think even some papers were completely leaked before the exam like wow my hard work is nothing. Yeah, it's totally unfair though. I'm pretty sure both the boards know about this but they're doing nothing. And these kids will have an advantage over us for admissions and all. At this point, I just feel like asking them to take our 9th and 10th marks for consideration cuz only that was honestly done.. my biggest academic regret remains not taking IB when i wanted to and opting for a big name school over a good curriculum lol. You don't realise how big of a pain IB is. It might look all sweet and fun from the outside but the workload is insane. You can rather do ISC or CBSE and top yourself with research papers, AP exams, ecas while getting a lot of free time. I wished I didn't do IB lmao.. I’m in ib and I regret this. My school offers both cbse and ib and sometimes the students in cbse get better placements than those in ib lmao. Ayyooo let's email the colleges xD. Lmaoo come on let's do it!
But in all seriousness if a lot of us actually email the colleges they may take this into consideration.. Actual facts man, a school in my city apparently showed their students the official answer sheet (since it was MCQs) wrote it on the whiteboard, literally everyone got full there apparently, its some bull.
Even my school is super competitive, they literally teach JEE/NEET portions in classes (the school teachers themselves not some external person), theyve made 7 books for math, 5 for physics and 2 for chem just with competitive MCQs, and they expect us to know how to do everything like wtf. bro, i can't say how much I feel the same...I mean I was literally scoring above 95's and all normally, but this fucking MCQ's just gave me so much hard time...people who studied way less than me are scoring more than me and I practices so hard for maths, but still the paper made me cry...I honestly don't want the CBSE term 1 marks to be released, just don't wanna see the disappointment and all...Hope for the best to both of us though!. "
352,InflationIndia,CPI Inflation India 2024,
353,InflationIndia,"India imposes major rice export ban, triggering inflation fears","The following submission statement was provided by u/Bellybutton_fluffjar:
SS. India, who account for 40% of world exports of white rice have issued a ban on exports due to a poor harvest. This poor harvest has been caused by heavier than expected monsoons damaging the crops. The heavier monsoons have been attributed to climate change.
Related to collapse because this will push prices up and push more People into food poverty. Also as a consequence of climate change, we are seeing more food insecurity as predicted many times on this sub.
Please reply to OP's comment here: https://old.reddit.com/r/collapse/comments/155jgrs/india_imposes_major_rice_export_ban_triggering/jsuidpb/. SS. India, who account for 40% of world exports of white rice have issued a ban on exports due to a poor harvest. This poor harvest has been caused by heavier than expected monsoons damaging the crops. The heavier monsoons have been attributed to climate change.
Related to collapse because this will push prices up and push more People into food poverty. Also as a consequence of climate change, we are seeing more food insecurity as predicted many times on this sub.. This is all heating up so fast.. Looks like food insecurity is going to be a big issue in 2024. Less rice, less wheat. What else? What next?. Ripe for a potato famine. But the heat in southern Europe is fucking up tomatoes, peppers and grapes.. What else? What next?
Not a global scale thing but here in NZ the cyclones and subsequent rain destroyed much of the kumara (sweet potato) crops as they are susceptible to fungal infections in water logged soil. Now some supermarkets are charging $3 to $4 each for them.. Price for olive oil is up again from what I've seen at the stores in Germany. Might not be everywhere though, so only anecdotal.. Well, global citrus production collapsed to half compared this year from last. Coffee production also declining 13% this year from last (in Colombia). Argentinian grain production collapsed somewhat 50% this year from last (that also had declined the previous season). Bananas are also dying in Asia, Africa due to lots of diseases. Cacao is also in trouble, declining. Tomatoes... Grapes... Looks like fruits are in trouble. Lettuce in some regions, gone (so dumb to plant lettuce in deserts). I will not put sources on everything because ""this is fine"".
https://www.reddit.com/r/collapze/comments/1556c65/colombias_coffee_production_drops_25_compared/
https://www.reddit.com/r/collapze/comments/13q0kp3/global_citrus_production_is_collapsing/. Just ordered a vacuum sealer and 40 lbs of rice for storage. Yep, I have mine on standby in the garage for this weekend. New buckets are gonna get heavy come tonight and Saturday. I would never say this out loud, because I adore and don't want to scar them, but I regret having children because I brought them into a complete and utter shit show. I will do everything I can to teach my 8 and 10 year old babies skills to help them through when the hard times really start pounding on the door."
354,InflationIndia,Burger King says tomatoes on 'vacation' as India battles food inflation,"The following submission statement was provided by u/InternetPeon:
SUBMISSION STATEMENT: Food scarcity continues to spread. Only yesterday there was a report of no more sriracha sauce. The loss of popular condiments and vegetables (I guess a tomato is technically a fruit) is a sure sign of collapse made less abstract.
As a frequent contributor to this forum I want to assure everyone that I will totally and completely have a meltdown when Ketchup is gone.
Please reply to OP's comment here: https://old.reddit.com/r/collapse/comments/15t4ci8/burger_king_says_tomatoes_on_vacation_as_india/jwhwxab/. I can already hear my racist grandfather’s anger at those “damn Indians who are selfishly driving up tomato prices.” Climate collapse could happen tomorrow, and they’d still find a way to blame someone else. And these headlines are only going to get more and more frequent. My god… what if we lose pickles?. SUBMISSION STATEMENT: Food scarcity continues to spread. Only yesterday there was a report of no more sriracha sauce. The loss of popular condiments and vegetables (I guess a tomato is technically a fruit) is a sure sign of collapse made less abstract.
As a frequent contributor to this forum I want to assure everyone that I will totally and completely have a meltdown when Ketchup is gone.. For me it's Franks hot sauce. If that goes, my world ends. I'm growing ghost peppers and chili peppers in a window box so hopefully it won't come to that!. A friend growing her own food had been struggling with her tomatoes too. Fragile lil thing. Just canned 21 lbs of tomatoes from this summer's first harvest. All plants are heirlooms grown from seeds saved from last year. Location: Mid-Michigan. So far, so good.. “Vacation”????? Oh ok.
Can’t wait for all the spin as we plunge deeper and deeper into collapse.. BK is going bankrupt slowly.
Nothing is surprising.. Fortunately I think my consciousness will be on vacation in less than 20 years."
355,InflationIndia,Inflation India: CPI at 17-mth high: FM Sitharaman says India has not breached inflation target ‘so badly’,
356,InflationIndia,"After Wheat ban, World's biggest grain exporter India restricts rice export to the world: Could lead to global food inflation - TheTatvaIndia","Gotta feed ourselves first before we give to someone else. True. Floods and heat waves have impacted our country's agriculture this year, so we fulfil our own needs first, before we look to export any food.. The irony is we don’t even feed ourselves. The middlemen will raise prices and poor people will still starve while the middle class gets hung out to dry.. After the US approves 400 million dollars for upgrading f16 jets to Pakistan which is a hostile and terrorist state, just to escalate instability in the Indian subcontinent, the west should learn what's in India's power to hurt the global economy, especially the western economy.
I bet the export of the grains to the poor nations will still be allowed just as they did with the wheat.. I doubt india could harm the global economy or even the western economy in a significant way , they banned rice exports because of less rain impacting the rice production and they don’t want people to starve in this country . It has nothing to do with f16 being upgraded
And also rich western countries would gladly pay more for rice than poor African countries so can’t really impact the western economies in any significant way. India has never let its poor allies suffer. While world watches idly, India is bailing out Sri Lanka that's crippled by Chinese debt traps. Afghanistan still considers India as most trustworthy allies as we never stopped exporting food to it no matter which regime was ruling it. During pandemic, when developed countries went into panic lockdown, and refusing to share vaccines and raw materials for vaccines, it was India supporting the poor nations with cheap or free vaccines.. The news is incomplete, as usual... Here's a snippet of the complete news:
Bharat restricted grain supply to hoarders (mainly US and European countries), so that the supply to its traditional trading partners (Africa, South Asia, and Middle East) doesn't get affected.. Maar do maake lawdo ko mehnge Gehu aur chaval deke. Chad 🗿🗿🗿"
357,InflationIndia,Rate of Inflation in India,"Lowest because cost of living is already way beyond other states 🫠🫠. . Lowest rate of inflation in goa ?
MF see the petrol price rates, land/property rates, food rates. They are all time compared to what I last remember. Almost doubled. You have to wake up to realise. And no, that's not how its calculated. Ye huichi metrics use kortai tevui sang mare.. Ministry of statistics. Government of India. "
358,InflationIndia,UD inflation higher than India !!,". Paisa print karoge toh yehi hoga. Wahi. Agle baar se soft copy leke chalna.. 70% of US dollars are hold by other countries. They got rich by making other people poor. A 7% inflation is nothing compared to trillions they've printed.. Hey man, take these numbers with a pinch of salt. The real inflation is usually much much higher"
359,InflationIndia,#inflation #india,". Sri Lankan Rupee depreciated by 50% in just 1 month. Should I invest in gold rn?. Hemorrhoids? 😄. Buying as much gold and silver possible is time tested best investment safety wise, especially in these times. Crisis in Sri Lanka, Uncertainty in Pakistan. "
360,InflationIndia,"If the inflation data for India is released quaerterly, then how to calculate the inflation for entire year? ",
361,InflationIndia,"IRS in US regularly adjusts tax brackets according to the inflation, but India tere is no such provision? ","Thanks for raising the question. My blood boiled when I learnt about this (almost) auto-inflation adjustment in US and other western countries too. This is bare minimum which must be done.. Inflation adjustment? What is this western concept?
/s. This cracked me up, there's so many subs like that. You'll get berated.. This feels like something Nirmala Sitharaman would definitely say. And it is not just income tax. There's taxes everywhere. The bazillion taxes in literally any day to day and common transactions at multiple levels or points.
Ironically our taxation system is among the most complex ones worldwide, and it is very outdated.
I don't see a proper tax reform happening anytime soon, or ever... Just more taxes.... Not happening anytime, as taxpayers are rightfully a minority. . 50 lakhs and #middleclassstruggles dont sit well in the same sentence.. New regime: Am i a joke to you (More then 15l @30% and increased basic exemption). increased basic exemption)
2.5 Lakh se 3 Lakh
For senior citizens - No changes. Thank you ! Tax brackets have not been changed, deductions not increased.
And US has more accurate inflation info than India. Yes, RBI coming out & saying inflation is 6% while the prices of veggies, housing, education has increased more than 50% post covid, in span of just 4 years."
362,InflationIndia,Inflation in India 1989-2023 with projection upto 2029,"Inflation is one of those things that can't be projected. It has way too many parameters and uncertainty of certain global events just makes matters worse.. Wake me up in 2029. Hi, u/Frequent-Hunter532! Welcome to r/IndianStreetBets!
Use the Daily Discussion Thread for basic queries. Before contributing, do check if your particular question has been answered in the Wiki. Do utilise the search function to do the same too. Please use proper post flairs and adhere to the rules in the sidebar. You are urged to post beginner questions in the stickied daily discussion thread or on our Discord in #beginner-questions channel so as to keep the subreddit as clutter-free as possible. If this post has good insights or well research, tag the Mods so we can give a shoutout on Discord and get the post more traction Thank you!
I am a bot, and this action was performed automatically. Please contact the moderators of this subreddit if you have any questions or concerns.. Projection ki aisi ki taisi ho chuki he already:
https://economictimes.indiatimes.com/industry/energy/oil-gas/centre-hikes-windfall-tax-on-crude-oil-to-rs-7000-per-tonne/articleshow/111761528.cms?from=mdr. at least it won't be worse than congress."
363,InflationIndia,Inflation India: Inflation nation: Tighten your belts. Current price rise cycle will likely be long and grim,"Good luck middle class. You are fckd.. Ahh, my chikna mudi is still edging by using middle class as a fleshlight 🤤. Mmmm mudi baby... Time to buy some lube to make it easier.. Sanctions are not helping with fuel prices. . "
364,InflationIndia,Inflation in India 1989-2023 with projection upto 2029,. When the parameters are changed its useless to compare the previous years. which parameters are you referring to?
365,InflationIndia,India considering to import 8-9 million tonnes of wheat from Russia amid inflation: Report,"What a comedy Vishwaguru.
India has been donating wheat free to Afghanistan every month since the last 1+ years - they even donated last month.
Now this month they are importing wheat.. Revdi samrat showing his revdi throwing skills internationally bro. Feel proud. An echo of the times when vishwabro donated vaccines to Africa and then forgot to order vaccines for our own population.. This is basically Oil 2.0, India buying cheap wheat and reselling to rest of the world. Given there is a naval war ongoing in Black sea( Russia and Ukraine are attacking merchant ships), it's the only option for the world to prevent a global food crisis.. India yet again choosing a losing side. Atleast USSR had a chance, this time Russia has no way to claim as victor.. Meh, it's highly beneficial for India I'd say. Russian goods are cheap asf right now.. So the real anna datas are Russians. I thought MSP would be the silver bullet that solves everything lol.
Those who opposed the agro reforms will go down as the villains when we look back with the benefit of hindsight.. "
366,InflationIndia,India's Inflation Hits 12.9% YoY: Highest in 30 Years,"Remember when inflation used to be such a hot topic of discussion before 2014?. Now hot topics have graduated to 'comedians threatening national security'.. Even Nifty50 cannot beat this!
ManMohan Singh government was brought to its knees when inflation hit 8%
Meanwhile, Kaka just obliterating everything and no one bats an eyelid.. I think this current govt go people fixed with Mandir, Religious hate, fake propaganda that everything is fine , it is not suffering its sacrifice for the greater cause , so I guess people are silently suffering thinking that Modi ji will do something great, so until that mind set changes, I guess the while nation has to bear the brunt"
367,InflationIndia,"Retail inflation at 12-mth low, IIP holds steady at 5% - Times of India","Inflation was always the lowest in India last 5 years. Opposition and LW made it look like India had highest inflation.
Congress fooled gullible illiterate Indians comparing petrol and commodities prices of 2012 and 2024. Indians think price of commodities should remain constant throughout the years for some reason.. there is no +ve vote for keeping inflation in control, you only get -ve vote if inflation is high. For these 'gullible' people inflation doesn't work like how RBI and the govt thinks and pat their backs for. These gullible people see inflation mostly on day to day basis. For a gullible people when they see an increase in the petrol price or food price or Lpg price or school fees for their children or medical expenses from one day to other they talk about it coz it burdens their pocket. A big amount of the overall spending of these gullible people goes to food spendings and rent and for these gullible people that matters. These gullible people also understand that prices should increase over time but the wages of these gullible people aren't increasing in that proportion so that's why it becomes a burden on them.. based based. This is only for ""core inflation"" which does not include food and fuel. This also obviously does not measure the real estate market in cities.
The article also mentions that food inflation is at 27%.
When wages have dropped (by virtue of remaining stagnant even though inflation continues) this makes everything else more expensive. https://www.business-standard.com/economy/news/real-wage-of-salaried-workers-dipped-in-2012-2022-period-ilo-report-124040100999_1.html
Unless wages begin to match inflation from the last 10 years, people aren't going to be able to afford the items that comprise ""core inflation minus fuel and food"".. How much can you lie. Core inflation is 3. Something as per the article. And
The food price index was at 8.7%, similar to the level in April
27% is just vegetable inflation.
Overall inflation is just 4 despite what you think. Vegetable prices rose by 27% not food inflation in general...."
368,InflationIndia,"Medical inflation in India reaches alarming rate of 14%, reveals report","The study revealed that India has one of the highest medical inflation rates in Asia, reaching 14 percent.
The report found that the burden of healthcare expenses is disproportionately affecting over 90 million individuals, with costs exceeding 10 percent of their total expenditure.
No wonder India's private consumption and household savings are down the drain.. . Paid for in electoral bonds.. People should plan for skyrocketing medical costs, something we in US have been dealing with because of the Insurance middle entity greed and doctors wanting their 2nd boat.. Doctors wanting their second boat? Only few top consultants get paid like that. Rest of us are living paycheck to paycheck. This is not the US, you can always get free good quality government medicine if you're willing to wait. The high costs are for private medicine. This happens because we're the centre of medical tourism now, we get people from a lot of nearby countries visiting us for good quality surgeries, so naturally they want to make money off this.. IT people who now started getting , MIN 50 Lpa are crying. why put it on doctors , its corporate. Corporate appoints doctors who are paid less ,compared to IT people . You guys work in corporate cause u need money ,prefer corporate hospital , follow their price then . Jsut like CEO and other corporates, medical field runs. The obvious fact is average eng get paid way more for their work than a average doc .. . Loosada nee? Mada sambraaniya? Arivunu konjamaavathu iruka?"
369,TechIndia,Happy Diwali IndiaTech,. Agar robot puja karega to usko ashirvad me.kya milega ? Consciousness ? Neural level 99 ? World domination ?. 10% extra battery. Skynet is playing the long game.. The oil/grease in the joints would never dry up. -_-. Ashirwad ka nahi pata but prasad me WD40 milega. Based. Religious bots.. You win today.. Is he praying the Megatron?. Happy Diwali! OC? Details about the robot?. not OC this is by robotics company Orangewood. 
370,TechIndia,Almost all Indian tech startups are total shit. Why does India don't have any good tech company?,". It's a reflection of the overall Indian culture of cutting corners and taking shortcuts. Taking other people's money and making it your own through startups is just a newer scam in a long line of scams that people have come up with in India. People don't have morals and goals/vision (except for making themselves rich at the expense of anything else). In the US, entrepreneur greed aligns with the greater good of the general populace as it leads to genuine innovation and competition. Additionally, there are public institutions like FTC and IRS which hold even the rich people and companies accountable for their bad behaviour. We don't have any such strong institutions and hence people are incentivized to behave in their own interest without facing any repercussions. . This is the right answer.. Not possible. Till the date our 12 lakhs students keep prioritising Jee, Upsc, Govt exams, CAT.
To ab bache vo 3 marks k question k bare me soche (Taaki uska family upar uth jaye) ya kuch innovative soche. These exams basically makes us more like a worker rather than a leader.. Generalizing it a bit more. It's the society.
We are a poor country (atleast this generation and the previous 2-3), and this directly influences the habits of that generation and the next. And hence the choice of parents/teacher is not to teach someone to innovate, but rather make them employable. For better or for worse, the education we receive (atleast I can speak for myself and my schoolmates, from a semi-government school) was not to innovate, we were peddled the idea of hard work in a definite way, which was tried and tested (or atleast thought to be) so that each person could earn 30k/mth (even that was considered luxurious and more than what many parents earned). We were told stories of people who got jobs here and there, and the stories of their hardwork.
I am not half as knowledgeable to tell why we were poor and how to get out of it, but atleast for the purview of OP's question, you cannot innovate when most of the country's children are fighting for 3 square meals a day. Ofcourse there are children who grew up in comfort, but for them, they are told they are ""superior"" to others. So you get shit, controlling companies. And in the middle, there might be a sweet spot, which are the actual good startups.
_____
Just FYI about me, I didn't grew up in poverty, I was quite comfortable growing up, atleast in terms of items, we had the AC, car, food, ... But I did go to a semi-government school for 11th and 12th and honestly it changed my whole viewpoint. I had a classmate, who had to borrow textbooks from the library because his parents could only afford a few books. I helped out whenever and wherever possible, but it's difficult to do so without crossing a line. Those were probably the best two years in my life and the most eye-opening ones. it will be difficult to have an automatic drone company in india firstly because, who will do the hardware when everyone is going for IT jobs XD
Moreover, hardware companies need manufacturing plants and it has been well documented how hard it is to create a manufacturing setup in our country.. Companies are not just about developers. There needs to be leaders and entrepreneurs, who are capable of enabling and leading the developers. There needs to be leaders with capable social skills to market a product.. So you mean there are no such leader in india ? But what maybe the reason? Maybe our culture which restricts and don't give freedom to follow dreams of their own.. I'm in space tech for the last 15 years. The last I checked, except in Pixxel almost no space tech startups pay even a 6 figure salary on a monthly basis.
Just check the Glassdoor reviews of Agnikul. You'll be surprised.. This is a true problem. In the 4th year, if you get placement, it's better, but if you dont get a placement till starting of the last semester your parents and big gurus and whoever it is will tell you to go for master and give gate after that u search for government job and suddenly you are 28 years and then you work and work then comes a girl then you start preparing for future by saving money and then your risk taking years are over and your stomach will buldge out like a 8 month pregnant women and you will die at 70. If you don't think about doing something other than studies before going to college, you will never get time after college. You are allowed to think that you can start over everything after college or 30 years, but it's delusional in INDIA."
371,TechIndia,FIRE:Non-Tech:India,
372,TechIndia,Are these tech influencers in india looting the masses with courses.,". More like masses are idiots for buying the course.. True as a first year student here can confirm most of my peers just count on them without thinking that in the end they are here just make profit for themselves. When everyone is digging for gold sell shovels. Tabhi toh they're quitting their jobs and selling courses 🫠 The revenue is crazy. Someone on this sub calculated the revenue of Apna college dsa courses months ago. More like Apni Dukaan 😅. Man i am student and it has increased so much in the last 2 years of me having started my Btech, you can literally get same level courses for free on YouTube or under 500 on Udemy. Want personal doubt clearance? stackoverflow and Gpt are enough I think.. Free videos on YouTube
Audit course on Coursera
Cheap courses on udemy
Most of stuff on high seas.
You can get great courses for free relatively easily."
373,TechIndia,Around 76 locations were raided in India as part of a crackdown on phony tech support scam calls,"Wouldn’t be surprised if they pop up in different locations later, but WAY TO GO.
Freakin tired of “Michael” trying to get hold of me.. Hey! It's Michael here, been try to contact you. Your computer is hack and need security program. Very good price only 500 on itunes gift card. very good send now be blessed. HEY VSAUCE! MICHAEL HERE! GIVE ME GIFT CARD PLEASE!. I'd say this is a good start. These raids have been happening for years, but they seem to be one offs and don't really have a noticeable effect on the number of scam calls.
Hitting locations in eastern Europe would go a long way as well. I have a feeling though the actual shot callers are just going to take their ""business"" elsewhere, probably to Africa.. Raiding locations does not matter, they perfectly know locally who owns them. Until they go after the owner, it is BS.. Why did you redeemed it !!!??. Kitboga is a Saint performing a much needed public service.. Kindly do the needful. Hi this is Eric from Microsoft Customer Support! Unfortunately ma’am you have virus and I give you 2500 extra ma’am please maaam buy Best Buy gift card and give me code ma’am I will get fired ma’am please ma’am I have three kid ma’am you’re like my grandmother ma’am please ma’am motherchud. India hasn't been doing **** to stop them. Sounds like Amazon and Microsoft are forcing their hands. However, this made me laugh and realize what a joke this is:
Law enforcement seized 32 phones, 48 laptops and hard discs, and 33 SIM cards and froze several bank accounts amid the raid of the 76 locations.
In 76 locations, you're telling me there was only one phone or one laptop seized? Gtfo. I've seen the CCTV call center videos and there's usually several in each. That's not even a drop in the bucket.
I've received thousands of scam calls between Amazon, Apple, IRS, Police charity, Fire charity, Medicare/Medicaid, car warranty, card services, etc.
All Indian call centers. (On one of the calls, I found out that U.S. company Connexion Point was really behind the Medicare/Medicaid scam calls)."
374,TechIndia,Apple and Google block dozens of Chinese apps in India – TechCrunch,"How can I tell which apps are from China in my Apple App Store?
I’d rather just delete them all or ensure I don’t have any of them on my phone than take the risk.... Yea. Can some answer this. I have a lot of camera apps and if they are owned by China am sure they are harvesting the shit out of it. There is an app which tells me hi u apps are Chinese apps these apps have malicious data collecting practices.
Even if you go on read tik tok data collection policy,
“We may collect information about you from other publicly available sources”
Why a music and video app needs this is just scary... Well at least one place banned tik tok. Good for them. Now get it done here in the states.. Nope because we just talk tough to China not take any actual action!. I like how apple removes a vaping app called PAX that helps with people that use cannabis vapes, but leave these toxic ass apps up on the app store. Especially Tik tok I just can’t stand it. Spying a wholes. Screw them. Hope they all get shutdown.. Why not in America??? Are they only a threat in India?. Because India today has a spine. America today does not."
375,TechIndia,"GDP of India and China. In late 1970's - Deng Xioping, embraced  a set of goals which were the Four  Modernizations - agriculture, industry, defense, and science & tech. India kept pace for a long time. ","I thought India became a liberalized economy from 1990 onwards and yet the gap between China and India widened significantly since 1990.
Can someone eli5 what exactly happened here?. The simple fact that after becoming the member of the WTO, China's economy just boomed as it opened its economy and embraced foreign trade . Point to be noted here is that prior to 1978-79, they were a relatively closed economy. The great leap forward programme was a ray of hope for them but didn't yield expected results as much as they wanted it to. After that, they chose their growth engine in the form of manufacturing. A lotta economic literature supports manufacturing as the prime moving force (PMF) which is conducive to a country having large idle labour and excess capacity. Also, compared to service sector , the path India chose upon liberalisation, manufacturing is a more labour absorbing sector. Also agriculture warrants a much much wider attention than our govt would like to give it. Agriculture and manufacturing are the backbone of a self sufficient stable, and growing economy. China focussed on that. And result is in front of all to see.
We did the same with services and also to some extent agriculture. But we were marred by altogether different sets of challenges and ofcourse the over the top corruption. A peculiar point also which I would like to highlight is stability in the govt at the centre is a big plus for infrastructure. Something India struggled with after 1990. We saw a lot of govt changes and coalition politics and, defections and hung assemblies! That's not conducive for investment. Similarly, political turmoil, instability, uneasiness of doing business, licensing nightmares, issues with babu-culture, delays in land acquisition, is a big big problem. Something which china doesn't have. Now we can all flatter ourselves calling ourselves the biggest democracy and what not and blame China and find ills about their authoritative regime, but the truth is , ask anyone what they want today. Voting rights? Voting options? Or a square meal twice a day! Political rights mean Jackshit when you don't have economic rights and economic freedom!. This shows you the importance of geopolitics in a country's fate.
Americans used China against Russia. They also used Pakistan against Afghanistan and to stop Russia and against us. China became China because the money was flowing from America. India didn't become china because of very late liberalisation and constant conflicts with the Americans (nuclear test and so many other things). And the incompetence of coalition governments.. Bro we need to compare gdp of Pakistan and india, so that majority of people can enjoy the country we live and be grateful 😂. Most people understand these graphs but are very against free markets and forever want government to step in and distort the market. For example, the recent demand for MSP on all agri-commodities, free or extra subsidy for electricity for residential customers, etc. Copy-pasta from a quick google search, this should explain you: Although a lot of people mistakenly think that a country's GDP is the best predictor of its economic growth, GDP actually simply accounts for the total value of products and services generated in a nation. The population size or wealth distribution are not considered. Per capita income plays a role in this.. We don’t even stand a chance…. Damn.. oh we'll get there. So I guess the whole Nehru ki galti is just another jhumla"
376,TechIndia,R.I.P. Game Consoles - This article was in this week's edition of India's most read Tech magazine,"I'm from India. Casual reminder that the PC Gaming scene here is much much bigger than the console scene mainly because of the pricing.. India just keeps impressing me. ""What am I? A Rocket Surgeontist? Normal people cant build a PC. Besides, consoles Just Work""
-Peasants.. I don't like the stupidity in the ""powerrrr"" paragraph.
Claiming that the 2Ghz ARM based SoC in your phone is in anyway comparable to a desktop x86 CPU...... Now if only we could get rid of luxury tax on GPU's. For reference : A GTX 970 retails for 330$ starting. In india i am not sure about reference models but the Zotac on is the cheapest and starts at 27000 Rupees , so about 421$ ( 64 rupees/ dolllar) . Rest of the components are similarly priced. Also if we buy discs we get games cheaper too. woohoo. That said i am glad SKOAR is featured here. We used to read DIGIT back in the day to get our PC games and demo's fix. . never forget Tanaka 3-d. Misleading article is misleading. Aint no one running Battlefield 4 at 4k with a 750ti.
I like that its a very pro-pcmasterrace article, but if you're trying to convince people to switch its:
VERY technical
comes across as condescending
is technically inaccurate
We can convince people that consoles are dead by not flaming them to death.. I have no problem with gaming consoles, I have a problem with inferior PC wannabes. The Wii U is a perfect example of a true gaming console: no shitty paid online service, no bullshit graphics, good local co-op oriented games. It has the ""living room quality"" sit around with some friends and play games that for some reason the Pisspoor and the Xbone don't seem to get.. A word of thanks to our brother Dafaq Das who let me know of this article through our Official Facebook Page.. To be fair, I've heard ""The PC is Dead"" more times than I can count.. ""Inconsoleable"""
377,TechIndia,TIL American companies are building accounting and tech sweatshops in India,
378,TechIndia,India has become first country to successfully land a spacecraft on the moon's south pole | Science & Tech News,
379,TechIndia,BlackRock slashes India's Byju's valuation by 95% to $1 bln - TechCrunch,. . $1B bhi bohot jyada hai. Wolf gupta se help seek kar lein.. Byjus is an example for founders that growth happens with natural course of time and your value of derivative can never be higher than your underlying asset. All bad deed happens at Byjus because of pandemic and how easy the money was available due to low interest rate. . I think it's just an example of investors ignoring all red flags because number go up. Everyone knew of their incredibly shady sales tactics and poor governance. But investors kept pouring money thinking with scale they will discard their bad reputation.. Their business model was always rotten to the core. Such businesses can never flourish in the long run.. Wait till its valuation get slashed again by another 95% then sold off to its competitors piece by piece like meat.. 
380,TechIndia,Five Eyes nations plus Japan and India call for Big Tech to bake backdoors into everything,"Embed the safety of the public in system designs, thereby enabling companies to act against illegal content and activity effectively
You know, illegal activity like being gay or liking human rights. Even if the backdoor was perfectly technically secure and only the proper authorities had access, it doesn't help much if said authorities suddenly regard you as an untermensch and you are thrown in a prison to rot. Thisss! I’ll stop using this shit if everything has backdoors.. And that comes literally weeks after the report on the investigation of NSAs freedom to spy on everyone being completely ineffective in terms of fighting terrorism. Wow. I mean I see their point in a way but that would work only in ideal world which is not our case obviously. Imagine those tools being handed over to Putin or Pooh. They will proceed to execute thousands. Hilarious.. Always the same tired worn out bullshit excuses for stripping away what little is left of privacy. Muh terrorism muh kiddy diddlers.. This is crazy. They will use the excuse of child pornography or whatever gets people onboard to make it happen but they will most likely turn around and use it for something completely different and most likely abuse it.. Tech companies should actually do the opposite. They absolutely can resist too. They have all the power in this situation, and frankly, they would be doing what the people want.
I find it ironic that the people want protection from spying and abusive oversight, while government wants to do the opposite. People want inherently secure systems while government wants an inherently insecure system.. Make Orwell fiction again!. Authorities can’t be trusted with it. Even if today we had a competent and benevolent government, there is no guarantee that a future government won’t abuse it."
381,TechIndia,India Tech Reddit Recap 2023,". Thanks for being a part of r/IndiaTech. I am overwhelmed with the responses.
IndiaTech journey in September 2023, and in just 3 months, we are close to 50,000 members now!
At a point in October 2023, we were the fastest growing Reddit community.
Thanks bwayne and pluto for being a part of this journey. Thanks to all our active users. (will give a shoutout to the active members on 31st December)
We are hoping that in 2024, with our new mods, the quality of discussion here improves and it becomes the best place for Indians to discuss about tech.
Consider joining our new Discord server and make it active too!: https://discord.com/invite/jusBH48ffM. How to view my recap on mobile pls say 😭. Ye man many people are getting their recaps. Me too didn't get mine :'(. This is community recap, user only recap not out yet. Wow. How do I watch my wrap. How do I watch my wrap. I want my recap too!. I think it’s only for subReddits only. "
382,TechIndia,"University of California Hires India-Based IT Outsourcer, Lays Off Tech Workers","How to destroy your IT department written by ""Every Manager"":
Demand that your IT staff support everything with a power plug. Toaster is broken in the break room? Better call the helpdesk. After all they aren't doing anything else anyway right? Everything is running fine.
Zero the training and test budgets because you don't want to train your staff just to have them leave. Of course now they call IT every time their excel formulas break. Sysadmins are stuck giving 1-on-1 training to everyone via the ticketing system. Pay zero attention to computer skills when hiring.
Refuse to have any sort of hardware or software replacement or upgrade policy. Instead only do break fix repairs, and wait to order anything until day 3 of the outage. Your sysadmins should spend weeks engineering around a problem that could be solved with $1000 of SSDs or RAM to 'save money'.
Now that man-hours are up and reliability is down. Be sure to make wildly inaccurate comparisons to support departments in other businesses/industries. ""This magazine article says that google only needs one technician per 10,000 servers!"" Of course the problem is clearly that your IT department must be lazy/inadequate.
Completely fall for the cost cutting promises given by an outsourcing company, while ignoring all of the fine print in the contract that defines their scope very narrowly, and has no defined costs for work outside of scope.
Fire your worthless IT department in favor of outsourcing. Keep them around for the 90-day handover specified in the outsourcing contract. Completely ignore all the red flags that your engineers mention about effectively providing three months of extensive training to 'technicians' who don't understand the basics. That's all hogwash the outsourcing company says all their engineers have BS degrees.
Record the huge cost savings in advance and pay out all the executive bonuses. Ignore all the complaints about the outsourcing companies refusal to do anything but the basics, and also being terrible at the basics. Suddenly you find that a lot of important things were missing from the outsourcing contract. The outsourcing company will agree to take those on for a steep hourly fee. Oh well, I guess slightly less savings.
By the third year everything is being defined as 'out of contract scope' by the outsourcing company and costs are similar to what the in-house IT used to be. Shadow IT is becoming prevalent as people learn to not rely on the outsourcing company. People start talking about who's fault it is...
Hire internal IT staff to take the heat off of yourself and end the outsourcing relationship, and gradually return to step #1.
Edit: Thanks for the gold(s) here are some survival tips to stay out of this cycle
Push back aggressively on scope. Don't fix the toaster and support the other sysadmins who also refuse. You don't have to be rude or argue. Just say no. There are plenty of important things to do, and if they took the time to look into it they would want you spending time on the important issues.
Regularly outsource smaller things you don't want to do anyway. Copiers/printers are a good example. Let them regularly see the realities of what outsourcing is like in practice. When some exec catches the 'cost cutting' bug they will see an expensive copier vendor, not an expensive IT department.
Ask management which one of them will manage the outsourcing company. If there is one thing that bad executives hate it's responsibility. Be sure to point out that someone will have to tell the outsourcing company what types of technology are needed in the future, and sign vendor contracts etc.... Does UC want to start solving their own damn IT problems? Because (as a former employee that got outsourced to HCL along with his job) they are going to get an easier solution by googling it than relying on anything HCL provides!. And the irony is that they offer computer science courses. Come here and take courses to prepare yourself for a job that we outsourced!
Similar thing happened when I worked for ITT. We laid off the entire CAD department at the same time that ITT Tech was advertising training people in CAD.. Perhaps there aren't enough university STEM-trained Americans to fill the jobs? Oh, wait...
Joe Bengfort, the CIO for the UCSF campus, said the campus is facing ""difficult circumstances"" because of declining reimbursement and the impact of the Affordable Healthcare Act, which has increased the volume of patients but limits reimbursement to around 55 cents on the dollar, he said.
So it appears management layers aren't being outsourced:
HCL will provide data center monitoring and operations, server, storage, database, middleware and Citrix, as well as network operations, routers, switches, firewalls, load balancers, WLAN controllers. Other services will include unified communications -- telephony, email, chat, SharePoint, audio and video conferencing -- and application maintenance for PeopleSoft, C#, .Net and Java apps. It will also provide application development augmentation services, according to the university."
383,TechIndia,What are some of your India specific tech-pro hacks?,". I m currently in wfh. The office requires to use a portal and click on a login button daily in the morning for attendance. I wrote a script to do the same and deployed it. Then used Tasker app on my phone to send API requests automatically at 10:00 AM to mark my attendance.
This all happens while I m fast asleep and I wake up at 11:00 AM and start working.. 🤌🤌make it open source please😂. A small python script that moves my mouse cursor every 5 seconds so that my status on Teams is green while i play Dota.. Few years back, I wrote a script that wished my Facebook friends on their birthdays. It used to run as a Cron job every day morning. I stopped it, when I realised it is wishing people even whom I never met in real life and giving a feeling that I am stalking. This is something that I've been meaning to do forever, but never got around to doing: ever since I've started using UPI, my monthly bank statements have hundreds of entries. This is both an opportunity and a challenge if I have to categorize my expenses to see where my money is going.
My idea was to do this: every time I make a UPI payment, in the ""Add a note"" box (which I usually leave empty), I'll enter the category, like ""veggies"", ""grocery"", ""swiggy"", ""utilities"" etc. This note shows up in the bank statement, so I can write a script that parses the statement PDF and make a csv with my expenses categorized.. One way I found was to have a separate zero balance account for daily UPI expenses AND/OR have a UPI/Rupay Credit Card. This was in college when classes were online due to covid. Professors used to share a form in teams which was to be filled for attendance. So I made a script that would fill out the attendance form when the form was visible on the screen. Saved a lot of manual effort.
But the teachers used to enable the form for a few mins randomly during class. So that only those who were listening would get to fill the form.
So I modified the script to send me a notification on telegram whenever the script filled a form. Then I made it into an executable and shared it with my friends. They started using the script to auto fill the forms and I would get notified every time and thus knew when the attendance form needed to be filled.
Worked perfectly for a year and saved me from those boring lectures throughout.. This is how the telegram notifications looked. Good old days :''). So back in college I wrote a command line tool to schedule and auto-join WebEx and Google Meet meetings, according to my classes timetable. Used Windows Scheduler to set which link to join at which times on which days, and it used to automatically open the link, switch off video, mute mic and join, all while I’m fast asleep :)
I had given it admin access in Windows Scheduler so it even worked if the laptop was locked.
Although it’s been a while since I used it, this can be used to set to auto-join your weekly/monthly all hands meetings etc where you aren’t expected to speak.
“pip install autojoiner” to check it out :)"
384,TechIndia,France Could Help India with Nuclear-powered Attack Submarine Tech,". You get a nuclear sub ! And you get a nuclear sub ! Look below your chair there are nuclear sub ! You all get a nuclear sub !. France: ""Friendship ended with Australia. Now India is my best friend."". Wait I've seen this one before.. You cant even have a proper dispute those days then you have to deal with the shitstorm from the media."
385,TechIndia,What the current market rate / salary of tech people in India.,". 1 lac to 1 .5 Cr.. Brst answer doesnt exis...... Anything less than a crore is middle-class nowadays! /s. 20K to 1.5Cr. There was a guy hiring for 10k here a few days back. Here's the formula:
Compensation = avg salary x luck
Where avg salary is the number you see on the sites you mentioned. luck is 0 :) for freshers atm. You could have collected some data from here by sharing your compensation as well. I started from tier 3 city, 2 LPA To now, 26 LPA, tier 1 city 6 years experience Mobile engineer. Tf is AI engineer? 💀 Just a stupid fancy term for deploying models. That's just backend work."
386,TechIndia,India ka sbse bda tech channel,
387,TechIndia,Correspondence with Nvidia pertaining to RP Tech India,"You are doing GODS word my good man. Gonna go raise a ticket, I suggest everyone takes OPs lead and do the same.. u/Dhokla_Ranger Would you please pin this to to top of the thread if possible atleast for a week so that many may read and create tickets if needed similar to OP. Whoa, that's a lot of effort. Thank you for your troubles.. All this would go to waste anyways if Nvidia chooses to not do anything about it.. Good correspondence..thanks for sharing. I assume we will see an IGN India article too...a lot of their articles seem to stem from discussions and posts here.
I wish Nvidia would try to directly set up a selling channel here."
388,TechIndia,"UltraTech-India Cements deal: what next for Dhoni, Srinivasan and CSK?","Meanwhile, it has been learned that MS Dhoni's future association with CSK will depend on the number of retentions allowed in the upcoming IPL season. Dhoni and N Srinivasan are believed to have discussed this matter, and the former captain, who has been its face since inception in 2008, could continue to play for the side if the IPL permits a sufficient number of retentions - ideally five or six.
Currently, the players likely to be retained include skipper Ruturaj Gaikwad, Ravindra Jadeja, Matheesha Pathirana, and Shivam Dube, though not necessarily in that order. If more retentions are permitted, Dhoni may continue as a player failing which he may take on the role of a mentor, maintaining a significant influence on the team's operations from the dugout rather from the middle of the pitch.. Surely there are 6 better players than MS in the CSK roster? How long can he play with that dodgy knee?. The exact reason for Srinivasan selling his family's shares in the company is unclear, but he will continue to control 18 clubs in the Chennai league associated with the Tamil Nadu Cricket Association (TNCA), which India Cements used to sponsor.
It's because Srinivasan has become old and his daughter doesn't have much interest in the cement business. Her Hunband the infamous Gurunath Meyyappan is one of the Heirs of the AVM studious as well so not going into India cements.
Hence offloading their India Cements business to Ultra tech cements.
Whereas Rupa Srinivasan is massively involved in csk. Srini even tried to make her president of TNCA but she resigned within a year or 2.. Whereas Rupa Srinivasan is massively involved in csk. Srini even tried to make her president of TNCA but she resigned within a year or 2.
If I am not wrong, she was made to resign as the TNCA president after a court case since a TNCA board member lodged a complaint that her appointment was a clear conflict of interest.. Come on let the man chill out. I am one of the biggest MSD fan but this is just absurd at this point. Just pull the retirement plug.. I don't think anyone is forcing him and not ""letting him chill out"" . He has to be incredibly stupid to not realise that his presence is just a money making proposition."
389,TechIndia,Google India only selected girls for internship | Sexism in Tech,"This is not the first time google promotes the feminism agenda, I remember some time ago a man was fired for pointing out how women were actually benefited in tech.. James Damore. He wrote an internal memo on a section of the intranet that's designed for exactly what he posted.
Some of his claims are bogus but nothing he should have been fired for.
You can read this breakdown from the Heterodox Academy.
Basically, men tend to fill up the bottom worst and the top best so they're more likely to be represented at the top of fields but are also more likely to be at the very bottom.
The fact that we passed over this as a culture is very telling.. And they pay women more than they do men.. Pretty sure that's how an Indian friend of mine got an internship at Boeing too. No other company wanted her and suddenly she got into Boeing.. How is discrimination ever justified as a good thing?
Doing something wrong in hopes of balancing the scales is still doing something wrong.. Gender inequality. Honestly good. Not because of the discrimination but because hopefully Google loses out on good developers and less evil companies can scoop em up."
390,TechIndia,What are the low to no code tech jobs in India that actually pay well?,". BA, Product Manager, QA HR. Only if you do automation QA you'll be paid decently. The salaries for manual testing aren't that great.. The pay for IC or EM roles is always higher than BAs and PMs
You tend to specialize in a niche as a BA or PM and job hunting is more difficult than it is being a IC or EM. Data/Product/Business Intelligence analyst
It needs only SQL as a technical skill but you have to be VERY good at SQL and also at problem solving using data. I think Solutions Engineering is one of those roles where if you’re good at what you do, you’ll get as much as if not much more than devs.
Whether you’re writing code or not depends on the product, but it’s a great mix between technical competence and business acumen.
The money is great, but depends on the product/company you’re working with. A lot of travel as well.
The only issue is that it’s very difficult to get into as a fresher. Typical roles are for devs with 6 years of experience or more. Because you’re working on large deals and dealing with stakeholders with decades of experience.
But if you’re great at communicating complex tech to C-suites, developers, engineers etc, and are someone who loves diving deep into tech and storytelling. I think it’s the perfect role.
Not to mention, quite future proof.. Ceo. Quantitative Developer/Financial Engineer - highly quantitative (mathematical), though; not as heavy on coding as a pure software developer; usually requires a high knowledge of finance (not accounting) - absolutely zero front end work - my current role
Actuary - fully mathematical, very low on coding, but it’s a whole different beast in and of itself. Don’t venture unless you are awesome in mathematics and statistics; even then, reconsider.
Operations Analyst - requires good tech skills - Unix, scripting, SQL; need to understand the system really well - been there, done that
Product Owner/Product Manager/Project Manager/Business Analyst - requires good communication skills - my current role as well
Solutions Architect - requires good tech skills; usually are senior roles who used to be software developers earlier in their careers
QA - the level of tech can vary based on the organization/team. Manual testing involves very low coding; automated testing involves more coding, but less than a pure software developer
Tech Sales - requires good communication skills
Tech Recruiting - requires good communication skills. ServiceNow developer"
391,TechIndia,"India shuts down internet once again, this time in Assam and Meghalaya – TechCrunch","This is honestly horrifying. The fact that a government can shut down the internet is very worrying. It can be used to stifle dissent and implement fascistic controls over freedom of speech. Out of curiosity, how does a state shut down internet ? Do they require ISP to prevent people from connecting ? Or is there , for sake of simplicity, a physical valve that they close ?. There’s a ton of comments here questioning India’s democracy and secularism. Guys please understand, the government is not the country.. Same as zipping up peoples mouth whenever the bigots in government feel the heat is against their bigoted policies.. Guess it's time to start offline apps like Briar. Spread the word.. I did notice the decline in spam calls this week!. And they call themselves a secular state!. Don't resort to mob violence using internet. That's all I can think about.. A lot of bored folks. Lets go no indian tiktokkers for a while"
392,TechIndia,Microsoft CEO Satya Nadella says ‘AI is really in the air now’ and is planning to train 2 million Gen Z in India with tech skills,"This title reads funny as AI typically gets touted as a job killer but Microsoft needs 2 million (poorly paid based on location) employees trained to us their AI?
Something smells..... Also, what is tech skills? Able to use MS Word?. As all tech since late 90's:
US consumers pay for corporations to outsource these consumers' jobs.
But we deserve it. We've done nothing about it.. What about America. Not enough smart people lol who are willing to get pay minimum wage.. American rich like a hell corporation willing to ""create"" more poorly paid employees in India? It's not an issue with AI, it gigantic problem with CEO.. Fuck young American workers amirite. how about training some american gen Z since your company is based in USA.
""our government has to bail out companies and billionaires because they create jobs""
the jobs they create: sweatshops in asia
GOOD JOB EVERYONE. We’re going to kill your job and we’re going to use foreigners to do it.  These fucks are just spitting in our faces now."
393,TechIndia,24 Microsoft tech support scammers arrested from fake call centers in India,"24 arrested, 24 million still at large.. how unlucky do THEY feel??? it's be like that one gazelle that gets eaten by a lion in a pack of 80k gazelles. Oh man! I miss the calls I used to get from them... they must have taken my number off their call sheet, because they don’t call me anymore. Probably because I would waste so much of their time.
(In broken English) “Hello sir? This is a representative from Microsoft. We are reporting malware on your computer and would like to walk you through steps to get rid of all virus.”
“Oh, no. Please tell me what to do.”
“Press the window key in the bottom right of your keyboard”
“Windows key? I don’t see a key with a window on it...”
“It’s on the bottom right hand of the keyboard...”
“Still not seeing it. Probably because this is an Apple house hold and we don’t use Microsoft products.”
Long pause followed by, “Fuck you. You American piece of shit.” Promptly hangs up.
I have both Mac and PC in my house, just love to fuck with em. One time I followed his instructions on my pc and they try to get you to give them your IP address and install a remote access program. I acted ignorant up until the final straw...
“So you want me to give you my IP address and install a remote access program on my PC to give you complete control over my computer, gaining access to my personal information?”
Long pause followed by, “You stupid American pig. Quit wasting our time!”. If your interested watch Kitboga on Twitch. He uses a virtual pc and calls these scammers to waste their time. It’s actually interesting the scammers he finds. Some actually say they have no “choice” but to be part of this scheme.. Wait wasn’t there a ReplyAll podcast about them going after these scammers after being contacted by them in a scam like this? they even hunted them down to their address in New Delhi. It was so funny.. Please stop answering your phone if the number isn’t in your contact list. Older people especially, they can’t help they need to see who it is.. There's an argument to be made that these people should be summarily executed. 80% of their victims are elderly living on small pensions and/or meager savings. They are going after the most vulnerable in our world.. I like to think Kitboga had something to do with this.. The article wasn't really clear on who actually got arrested, but in all honesty why arrest the call center workers? I hate what they do, and they annoy the shit out of me, but they're just people trying to make a living.
Go the fuck after the CEOs and leadership of these shitty companies. Put those fucks behind bars.
Not the call center employees."
394,EnergyIndia,"India defends Russian energy purchases, says Europe buys more in just a day than India in whole month.","It’s crazy that India has a higher population than all of Europe. 1.38 billion to 746.4 million. For comparison, India is 3.3 million sq km. Europe (excluding Russia) is 6.1.. He said one afternoon not even one day, …..our external minister said that India bought the amount of oil from Russia that European countries bought in an afternoon 😅. ehhhh they have a point. its pretty hard to enforce an embargo when you have 1 billion people to feed.. Read about the current event in sri lanka. Asian countries don't have the same luxury of sanctioning people as US and Europe.. The cost of cooking oil in India has gone up 30%+ in a month, directly affecting hundreds of millions of people every single day, who likely can't spell Ukraine and aren't aware of it's existence beyond reading the word once in a textbook when they were 13.
Reddit's suggestions: Why don't they switch to Canola or Olive oil?
Or.. The Indian govt should ignore all of that and think about the 'morality' in geopolitics. Yeah, no thanks. Can't afford it, as simple as that.. If anyone wants India to stop buying Russian energy, they should sell India energy at Russian prices.. Wasn't there an article posted on this sub saying India is also purchasing US oil few weeks ago??. India said match the price I'll buy from you.. India is the largest purchaser of US oil."
395,EnergyIndia,India’s Newly Opened Renewable Energy Park; It Is 5x the Size of Paris and the World’s Largest,"You're hired as a solar panel cleaner.. I feel that would be like crawling through a gymnasium of open but operating tanning beds to wipe each one down. What’s the output ?. They say 30000 MW, equal to about 60 natural gas power plants. Enough for roughly 30m people I think. I guess those are just stations but they sure have a ""I'll never sell you my house and move"" vibe. Power inverters. Collect power from panels do a lil conversion and then it's sent to a larger substation/switchyard then into grid. I design sites like this.. . Yeah Kim's offer was shit. Here is a higher quality version of this image. Here is the source. Per there:
This photo taken on October 6, 2021 shows solar panels at the site of solar energy projects developer Saurya Urja Company of Rajasthan Limited, at the Bhadla Solar Park in Bhadla, in the northern Indian state of Rajasthan. - Currently, coal powers 70 percent of the nation's electricity generation, but Indian Prime Minister Narendra Modi pledged on November 1 that it would produce more energy than India's entire grid now through solar and other renewables by 2030. - TO GO WITH Climate-UN-COP26-energy-solar,FEATURE by Glenda KWEK (Photo by Sajjad HUSSAIN / AFP)
It looks like it has a capacity of 2,245 MW and covers 14,000 acres (5,700 ha).. "
396,EnergyIndia,India is now a world leader in renewable energy,"Soon it will be us, Australia who will be the world leader in coal energy! Muhahahaha!. That is great news, I hope India does something about the environment policy as well.. This headline reads like a Civ notification.. India is also rapidly increasing coal production. Hmm, where's the obligatory comment about feeding poor people first instead of spending money on anything else ?. The comments totally prove it that however well India tries to do, the world will shit on it. Well, no shit India still uses coal, of course we do. We have to. Renewable is costly. We could have totally forgo renewables, but we didn't, cause we care about earth however poor we are. And not to forget, every developed country has gone though this stage, maybe just look at the historic cumulative pollution made by the so called green developed countries. If people from the developed countries have such ignorant mentality then no shit the world is divided.. Yes finally some good news. What a fucked up thread beyond those attacking the small details of the renewable energy. Those arguments are at least valid to the thread, others are some ignorant racist douchebags. Sickening.. 2020 is getting closer and it does seem like they are onto it."
397,EnergyIndia,"India has already started buying Russian oil, ‘I will put my country’s interest and energy security first’ says finance minister of India","South Asia. . I can't blame a poor country like India for purchasing Russian oil, but it is important to realize that every diplomatic choice will have consequences.
Any country that decides to sanction India or cut trade deals in response would be justified as they are actively undermining attempts to push Russia sanctions. You cannot expect to be able to trade with the enemy of a country and have good relations.. Half of Europe is still buying Russian gas they’ve even upped oil imports from Russia by 15% in March. The hypocrisy of the west is just astounding. Here’s the source for anyone asking https://youtu.be/MiV8W3uoCkw Just a quick add on here, India has imported 12 million barrels of oil from Russia so far. This is the equivalent of what Europe imports from Russia in a week.. Can't blame them, India has to look out for their billion people. We didn't condemn china enough, when there was an incursion in galwan Valley.. You can't condemn China when Europe is doing the same. If energy security is reason enough for Germany and the rest of the Europe to keep buying, then it's reason for anyone else to do the same.. r/worldpolitics. In what currency?. Honestly I can't blame them. Does it work on the international level if say India were to buy Russian oil and then resell it to other countries for a profit (to presumably those countries that are imposing trade sanctions against Russia) ??"
398,EnergyIndia,India looking at $500 bn investment in renewable energy generation by 2028 - ET EnergyWorld,"And in Australian we keep building new coal mines... and new coal export ports through and next to the Great Barrier reef.
Edit* in answer to most comments, renewable energy storage is the current real world issue with going 100% renewable. But the key is also efficiency I believe. For example lighting in an Aussie 3 bedroom house was rated for 2000+watts as 20 bulbs with 100w lights in them for example. Now we can achieve brighter and better lighting using 20w LED for 400watts. One example from many new ways of making everything more efficient, on that heavy industries will still need massive amounts of power so that's very hard currently to do large scale.. I hope this is true. India really the conditions to successfully use solar and wind power to it's maximum capacity. Then they stop depending on coal and provide continuous electricity everywhere.. I work for the leading wind turbine manufacturer and I know FOR A FACT, that India is the primary focus of all the OEMs atm. USA, because of the wind levels in California, used to be till Trump came in ( I swear this is what one Vice President of the company said, and he's American himself). Now they've had to completely shift focus to India because the size of the auctions are second to only China. The problem is that most of the Chinese auctions are open only to local manufacturers and the rest are still granted to them because of party connections and the like. All this together makes India the prime target, at least for Wind Turbines.. ITT: People with no clue about socio-economic frameworks spewing tired cliches and offering suggestions about optimizing multi-billion dollar investments to a country they probably have never visited.
These are likely the same people who have never set and optimized a monthly budget for themselves.. 500GW renewable and a new power grid. That's really good investment for India becoming independent.."
399,EnergyIndia,EU energy chief urges China and India to support a price cap on Russian oil,"Something tells me that’ll go down like a lead balloon.. And how will this proposed price cap on Russian oil work when OPEC decides to reduce oil production output?. Doubtful, unless EU have something significant to give to China and India.. Lol wow Europeans are realising this only now? Hahaha.. Why would India and China accept this, because this will probably lead them to have to buy more expensive oil?
There have been countries that have complicity aided and funded genocide for cheaper oil like Saudi Arabia's allies and countries that have started wars in the middle east just to get cheaper oil.
And especially India and China are highly reliant on energy imports, for them any energy price increase slows down their growth.. Why would China comply when the eu is preparing to send delegates to Taiwan?. Russia has said it will not sell oil to nations that impose a price limit.
China and India won’t stop buying oil from Russia. Neither will Turkey, Saudi Arabia or most of South America.. India is already in talks with US on price caps
https://www.thehindu.com/business/Economy/india-keen-to-learn-more-about-price-cap-compact-for-russian-fuel/article65815538.ece
Mr. Adeyemo, who met Finance Minister Nirmala Sitharaman on Friday, said that Indian policymakers he had met with and discussed the price cap idea ‘are very interested in learning more about the details’ because their primary objective is to buy energy at the cheapest price possible for Indian consumers and businesses.
For the nth time, India is on India’s side not Russia’s. I mean even China isn't on Russia's side, but China's. It's a no-brainer for ALL countries to work like this, for realpolitik related reasons that are obvious"
400,EnergyIndia,"Guy igniting gas stove by generating static energy, India is not for beginners Lol",". lighter making company stocks 📉📉. Can you stop putting ""india is not for beginners"" in every posts. India is not for beginners.. Stop using this ""India is not for beginners"" shit. It's being used to post racist shit against us and they use it as a funny excuse to not look racist. I daily surf reddit and I see positive/negative videos about all major countries in r/all but when it comes to India I can't remember last time I saw a positive Indian video, it's always some horrific crime, superstition, stupid accidents etc. As if nothing good happens here.
I'm fed up with reddit.. Stop using this ""India is not for beginners"" shit. It's being used to post racist shit against us and they use it as a funny excuse to not look racist. I daily surf reddit and I see positive/negative videos about all major countries in r/all but when it comes to India I can't remember last time I saw a positive Indian video, it's always some horrific crime, superstition, stupid accidents etc. As if nothing good happens here.
that is what india stands for india is not for beginners can confirm am born in india its not for beginners. Things to note. Guy is sitting on plastic(insulated) chair.
His legs are not touching earth (earth has zero potential, think it as of Earthing wire at home, which carry away the current to earth and sparing the person from getting electric shock)
Working : when blanket is kept and removed from the guy, it has made a rubbing contact with the guy body, hair. This rubbing result in exchange of electron(Electricity is movement of electron). The guy is negatively charged (electron is gained by it and electron carries negative charge). Guy hand is near burner, which is metal(conducting material) the guy is not touching the burner but his hand is near the burner adjusting the gap between finger and burner, which result in jump of electron(Spark) this spark temperature is very high and is able to ignite the burner.. I don’t think you properly understand that phrase.. Yeah it's a derogatory phrase.. Mera desh badal raha hai aage badh raha hai 🥳😂"
401,EnergyIndia,India plans to mine Helium-3 from Moon by 2030 to help meet energy needs.,"They are going to need a way of converting He3 into power first. Seems like an important first step.. And frankly He3-4 fusion is hard, while D-D and D-T which are much ""easier,"" are still kicking everyone's asses.. I'm at best skeptical about the financial and energy return on investment for this endeavor.. So the Helium-3 is used for nuclear fusion? Does the technology required to actually make this work on a large scale exist yet?. There is no working fusion reactor that can be commercialized as of now."
402,EnergyIndia,Guy in India makes solar energy powered cycle with 7 seats.,"Translation
Interviewer: Hey, stop man. What did you make? How much did it cost?
Guy: I've made this 7 seater. It uses solar power and it can go a long way.
I: How far can it go?
G: It can go more than 200km(124 miles) and till there is sun there's no issue, it will keep on running.
I: What's the cost?
G: It costed around 8k-10k rupees ($95-$120), and I created this from scrap and it can go a long way.(Pointing backwards) And you can see how many are seated behind.
I: Show me how you drive it.
G: (Starts driving) See how it's working. There is sun above.. I am not Indian but I think the interviewer said “Stop stop brother”. I don't know much about solar, but just taking a hypothetical here. Lets say you had 400 watts of solar. A human can pedal about 30-75 watts per hour. So this seems like it could in theory power it decently on a flat surface.
It looks like it's perpetually sunny, so hypothetically lets just assume we get a constant 400 watts. The device would be slow maybe but it seems like it could work. He wouldn't really need a battery. Charging batteries are slow but if you can just use a guaranteed 400 watts it seems feasible.
So I'm going with plausible though I'm open to be wrong. (obviously it's unlikely he has 400 watts). Last time I looked into it, the weight of solar panels outweighs the charging potential. So it wouldn’t stay charged while moving, but it would always be charging.. There's not enough surface area to run perpetually even in full light with that amount of weight. It may charge enough over a day for a return trip depending on distance though. I know solar and can do some guestimating. The most efficient panels nowadays are around 400 watts of capacity. That means when conditions are best (e.g. sunny day at noon) you could get about 0.4 kilowatts of power (minus efficiency losses) over an hour. Over the course of a day this could produce between 1.6 to 2.4 kW of energy.
An electric scooter motor can start between 250 to 500 watts (they go up to 5,000 watts). Let's go with 500 watts. So full throttle will use 500 watts or 0.5kW per hour. Just on charge alone, you could roll for for a minimum of 3-5 hours per day. If you start with a fully charged battery and don't have a lot of hills, the solar can help it keep charged and extend the range at that scale.
Electric scooters can be very efficient because you're not dragging a bunch of metal around. As a comparison, my EV has a 65kWh battery with a range of about 250 miles. If I floor it and keep it there, it maxes out at about 150kW of capacity-- meaning it'll only have 26 minutes of juice. If I'm super efficient with my driving and don't go highway speeds, I might get 4-5 hours drive time. To get a full charge off of just solar for a car, I would need over 100 solar panels!
Hope this helps!. Mehdi get in here and debunk this. *Mehdi"
403,EnergyIndia,"Amid downpour during Cyclone Biparjoy, employee delivers gas cylinder in Rajasthan village. Watch. Ensuring energy availability. With commendable dedication towards duty, this undaunted foot soldier of India’s energy sector braves","A worker having to put his body in line is plain SAD, nothing incredible about it.. And these dumbasses decided to record it and post in reddit instead of helping the dude suffering outside in heavy rain. Wow.. We fetishize and find virtue in suffering like no other people on the planet.. hUm kYu kRe, vO To UsKa kaAm h. Idiot customer : look at him he is delivering LPG Gas cylinder amid storm , wow so brave and strong, he is so close to our house I shouldn't help him let me record this brave soul , woah looks like he is losing his balance and he slips and his head gets banged on ground and looks like he is drowning, should I him help or let him do his job ?. Finally!! See a**holes there is water in Rajasthan!! . . . Jokes apart, Kudos to this guy's dedication to his job.. Flood in Rajasthan? There is water in Rajasthan
Edit: Well, for those who couldn't for some reason understand. This was a joke. Actually floods are more common in areas with drought/dry soil.
This is because dry soil like sand doesn't absorb water at all and it just flows away whereas moderately wet soil retains surface water as ground water.. Capitalism at its best. Wow so nice that the worker has to risk his life to get a meal a day.. What capitalism? Totally irrelevant. Had India been a purely communist or socialist country, this would still be happening."
404,EnergyIndia,The energy of Team India at Asian Games,". Sports. The India Social Demographic Survey is back in action!
We're excited to invite you to take part in this insightful survey, specially crafted for our vibrant community. Your valuable input will empower us to gain deeper insights into our userbase. Don't miss out – take a few moments to participate and make your voice heard!. That India India chants are way better than this to be honest 🥲🙏. Play well India. India India India ♥️♥️♥️♥️. Good luck india!. Hoping for their success. I hope they make it to top 5. The uniforms look weird. Couldnt they have come up with a better colour palette and design..... Kuch unique koshish kiye, toh tumhare jaise koi randirona karega. "
405,EnergyIndia,India Cancels Mega Plans To Build Coal Power Stations Due To Falling Solar Energy Prices,
406,EnergyIndia,Biden will speak to India's Modi as U.S. warns India on imports of Russian energy,"President Joe Biden will virtually meet with Indian Prime Minister Narendra Modi on Monday, the White House said, at a time when the United States has made clear it does not want to see an uptick in Russian energy imports by India.
that's all the article has to offer. other than this, it recounts other events. Daleep Singh, U.S. Deputy National Security Adviser for International Economics, who visited India recently, said the United States will not set any ""red line"" for India on its energy imports from Russia but does not want to see a ""rapid acceleration"" in purchases.
Lured by steep discounts following Western sanctions on Russian entities, India has bought at least 13 million barrels of Russian crude oil since the country invaded Ukraine in late February. That compared with some 16 million barrels for the whole of last year, data compiled by Reuters shows.. Comments against India on this topic seem to imply that its stance appeared overnight.
India was one of the founding members of the Non-Aligned Movement. It is the largest grouping of countries after the UN. It was formed specifically to counter the efforts of US and USSR to draw countries into their circles during the Cold War.
Not all countries have the interest or inclination or luxury of picking sides in a battle between two super-powers.
Non-Aligned Movement. Hey. How dare you bring up actual history. The kids on here don't need to care about this prehistoric shit. /s. Just Saying ... Every country has implemented sanctions on items that are non-essential and will NOT impact their economies and people's. Europe continues to import essential oil & gas from Russia.
Similarly US implemented sanctions on Oil, Gas, Coal from Russia - Everything it can get elsewhere or replace them easily. BUT NOT on Uranium needed for power plants , US gets 25%-30% of it's Uranium from Russia, yet NO restrictions on this energy import.
India imports 80% of it's energy, high prices will crush it's economy ... Getting oil at pre-war prices is essential for it's survival. Similarly with China at it's 2000 mile long border and 60% of weapons from Russia, it needs to continue arms trading with Russia.
Every nation has it's national interests to look after.. So is the us prepared to provide India with the cheap energy that they get from India?. US won't increase output of shale oil to bring prices down, but will preach everybody else the right thing to do.. Yeah, apart from trying to have the moral high ground, which no western country has, why doesn't the NATO alliance supply highly subsidised commodities to India & other countries that they intend to bully, instead of asking them to let billions of people suffer?
India isn't supplying weapons or supporting Russia in this war, in any shape or form whatsoever. In fact, India is helping rescue citizens of Pakistan, Bangladesh, Srilanka etc. from Ukraine.. Meanwhile america keeps importing hundreds of millions worth of uranium for its own energy needs lol"
407,EnergyIndia,India is now a world leader in renewable energy. Here's how,"“... South Africa account for 86% of the 193GW of coal-fired plants currently under construction in developing nations.”
So who’s going to help South Africa get on this bandwagon? I get that the economy is nowhere near as large, but all the more reason that it shouldn’t require as much investment to change over.. This report is among emerging economies only. It leaves out (by design) all OECD countries. So the ""world leader"" is more like ""Third World leader.""
Still good, but this tells you nothing about how India is doing relative to Germany for example.. So many cumskins are butthurt. I find that hard to believe given the amount of pollution in their cities."
408,EnergyIndia,India Cancels Mega Plans to Build Coal Power Stations due to Falling Solar Energy Prices,"Just wait America. . Those coal jobs will come rushing back. /rolling eyes.. These weren't just regular plans they canceled. These were Mega Plans.. I commented the same thing last week in r/energy, and got a boat load of down votes for my troubles.. Why aren't their coal companies bribing the government officials like they're supposed too do?. solar is getting incredibly cheap so it makes a good investment"
409,EnergyIndia,"Solar is now cheaper than coal, says India energy minister | India is on track to soar past a goal to deploy more than 100 gigawatts of solar power by 2022","For reference, the US Energy Information Association estimates that the US needs about 786 GW of power to cover peak annual demand and 903 GW to meet peak demand + a reserve.. For reference, that'enough to power almost 82 DeLorean time machines.. This is absolutely fantastic news. I'm really looking forward to the day that the world's power needs are met through less destructive means... If we make it there."
410,EnergyIndia,"Want to make energy cheap? Build renewables fast, not gradually: The road to cheaper, cleaner energy is a fast lane, not a slow burn — and there’s a simple economic explanation, that India is using to build 500GW by 2030",
411,EnergyIndia,India Needs to be 80% on Nuclear Energy ASAP ! ,". India already HAS 22 power plants which ik doesn’t even count to 3% but we are already building 18 new reactors.. many more to come too. We gonna get there ez pz. Woah that is good to hear atleast, hopefully we go nuclear + renewables soon, hey by any chance could you link any sources regarding the same would love read about them new power plants. Its not as simple as it sounds. Nuclear plants will need extreme amounts of approvals and not speak of how politicians use infrastructure like this to score political points. It costs too much and takes too long.
India needs to leverage is its massive solar potential. We need more and more and more solar. Decentralised preferably. We need thorium based nuclear power ..not this!. Fast breeder reactors, Thorium based reactions and more importantly, we need Small modular reactors (SMRs).. Jaitapur plants I think are supposed to be around 9 GW but they are seeing protests for years hence they are delayed now afaik. This is the case with most Indian nuclear plants, you see massive protests whenever you open new ones.. The communists f's up anything good for us, they may not be in power, but they sure can bring a lot of people to protest and muddy things up. I hate them so much.. Firstly, andolanjeevi, secondly, oil tycoons, thirdly, corrupt politicians."
412,EnergyIndia,"India is now a world leader in renewable energy. Here's how | The government set a clean energy goal, and they invested money to reach this goal.",
413,EnergyIndia,Really rooting for India's infra and energy industry,
414,EnergyIndia,India opened worlds largest Renewable Energy Park which is five times the size of the Paris and now has 5 of the top 10 largest farms,". There are so many negative comments in this thread. This surprises me. Solar energy is awesome. After the initial installation costs, you've got free, non-polluting energy for decades, with no carbon emissions. Cheaper than nuclear with far less maintenance. We should be doing this everywhere. On every public building: schools, libraries, court houses. Government should subsidize wind, solar and tidal energy much more than coal and oil.. Thought I was on r/environment for a minute with all the negativity. The difference, imo, is land utilization. Slapping solar panels on every roof means no additional land gets used for power generation. The land was already cleared for human use. It is the way solar should be. Bulldozing acres/hectares of forest, field, and mountainside to put panels on now renders a reduced ecological value on that land. I hate that. There is enough square footage on buildings, parking lots, water canals, and roads to not have to do the latter.
I don't know about India, but every solar farm I've seen in the U.S. turns into a muddy, gravelly pit comprised of glass, metal, and weeds.. Where is this?. Khavda, Gujarat, India. I'm pretty sure if this has been done by any other country it would've gotten much more positive responses but seems like redditors have some serious objections with India and seeing any positive development coming from there is met with severe disgust which unfortunately makes me believe it is nothing but racially motivated which is truly sad given the fact that most of the redditors are residing in western societies and receiving better quality of education and life than a common Indian and yet they just can't overcome their prejudices.. First time?. Ah yes, the Paris. The Paris is a solar farm in Wisconsin."
415,EnergyIndia,India has top three largest and five of ten largest Solar Farms in the world. Solar energy is now cheaper than Coal. India produces cheapest Solar Cells in the world. Below is the latest inaugrated.,". Wow, that is really new to me. I wasn’t aware that India invests so much in renewables. Is it all private or state owned?. The solar company I used to work for was from India. They are the number one solar company in terms of production, efficiency and their outstanding system monitoring. They didn’t actually do any solar panels nor installations, they invented what’s called microinverters. With microinverters, each solar panel had one microinverter on it which immediately turned the dc energy from the sun into useable AC energy immediately so there was extremely minimal line loss of energy compared to almost every other design which had about 50% line loss. In addition since each panel had its own microinverters, they designed a web platform for monitoring the arrays efficiency. You look at an array of 1000’s of solar panels and at just one glance you could see there was specifically one panel not producing efficiently or not producing at all. That was game changing to say the least. Without that you wouldn’t even know about it unless the panels were in a string system in which case if one panel went out, they all went out! And you would have NO idea which panel was having issues. Have fun checking those acres of panels if that happens.. Outsourced from Private and Small Scale industries. Invested by govt.. Also another one to break all the records. PM inaugrates World's Largest Hybrid Energy Park, to produce 30,000 MW energy.
It's larger than Singapore!. I thought the energy output surpassed the records made by Singapore and then realized the area being used for the project itself was larger than Singapore.. I saw a documentary a while back about solar power. A lot of people often wonder why they don't just put acres of the panels down in the desert. Turns out it would have massive repercussions for the local climate. I wonder if they've noticed anything similar in India?. Man people are so quick to criticize everything.
""This land could be a forest."" This is scrubland/wasteland. There's a lot of it in India and parts are being claimed for forests and agro. These solar farms aren't that big compared to how much wasteland there is.
""Solar power sucks, it wastes resources"" Okay, imagine rich countries that have enough money to switch over to renewable electricity but since they have coal infrastructure in place they don't really care. Oh wait, you don't have to imagine this. India is futureproofing. Places that need more electricity (not everywhere has enough electricity for growing needs) are increasingly being provided for with renewable means. India doesn't have to do this, there are cheaper ways to make the people happy using fossil fuels.
""Solar power uses too much space"" Someone was complaining that if the US switched to solar, around 1 state (I know the sizes vary a lot but take Nevada for example) will be only solar panels. I invite you to look at how much space cattle farming takes. Is anyone complaining about that? Solar technology is improving and there's no need for a country to be 100% solar, that would be dumb.. We have a similar one near the city I live in. Huge field of mirrors.. India is killing it. Good for them. So nice to read."
416,EnergyIndia,"India Demands Rich Nations Like The U.S. Clean Up Their Climate Mess, Signaling A Shift | It’s time for developed countries responsible for most of the carbon in the air to not just cut emissions but remove them, India’s energy minister said.",
417,EnergyIndia,"Electricity generated from solar energy. (2023, in TWh) Germany: 62, Japan 110, India 113, USA 238, China 584","Cheap renewable energy means that China will be able to maintain a structural competitive advantage in producing things over the long term. ""Free"" electricity from renewables means cheaper cost of living for consumers and lower production costs for factories. All of this gets passed on and compounded to the point where other countries will have a hard time competing if they don't have similarly cheap energy mix.. Yup it’s almost like they plan for their society for longer than 4 years at a time. As solar becomes less expensive and as our electric demands grow, this is inevitable.
We should have been running on nuclear now for 50 years. How much innovation, in all markets, could be unleashed for public consumption if the consumer was not over spending on outdated technology/energy generation? :/ we live in stupid times.. I want to see this as percentage of total power generated, and per capita.. The U.S. should be at twice China's capacity right now. Our economy is twice as big.
The U.S. has failed to do this obvious step, because of corruption by the fossil fuel industry. Solar Energy would have prevented global warming. Everyone would be healthier. Pollution would be massively reduced.
We need to nationalize the fossil fuel industry and phase it out.. Yes, but instead of doing that the US would probably declare Chinese solar a national security risk and try to have it banned in all US-aligned countries, and double down on fossil fuels.
Also complain about solar panels “overcapacity” by China.. It’s almost like our “competitive” capitalist society has essentially been captured by self-interested firms and corporations.. China leads the world in solar energy... but at what cost?. Last year, 60% of newly installed renewable energy in the world… came from China.
Here is the total installed capacity in China (2023):
Solar: 610 GW Wind: 440GW Hydro: 420 GW
This year, China will add 70 GW of wind power and 200 GW of solar.
1 GW = electricity for 300,000 Chinese households for a year!"
418,EnergyIndia,US in talks with India about rethinking reliance on Russian arms and energy | CNN,"One of the main reasons India heavily depended on Russia for arms is cuz they give India a voice of veto. That’s basically military arms deal. U buy from that country and in return that country helps u with veto whenever u need it.
If france can take that place india wouldn’t be that close with russia. Or if India can have its own veto it will happily enter hibernation mode n be completely non aligned with any country.. Giving Russias permanent security Council seat to India would be pretty funny. Macron recently quoted modi's comment on Putin in UN. I think this shift is already in the way. India has increased military purchases from France recently.. Ah , now i understand why the USA is calling to expand the security council... An angry scream was heard floating out of the Hundred Acre Wood.. Looks like Joe Biden really is going with the plan to rally the world leaders to fight Putin, cool. Sell US weapons at a discount in return for Russian weapons... I think I know someone who could use them.. Russia offered Tech transfer which US didn't. I think France also offers a similar deal. If US can offer something which isn't a strict buy sell deal then it's quite possible that india will accept it.. The French are close to stealing the military aircraft market. Soon India will be flying Rafales instead of migs.. Reestablish SEATO. Taiwan, US, Canada, India, Vietnam, Australia, New Zealand, Philippines, Thailand, South Korea, Japan. Do that and India won’t need Russia anymore. And we will have a perfect defense force against China."
419,RetailIndia,Retail stores in india asking mobile number during billing.,
420,RetailIndia,Retailers in India forcing consumers to provide phone numbers.,"The theater thing happened with me too, I had gone to watch Jawaan in theater it wss it's 2nd week and was a morning 9am show so no line.
The ticket lady asked for my number I said no, she insisted and i gave her wrong number, she said to please check as ticket will come in the number and I told her point blank that it's a wrong number that I Intentionally gave. She was very insistent on getting the number but I didn't budge, and I frankly told her I'd rather not watch the movie that give her my number, bcoz she can't promise me that I won't start getting marketing calls from her corporate.
After some more back and forth she finally gave me a physical ticket.
This really is a shitty thing, and the laws should be in place and enforced on this crocked system of collecting personal information. Totally agree. More people should raise their voice and demand for paper receipts without giving the phone number.. At times like this i use one of the site from “temporary phone number for otp” from google search fuck every store that want these “because its easy for the customers bs”. It's still following their request, but it's a good option if you can use a temporary phone number service. Not everyone can use it, but it's helpful for those who can!. I tell them I don’t have an Indian number. Have been saying this for the past 6 years after moving back to India. I think one should start a Twitter trend tagging GOI and Ashwini Vaishnav. This is what I do
Give a random phone no (it helps to remember one random no which is not yours)
If #1 doesn't work : I keep a second nn to direct all spam to that prepaid sim I recharge once 6 months (as per trai telco can't disconnect ur no if recharged once in 6 mnth) .. don't rcv any incoming calls there.
When I have time to kill and they expect me to provide them an OTP - I give and wrong no and wait - start playing YouTube shorts... I basically bcm an ass and refuse to move.. The cashier is forced to finish the transaction without OTP.. I have a strict policy to ask them if a number is needed (obviously it's not), most of them are helpful and say the truth. In case they say the number is absolutely necessary and I am not really in need for any service I respectfully decline payment and move on - be it shopping or anything.
I have been receiving so many spam calls due to these retailers selling out numbers, I am done with them. It's a blessing we have so many options for everything these days - if you don't like one retailer there is always another with better options.. Here is what I do. Has never failed.
When they ask for the number, look them in the eye and tell them to put in 12345678. Tell them that's that and give me the bill.
Be confident with a no nonsense facee and they will not try to push you further.
Works in Inox, Spencer, Bata every where.. I just intentionally give wrong number and then say phone not working so give me physical bill lol"
421,RetailIndia,"Retail investors lost Rs 30 lakh crore, this is biggest stock market 'scam': Congress leader Rahul Gandhi - Times of India",". Bro knew SEBI won't do shit, hence called for a JPC (they have solid numbers to pressure the government now). good point raised.... parliament sessions are gonna be entertaining. ""For the first time, we noted that during the elections, the Prime Minister, the Union Home Minister, and the Finance Minister commented on the stock market,"" said Gandhi.
""The Prime Minister said that the stock market is rising at a great speed. The Union home minister said that on June 4, the stock market will be on the rise and you all should invest, and similar comments were made by the finance minister.""
""After these 'fake' exit polls, the stock markets rose and then crashed on June 4,"" Gandhi told reporters, implying that the comments may have been intended to artificially inflate the market, benefiting certain investors before a planned downturn.. Well he’s not wrong. Ha..like sebi will investigate this...they have better things to do like sending invester awareness mails...
and guess what..ji is registered sebi trader..... He knows sebi will not do it's duty.. So he's asking for JPC investigation..And this time they've enough numbers to pressurise govt . Damn congress dropping back to back Ws after result.
Talked on neet,talked on market. Instead of playing politics giving time to what actually needs to be talked about.. This is hopefully just the start. If Modi government is actually powerful and worthy, they can handle a strong opposition but if Modi government is weak and useless, the opposition has every right to keep pushing them. Overall, it's good for India.. He is not WRONG."
422,RetailIndia,CANTABIL RETAIL INDIA: Promoter buying.,
423,RetailIndia,"India's retail inflation falls again in October, hits 5-month low of 4.87%","Also; The management of food inflation has been much better during the NDA government and despite the Covid-19 pandemic and the global crisis in the wake of the Russian war on Ukraine, it has been able to hold the inflation at 5.1 percent vis-à-vis 8.1 percent average inflation during the UPA regime. SOURCE
PS: Don't call me or anyone else names. I am not supporting or opposing any govt. Just discussion POV se. Haven't read the article, but based on the title, does it mean that the inflation has either decreased or remained constant (as compared to the global inflation)?
I am not linking to or bothered about the political aspect, just trying to understand the numbers and how they affect the common man citizen.. Perhaps you can go on trading economics or world bank site and see and compare the growth of real per-capita income between the governments. At the end of the day what matters to most is real income that's after adjusting for inflation.. Good and bad, bad for farmers good for the rest of India.
Ideally it should be around 2% , but NDA has performed better than UPA on this.
Other than a seasonal crop, very few have hit high prices. Ideally it should be around 2%
This is for developed countries not for developing countries. RBI targets about 4%. Yes! That's what I concluded from these stats. Also made me curious about Farm laws again as some may not like this here but I advocate free markets & if executed well they could have been very revolutionary imo.
(You all can downvote now lmao). . Found this link CPI. It compares CPI of three months (Oct not available yet). One can see fuel prices have gone down. This can be attributed to elections in 5 states in November.. Nah bro. This is about Food Inflation management. Also the rates given are the avg one not of recent times."
424,RetailIndia,Indian retailers are deliberately holding back prices from dropping in India.,"Went to Nehru Place few days ago and none of the mfs are willing to drop the price, it is like they have a union or something were they are committed to operate in maximum profits. Fuck these guys.. They are too big to fight unless no one (literally no one and 0 sales) buy the GPU for atleast 3 months. That can't happen rite ? unfortunately prices never going go to down ever. FATE. I'm also holding back from buying one at these prices deliberately.. Yeah fuck these seller assholes. Same here.. Theoretically, rx 6600 should drop to around 22k because that's the price appario retail was selling it for during the amazon sale.
But yeah, it is disheartening that prices aren't falling by as much in the entry level segment. Add to that the recent rise in prices of cpus, it still doesn't look conducive to build a budget pc yet.. Not today but tomorrow they have to get rid of current as soon as the new gen date gets announced then those cards would be less valueable than what they have now patients guys patients. Simple solution, don't buy unless u urgently need one.
It's stupid to buy at full price when we are really close to the next gen launch. Once the next gen cards gets a release date, the market will force them to drop prices anyway.. Well, no wonder all the GTX 1650 Supers disappeared from the market.
Some retailers are offering it again but around 20k.
Probably because all current gen sub 20k releases are utter trash in comparison to a GPU which used to sell below 15k.. Indian retailers have been doing this shit years before covid, inflation and crypto scalping. RX 480 launched for 200$ globally but was around 25k in India. The demand in India is high but still tiny compared to other countries which is why any reduction in prices related to low sales in other countries will not be reflected here."
425,RetailIndia,Retail India - Retail India News: EMotorad Strengthens ... - Indian Retailer,
426,RetailIndia,"Retail India - Retail India News: India Gate Collabs with ""Tarla"" to ... - Indian Retailer",
427,RetailIndia,Retail India - Retail India News: Mokobara Opens its Second Retail ... - Indian Retailer,
428,RetailIndia,Retail India - Retail India News: Symetrix Inc Expands in India with ... - Indian Retailer,
429,RetailIndia,Retail India - Retail India News: Benetton Unveils Delightful ... - Indian Retailer,
430,RetailIndia,Retail India - Retail India News: Sunday Design Expands Offline ... - Indian Retailer,
431,RetailIndia,Retail India - Retail India News: Modi Naturals Unveils Oleev ... - Indian Retailer,
432,RetailIndia,Retail India - Retail India News: FILA Launches Digital Campaign ... - Indian Retailer,
433,RetailIndia,Retail India - Retail India News: Aumbre Story Makes its Grand Entry ... - Indian Retailer,
434,RetailIndia,Retail India - Retail India News: Aumbre Story Makes its Grand Entry ... - Indian Retailer,
435,RetailIndia,Retail India - Retail India News: Aumbre Story Makes its Grand Entry ... - Indian Retailer,
436,RetailIndia,Retail India - Retail India News: Livpure Expands Product Portfolio ... - Indian Retailer,
437,RetailIndia,Retail India - Retail India News: Kimirica Unveils Game-Changing ... - Indian Retailer,
438,RetailIndia,Retail India - Retail India News: Heads Up For Tails Opens its ... - Indian Retailer,
439,RetailIndia,Retail India - Retail India News: Fashion e-commerce Brand ... - Indian Retailer,
440,RetailIndia,Retail India - Retail India News: Myprotein Launches New Product ... - Indian Retailer,
441,RetailIndia,Retail India - Retail India News: Heads Up For Tails Opens its ... - Indian Retailer,
442,RetailIndia,Retail India - Retail India News: Voyage Eyewear Partners with ... - Indian Retailer,
443,RetailIndia,Retail India - Retail India News: Hindustan Coca-Cola Beverages ... - Indian Retailer,
444,FintechIndia,Seeking Advice on Navigating the Fintech Job Market in India Post-Masters Abroad,
445,FintechIndia,New FinTech startup in India - should one invest? ,"Yeah, However, one thing to consider is that the information is already available on YouTube. And GenZ is particularly influenced by Fininfluncers.. Yeah that’s a group that is actively interested and seeks a lot of information. They are banking on a group that isn’t financially inclined or want to spend time learning investing and actively managing the investment."
446,FintechIndia,Anyone heading for MSc in Fintech this September? (India),Here’s my linkdin: https://www.linkedin.com/in/irabajpai?utm_source=share&utm_campaign=share_via&utm_content=profile&utm_medium=ios_app
447,FintechIndia,New FinTech startup in India - should one invest? ,good read
448,FintechIndia,Fintech startup idea suggestions for people in India,Loan for buying online games and in game purchases. Lol 🤣. Loans to repay loans
449,FintechIndia,India's rural fintech startup landscape,What is kiwi.com doing there? Isn't that Czech?. What is kiwi.com doing there? Isn't that Czech?
450,FintechIndia,"Nasdaq is hiring Specialist - QA Automation Engineer, Fintech | India Mumbai, India",
451,FintechIndia,"Nasdaq is hiring Specialist - QA Automation Engineer, Fintech | India Mumbai, India",
452,FintechIndia,"Nasdaq is hiring Specialist - QA Automation Engineer, Fintech | India Mumbai, India",
453,FintechIndia,Pine Labs to Relocate to India Amongst Fintech Trend,
454,FintechIndia,Fintech India Summit 2022,
455,FintechIndia,Financial analyst (fintech?) career/s in India. Suggestions and guidance needed. ,
456,FintechIndia,Google to set up global fintech operations centre in Gujarat; to invest $10 bn in India's digitisation fund: Sundar Pichai,"Is this guy the prime minister of India or Gujarat?. . Still people from Hindi heart land will vote for BJP in 2024. They won't understand how economics works. If they won't express their opinions via votes or media then God will help them.. Google has exited from China, why would they dump data to China.. Removing section 370 will bring more jobs and MNCs to Jammu and Kashmir 🤡. irrelevant comment. . For vote he establishes some connections with every states and then claims to be some relative of that state like ‘brother’ or ‘son’ to fool party cadre of that state. And then in the end Everything goes to Gujarat.
Ps: downvote as much as possible but this is the truth. Happy Downvoting. 👎. Looks like folks cannot get to terms with big ticket projects going to Gujrat. Google and for that matter any such company is not going to invest billions just because Modi has told them so, they will invest when they see conducive environment there, where they are assured they would earn profits.
Any company which wants to invest would take into account the following factors.
Long term political and civil stability.
Ease of doing businesses, dealing with govt and locals.
Skilled labour, access to infrastructure / ports/airports.
Taxes and support of bureaucracy.
There are only a handful of states which offer this, i.e. Guj, Maharashtra, Karnataka & TN. While youtubers may make fun of industrial complex like Dholera or Sanand which have not got much anticipated investment, these complexes are something that investor would like. Elon Musk told that his factory in China came up in 6 months after signing the agreement. Here a person would struggle for 2 years just to acquire land. It takes decades of effort to get to stage of China, which Gujrat has done. Now other states have to compete with infra development as companies won't come to any state just with tax sops."
457,FintechIndia,Fintech India Summit 2022 !,
458,FintechIndia,How to build a carrer in FINTECH in India?,learn about MBA Fintech
459,FintechIndia,Earnings Post Market Hours: VIP Industries; IIFL Finance; Elantas Beck India; & PB Fintech!,
460,FintechIndia,Should I join TCS or continue in my current small fintech company? (India),"I have a simple rule in my job searches. Never WITCH. It has a recognizable name, yes. Recognizable as bottom of the barrel. not even as a fresher? just to use to name to get into the industry"
461,FintechIndia,INDIA'S TOP TEN FINTECH BANKS,
462,FintechIndia,India's fintech industry projected to reach $420 bn by 2029 at CAGR of 31%,
463,FintechIndia,Should I join TCS or continue in my current small fintech company? (India),
464,FintechIndia,[Business] - Fintech company Perfios becomes India's 2nd unicorn of year | Times of India,
465,FintechIndia,"[Business] - Google, Walmart gain India fintech users after Paytm curbs | Times of India",
466,FintechIndia,"Phnom Penh Post: ​Cambodia, India boost trade, fintech, tourism",
467,FintechIndia,Ukrainian-founded Fintech Farm raises $32M to expand its neobank operations in India,"They're transacting over $110bn a year through neobanks in India, so for sure it's a promising market. It might be difficult to compete against established players like Freo though."
468,FintechIndia,Ripple named among the top 250 fintech companies for 2024 #India #News #Bitcoin #Tech #cryptocurrency,
469,MarketSentimentIndia,[Business] - Robust growth prospects boost market sentiment | Times of India,
470,MarketSentimentIndia,For patriots looking to move out of India for a better life,"This is the most practical way of thinking. I get only one life, it has to be a win win situation. If a country provides good opportunities talent will stay and both the country and the individual will thrive.
Otherwise patriotism is just another name for exploitatism by corrupt politicians and selfish riches.. This Sango uncle is in real estate business. Of course he wants Indians to go out and send money back to India. That will inflate real estate prices.
He has a YouTube channel where he supposedly gives ""Clarity for Youth"", but every video ends up in the conclusion of how youth should buy their own property early in life to solve all of their life's problems.
I wonder if he considers Indians who don't send money back to India as anti-national though.. The country is actually trying to sign migration and mobility agreements with lot of other European countries, so no way moving out of India is anti-national. Also, we get a lot of soft power influence with our diaspora, so it's a win-win situation for both the host country and India.
Also, the huge remittances is a big plus ($120 Bn+), the only downside is that many NRIs inflate the housing prices in India.. Have you spoken to Canadians lately?. I live outside India... I used to be patriotic... But not anymore... I think people should live outside India to understand what they might be missing...
But.. BUT..
Let's not kid ourselves that remittance sent is to help the nation... It's to help our family or to amass assets.. That money helping Indian forex is just a by-product..
I have seen a lot of NRIs, who live here, enjoy the western values of society, take up different citizenships while taking pride in Indian culture and expressing their patriotism by claiming that Indians living in India are forgetting their roots...
Don't become that person... You cannot be patriotic and take citizenship of another country at the same time... When you change citizenship (which is the plan for most people settling abroad), you pledge allegence to that country, especially since India doesn't allow dual citizenship... Germany has a huge demand for foreign workers. They need around 400,000 people/year. So much so that they changed their laws to make it easier to immigrate. One should definitely check this out.. I live here in Berlin, close to a decade now. You will most certainly struggle in Germany if you don't speak German. For a city as multicultural as Berlin, you will still need a solid grasp on the language to talk to anyone beyond migrants and younger people.
How much English can you actually get by with:
Ordering a coffee in a restaurant with sugar - sure yeah, you'll be fine.
Describing to the doctor what exactly is making you sick - Doable, but it'll be hard.
Buying an 80 inch tv and checking out at the shop, while coordinating with the delivery men on how to bring your huge tv up a narrow set of stairs, and having them place it at a 90 degree angle to your viewing space such that you can make use of your home theatre space - forget about using English at all
Learn the language or you'll have no semblance of a proper life here - No matter what anyone says. The ""easy"" immigration comes at this cost.. Every job that I apply there is getting rejected due to work permit being a prerequisite. Companies are not ready to sponsor visa. ☹️. language issues, they ask for German language proficiency 🥲. Sango was being sarcastic bro"
471,MarketSentimentIndia,"India's Q2 GDP data is expected to show some moderation, but it is unlikely to significantly impact market sentiment",
472,MarketSentimentIndia,Stock market in India entered the correction zone today. This crash is twice as big as the one from start of the month. Similar sentiment to be expected when the US market opens today,. 
473,MarketSentimentIndia,"We're in a bull market. Oh wait, bear market. Nevermind, bull market.","Someone farts in Antartica
Crypto investors: Bear market. I can say for certain we are in a market. Golden rule of crypto: No one knows shit about fuck.. There hasn't been a bull or bear market in over a year. Just regular steady growth, small fluctuations of 5%-10%-15% shit even 20% in either direction are par for the course.. This is a quality post. I see no lies lol"
474,MarketSentimentIndia,What are your theories on these constant dips?,
475,MarketSentimentIndia,Next Market Crash what could Trigger it?,". Don't worry everything will get back soon after crash. The problem is never theory everyone knows market will go up again the main problem is Emotion and volatility majority of us can't handle it.. Usually wars save financial crash. During wars, govt starts the printers. Post suspiciously gives ChatGpt vibes. But good topic so why not. Political instability seems to be the most significant trigger point imo. A win seems to be factored in already and any event that could impact this could cause markets to react negatively. Rich valuations in the market today with dumb money pouring in (esp reading the posts on the grp) could lead to a fall when smart money moves out. Sustained pause in rate cuts by rbi could take the markets sideways with some negative skew.. Political instability is a major pressure point. India is acting increasingly belligerently when it comes to the west. One Trump term was enough to humble China. How do you think markets will react if India gets sanctioned now?. Aaram se hinglish mei bhi likh skhte the bhai ye gpt use krke weird vibe aa rahi kaafi. US' huge Debt [ virtually bankrupt ] ,Inflation,Red Sea logistics problems,De-dollarization and US Federal Reserve keeping rates high,a recession in US and an ""unfavorable"" US Election results can crash the Markets.. Peter Lynch says, “Far more money has been lost by investors trying to anticipate corrections, than lost in the corrections themselves.”
Corrections/Crash will happen anytime for any reason."
476,MarketSentimentIndia,Yay or Nay? ,". I think Nimo Tai Saw that Meme. THAT MEME. I think the government has seen all those astronomical profit screenshots on social media and decided to make some bucks! The government is in for a surprise when they realize that all those screenshots were from clone apps! /S. why not tax the trading corporations that do same speculative algorithmic trading and robbing Indians of their money?
If I were to be the rule setter, I would allow people to claim ""business income"" only who show that they hedge their actual stocks with options and futures. Not anyone else.. Institutions get special rates from exchanges and pay much lower taxes than retail in terms of percentage.. No Onion Nirmala at it again.. MC sirf taxes collection Karo. Development ko chuna lagao. BKL. Nimmo is worst FM India ever had. Guys blaming Nimmo is laughable. She does as she is told to. It's like how when BJP loses, poster boy is JP Nadda suddenly."
477,MarketSentimentIndia,[Business] - Market rally could revive IPO sentiment | Times of India,
478,MarketSentimentIndia,BVG India Share Price Rallies High,
479,MarketSentimentIndia,The one truth that can explain everything wrong with India.,"I ate at a place today where the server washed his hand in a big container of water which was black in color and then served food to everyone with that same hand. 
Only a handful of places in my city wouldn't probably get shut for food safety in other countries. 
My heart sank realising how much we lag behind the rest of the world. . Yep even the gov doesn't take the measures ! We have laws but they are not implemented......Our implementation part is 🤡 Nahi to sab Sahi hota -now people are too free to do anything. Shhh... Don't tell our immunity secrets to foreign people. Lived half my life in Lucknow and studying in a college in delhi with most kids who have only lived in delhi. Many of them couldn't think of living without AC. Like I know people in my native village, who sleep in a hut made of straws, not even having a fan, I know someone who used to sleep on roadside (was 64 years old ), who died of heat stroke.
People who have lived their whole life in tier 1 cities don't even realise that most of the population can't even afford most basic things.. You kinda hit the nail here. This is the major reason I've hard a hard time relating to and discussing my problems with the folks in indian subs like this, these are city people. It goes completely unmentioned and unnoticed that the vast majority of our population lives in kaccha houses, without basic necessities like proper running water supply, less alone safe drinking water, sanitation facilities, a near decent diet, washing machines(imagine women washing the whole family's clothes all alone by hands with if lucky, some tap water supply), surviving 50°c heat with just fans or maybe not even that. I don't even have words to describe it all. The situation is deep, rotten, imagine a billion humans living like this in dirt poverty. Just imagine how bad it is for women living in these homes. And always imagine way worse than your situation bc y'all are quite privileged.. Damn! Hit hard. I had the same view 20 years ago so packed my bags and moved out. Despite of all my struggles in the foreign shores, I never repented my decision to leave India. All because of what all you stated.
India needs no less of a revolution and a 100% overhaul from society to infrastructure, Politics, Religion, all the way to the common man’s mindsets. I mean, in a middle school a harmless and innocent 12 years old boy is still not allowed to sit with his girl classmate. That too, in a big/metropolis city like Delhi.
When is that revolution coming? Probably never.. I'm just a 18 year old but i've felt this way for a long time now. I always stood against them but no one stood up with me,. When i asked why they were just silent. People are fed up of trying ig. or they're just scared. One of the most recent example is me statistically exposing a fee scam in my sisters school and the school said ""we will price them as we wish"". read the next paragraph if you're interested
Basically they overcharged on the books , they took 2513 Rs (I knew where they get their books from so i included transport charges as per the internet) more than the books actually costed. I went to the school and asked them why the extra cost and they said ""We will price them as we wish"" ""our notebook papers are of higher GSM do you know that?"" I actually did test this and the notebooks have the same GSM as classmate , they look the same too they just removed the company name on it. Then my father mailed them saying that they didn't behave properly when questioned , he mailed the principal and she said ""We are disappointed to hear this from you"". Parent's can't question now? what?. Indians have always been a “ji huzoor” servile people. Even now, a common man bends over backwards for some IAS officer, and the babu bends over backwards for the MP, and so on and so forth. No accountability. Revolution is never happening here.. Empathy brother... We lack empathy... And that's the reason behind everything you explained. "
480,MarketSentimentIndia,Blackswan event tracker shows market recession more than 55%.,". User Report
Total Submissions 10 First Seen In WSB 3 years ago
Total Comments 88 Previous Best DD x x
Account Age 9 years scan comment scan submission. There is a very high probability that the US consumer debt crisis will cause a market recession. There is also a significant chance of an increase in company bankruptcies and US bank defaults.. But is there a high probability of an alien invasion?. ""Public sentiment on probability""-- you can stop reading after making it that far.... Yeah, what the fuck is this chart. This sub, man.... alien invasion means rate cuts, c'mon guys it's not hard
also wtf is a ""market ression"" did you run out of crayons?. The only reason I'm on here is to see what a bunch of 25 to 35 yr olds are doing, so I can avoid it ! Pretty good comedy on here too.. Aliens invade and wipe out 99% of us and enslave the other 1% by turning them into biological batteries to power resource extraction tech to bleed our planet dry of precious metals.
Wallstreet: that’s bullish. So it’s basically 50/50 whether the market goes up or down? What am I supposed to do with this?. Gamble… ahem I mean invest your money either to the upside or downside. "
481,MarketSentimentIndia,Cricket success on tomorrows Market,
482,MarketSentimentIndia,East India Pharmaceuticals Share Price on an Upward Trajectory,
483,MarketSentimentIndia,"[Business] - Centre's move to revive economy, boost market sentiment: Key points | Times of India",
484,MarketSentimentIndia,"Prime Minister Narendra Modi wants Indians to buy local and to promote local, but will we actually get global standard goods in this country?",
485,MarketSentimentIndia,BOROLINE truly is iconic! 🤌🏻✨,"lol, I’m leaving for Europe tomorrow. Best believe I’ve stocked up on boroline before anything else :)). and that one tube lasts so longg. My discovery of 2023 is that boroline can treat acnes too.... Indeed it is, Boroline Vico turmeric let's not forget these products.. Vico gives me terrible breakouts :(. I don't wear earrings but when I do for special occasions, the piercing feels so sore because it was done badly at an angle. But I simply warm up some Boroline and apply and just overnight it's totally healed.. Can't agree enough. Boroline is the reason I still have my lips sitting on my face. I have had extremely dry lips and a bad habit of picking dry skin off of my lips. So since childhood I had throbbing and bloodied lips ( once it got so bad that I got an infection ). Since 2020 I started using boroline indoors ( that's nearly 99% of the time since I hardly leave home ). And I haven't had to pick off dry skin since. Before that I tried so many expensive lip balms and nothing ever worked. Boroline just saved me here. Also, completely healed very rough and dry patch of skin on my elbows and the only thing I can trust to heal cracked hills.
Best skincare product ever.. La Roche Cica balm ❌ Boroline ✅. It can hands down beat any high end moisturizer. people complaining about the smell and taste were clearly never made to drink the most... interesting... tasting kaadas by their mothers and grandmothers when ill 😭"
486,MarketSentimentIndia,"Historic milestone for the Indian stock market!  

Sensex just crossed the 79,000 mark for the first time, driven by strong investor sentiment and robust economic performance.",
487,MarketSentimentIndia,Lotte India Share Price Skyrocketing Success,
488,MarketSentimentIndia,Global Markets Brace: Impact of Elections on Financial Stability,
489,MarketSentimentIndia,Why I'd rather not bet on global stocks (an Asian national's take),"Agree with you as a Chinese. Every Chinese retail investor I know try to fully invest in US market if they can.. Being Asian, US securities are the way to beat inflation and build wealth for most. Our obsession with America for the very long foreseeable future kinda validates Buffet, ""Don't bet against America"". TBH, it sort of sounds like you're saying the Asian stock markets are currently undervalued. Which sounds like an argument for investing in them.. AVUV price to book, 1.3 ish. VXUS price to book, 1.7ish. SPX price to book, over 4. VXUS may as well be a value fund!. Your insight could be right. If you just look at their PERs, they are on average remarkably lower than those of US stocks.
I just bet that they will be undervalued forever, but nobody knows. My OP is anecdotal at best and does not involve any hard analysis.. Another asian here who's heavily invested in SP500, I do have some international exposure but that's more for dividends and reduce the beta/overall volatility. Are there any good ETFs that optimize for real estate in the countries mentioned?. You may look into REITS or major construction firms, but nothing seems to keep up with actual housing prices trends. I would buy condominiums in central cities in the fast growing Vietnam or the foreigners' favorite Thailand if I was interested. Or Korea. In Ho Chi Minh City, Vietnam, a $940 a month condominium sells at a mere $245k. However, it's extremely complex or even impossible to buy a property in China or India as non-citizens.. From HK great take and agree"
490,MarketSentimentIndia,G20 countries and crypto,"One thing for sure, they will all agree on heavily taxing crypto, greedy bastards, let's hope they at least make an effort on good and fair regulations.. Crypto is no more taxed than anything else.
A capital gain on crypto is the same as a capital gain on a stock.
We can argue about taxation of staking, but there is simply no evidence to support the claim of heavily taxing crypto.. Unfortunately this goes only for a few countries within the block.
My country for example, Mexico, is really not doing anything regarding Crypto policies, which in my opinion is not progressing at the same pace than other countries at our economic level.
But good for those who have a better understanding of the potential of Crypto and Blockchain.. All they are planning to do is have more control by introducing CBDC’s !
India themselves tax 30% of the profits and we cant even apply for rebate in case of loss ! If these are the kinda regulations they come up with good luck having crypto become mainstream !. That's crazy! I didn't know that... Holy hell dude, I am sorry to hear that. Is there a legal way around it?. The fact that you can't claim for capital losses within the CGT tax calculation is scandalous imo.. India is playing a double game honestly they have accepted crypto as a digital asset but with 30% flat tax. . Because those countries are at the top of the list of hacker groups and scams/fraud. So its not a win in my book as they can damage crypto for more than they can help."
491,MarketSentimentIndia,Two-Thirds of Prop Trading Firms Plan to Trade New Exchanges This Year,
492,MarketSentimentIndia,"Banking Sector Shines Amidst Market Volatility: Sensex, Nifty Close Flat",
493,MarketSentimentIndia,India VIX: the Fear guage,
494,InvestorSentimentIndia,"[World] - India 'very favorable' for IPOs, Peak XV says, as economy and investor sentiment stay strong",
495,InvestorSentimentIndia,"[Tech] - India 'very favorable' for IPOs, Peak XV says, as economy and investor sentiment stay strong",
496,InvestorSentimentIndia,"[Top Stories] - India 'very favorable' for IPOs, Peak XV says, as economy and investor sentiment stay strong",
497,InvestorSentimentIndia,"[Tech] - India 'very favorable' for IPOs, Peak XV says, as economy and investor sentiment stay strong | NBC",
498,InvestorSentimentIndia,"[World] - India 'very favorable' for IPOs, Peak XV says, as economy and investor sentiment stay strong | NBC",
499,InvestorSentimentIndia,"[Top Stories] - India 'very favorable' for IPOs, Peak XV says, as economy and investor sentiment stay strong | NBC",
500,InvestorSentimentIndia,[Business] - Rupee starts on flat note; crude oil prices weigh on investor sentiment | Times of India,
501,InvestorSentimentIndia,[Business] - Govt depts: E-comm rules to hit investor sentiment | Times of India,
502,InvestorSentimentIndia,[Academic] Survey on Investor Sentiment in India (Every Saver and Investor),
503,InvestorSentimentIndia,[Academic]Survey on Investor Sentiment in India (Every Saver and Investor),
504,InvestorSentimentIndia,Yay or Nay? ,
505,InvestorSentimentIndia,Next Market Crash what could Trigger it?,". Don't worry everything will get back soon after crash. The problem is never theory everyone knows market will go up again the main problem is Emotion and volatility majority of us can't handle it.. Usually wars save financial crash. During wars, govt starts the printers. Post suspiciously gives ChatGpt vibes. But good topic so why not. Political instability seems to be the most significant trigger point imo. A win seems to be factored in already and any event that could impact this could cause markets to react negatively. Rich valuations in the market today with dumb money pouring in (esp reading the posts on the grp) could lead to a fall when smart money moves out. Sustained pause in rate cuts by rbi could take the markets sideways with some negative skew.. Political instability is a major pressure point. India is acting increasingly belligerently when it comes to the west. One Trump term was enough to humble China. How do you think markets will react if India gets sanctioned now?. Aaram se hinglish mei bhi likh skhte the bhai ye gpt use krke weird vibe aa rahi kaafi. US' huge Debt [ virtually bankrupt ] ,Inflation,Red Sea logistics problems,De-dollarization and US Federal Reserve keeping rates high,a recession in US and an ""unfavorable"" US Election results can crash the Markets.. Peter Lynch says, “Far more money has been lost by investors trying to anticipate corrections, than lost in the corrections themselves.”
Corrections/Crash will happen anytime for any reason."
506,InvestorSentimentIndia,India rolls back tax hike on investors; outlines steps to boost sentiment,
507,InvestorSentimentIndia,India rolls back tax hike on investors; outlines steps to boost sentiment,
508,InvestorSentimentIndia,BVG India Share Price Rallies High,
509,InvestorSentimentIndia,"Historic milestone for the Indian stock market!  

Sensex just crossed the 79,000 mark for the first time, driven by strong investor sentiment and robust economic performance.","Thanks for sharing.
Anyways I recently heard that tons of institutional investors say that the Indian Market is an attractive choice for investors seeking stability and growth.  
Time for me to do some research :) . I have heard the same. I think its the fastest 'emerging' market at the moment alongside Mexico."
510,InvestorSentimentIndia,Sikkim: Chinese daily warns investors against anti-China sentiment in India,"how much investment does China have in India?. Nearly 1 billion $ another article says 2 billion $.. This article is adblocker unfriendly, following is the text of the article.
Chinese daily warns investors against anti-China sentiment in India
BEIJING: Chinese companies operating in India should be alert and take steps to avoid being hit by anti-China sentiment following tension between the two nations over the border standoff in the Sikkim section, a leading official newspaper here warned today.An article in the Global Times called on Chinese firms to reduce their investments in India in view of the tension.Citing the sentiment that swept Vietnam in 2014 when many people were killed in riots after media reported that China fired water cannons at a Vietnamese vessel to frustrate moves by Hanoi to stop China's resource extraction in the disputed South China Sea, the article said violent attacks against Chinese interests may happen in India ""if the two countries see even small-scale military tension at the border.""""Chinese companies operating in India need to be alert and take precautions to avoid being hit by anti-Chinese sentiment following tension on the border between the two countries.""Another article in the daily known for its nationalistic views tonight said, ""many people believe Indian nationalism led to the country's independence from British rule decades ago but now it is gradually evolving into an internal factor behind the anti-Chinese sentiment, which is fuelled by ethnic and religious factors.""Quoting reports of Shiv Sena activists burning Chinese flags on the streets after China blocked India's membership bid of the elite Nuclear Suppliers Group (NSG), it said, ""India's territorial issues can much more easily stir up local people's nationalistic feelings.""Chinese firms, especially those in the retail and consumer electronics industries, should consider possible boycotts by Indians and ensure the safety of Chinese workers, the article said.""Although India is a potential market, would-be investors from China should perhaps take a wait-and-see approach. In this context, new investment from China into India is likely to be reduced,"" it said.By 2015, accumulated Chinese investment in India reached USD 3.55 billion, and most of the Chinese firms doing business there saw a proportion of local employees of over 90 per cent, according to the article.""The fact that Indian troops recently crossed into Chinese territory will not necessarily lead to a withdrawal of Chinese firms from India, but New Delhi has to safeguard the security of Chinese-funded institutions against possible anti-China riots,"" it said.To make itself a promised land for Chinese manufacturers, India needs to ""spare no effort"" to maintain the stability of its economic ties with China, ""even if that is not an easy thing to do"", the article said.Since the standoff on June 6, when the People's Liberation Army destroyed bunkers of the India Army claiming the area belonged to China, Chinese media have carried several pieces blaming India for escalating border tension and ""reminding"" the Indian Army about the 1962 war.Of the 3,488-km-long India-China border from Jammu and Kashmir to Arunachal Pradesh, a 220-km section falls in Sikkim.Another article carried by China Military Online, the official website of the Chinese military, said, ""Many Indians with vision say that it was a stupid option to let the China- India border issue escalate into confrontation because there is no winner in another armed conflict between two countries"".""But the trespassing by Indian troops showed us that quite a number of people in India still hold on to the 'Cold War' mentality, think from the geopolitical perspective, and choose to view China's road construction in its own territory as a 'threat' to India"", it said.""History tells us that the Chinese military has never lost its temper easily and never fired the first shot. It didn't even want to fight the 1962 Counterattack in Self- Defence on China-India Border at first, but wanted to settle the issue through peaceful negotiations because China and India used to be friends and had similar experience in fighting against imperialism and colonialism,"" it said.""But those in India who still uphold 'confrontation' in this event should be fully aware of the fact that if a solution isn't reached through diplomatic or military communication or the issue isn't handled properly, another armed conflict between China and India is not completely out of the question,"" it said.""Some Indians dare to provoke China and even claim that it's not 1962 anymore probably because they don't think China has military advantages at the border sector where the event took place. They mistakenly think that India is able to revenge itself by using the favourable terrain and its advantageous mountain division and air force on the border,"" it said.
I am just a bot, I cannot reply to your queries. Send a modmail if you have any queries. Please provide a link to your submission. We would not be able to help you without a link."
511,InvestorSentimentIndia,I transcribed the full text of Dr. Manmohan Singh's remarks on economic mismanagement by the current government in India,
512,InvestorSentimentIndia,India VIX: the Fear guage,
513,InvestorSentimentIndia,Analyzing the Growth of National Stock Exchange Share Price,
514,InvestorSentimentIndia,"Paytm soars 10%, hits upper circuit after govt approves FDI proposal for payment aggregator biz",
515,InvestorSentimentIndia,East India Pharmaceuticals Share Price on an Upward Trajectory,
516,InvestorSentimentIndia,"Defence stocks PTC Industries, BEL, Mazagon Dock and 9 others gain up to 20% on policy continuity optimism",
517,BullMarketIndia,"Bitcoin And Ethereum Keep Bull Market Strong, Analysts Expect Volatility - Forbes India","Tip this post.
Offchain tip confirmations below.. !tip 1. Thankyou mate. !tip 1. It’s just a dip to buy. Can we ban all Forbes crypto articles. They're just absolute tosh.. Bitcoin and Ethereum is carrying the entire market on their backs. If either of those were to fail for any reason then everything else will crumble. This isn't news to me, just a reminder.. So good reminder??. !tip 1. SwingContent6806, this comment is being automatically posted under your submission to facilitate the tallying of the Pay2Post donut penalty that r/EthTrader deducts from user donut earnings for the quantity of posts they submit.
submission link: https://www.reddit.com/r/ethtrader/comments/1btvjhh/bitcoin_and_ethereum_keep_bull_market_strong/
author: SwingContent6806
cc: u/EthTraderCommunity cc: u/pay2post-ethtrader
--
Distributed moderation now in effect: if your governance score is over 20,000, you have the ability to remove spam comments and posts by posting a comment in response to the comment/post containing the keyword [AutoModRemove].
See announcement thread: https://www.reddit.com/r/ethtrader/comments/14p7a22/crowdsourced_moderation_of_comments_implemented/
See your governance score here: https://donut-dashboard.com/#/governance
I am a bot, and this action was performed automatically. Please contact the moderators of this subreddit if you have any questions or concerns."
518,BullMarketIndia,"Is India going through a bull market now? If yes, then generally... should we buy stocks in the bull market or wait for the bear market to start?","The name of the game is buy low, sell high. You only buy stock at an all-time high during a bull market because you anticipate it will go even higher. If you aren't sure it'll go higher, you have no business buying it.. Buy in Bull markets and be a  Future bag holder. . Yeah hope this bull market last a bit longer. Indian stocks are overvalued AF at the moment. They have AI priced in the future except than none of the companies do AI. Yes the stocks seems overvalued as per some analysis I did after reading about valuation and all.
So if I buy a stock which is overvalued but still at a low price that I can buy in bulk, how can i predict when it will come to its correct valuation?
Suppose I have a railway stock which is at all time high and the market is also at bull run, now from the news we know that railways budgets are going to be increased by a lot, so i guess it will be a good idea to buy that stock right because the news is all positive for that sector and other people would also want to buy it?. FLIN or IFN are funds to get exposure to India. . sure seems like a big dill for a reason.. Why wait for bear market. What if it comes in 20 years? You would lose 20 years of gains by waiting.. Hmm you got a point 👆. Stable government and they are mostly doing the right things. Most large companies here setting up a base in India. Apple moving its manufacturing to India. All of that fueled and will continue to push Indian market up unless one of its neighbors drops a bomb."
519,BullMarketIndia,Global Banks Are the Biggest Bulls in India’s Bond Market,
520,BullMarketIndia,[Business] - Global banks are the biggest bulls in India’s bond market | Times of India,
521,BullMarketIndia,India's stock market : Bull Run Far From Over | The Enterprise World,
522,BullMarketIndia,[Business] - Global banks are the biggest bulls in India’s bond market,
523,BullMarketIndia,[Business] - Lok Sabha polls: Emerging-market bulls tout Modi premium | Times of India,
524,BullMarketIndia,"[Business] - Stock market today: BSE Sensex crosses 80,300; Nifty50 above 24,350 as bull run continues | Times of India",
525,BullMarketIndia,India's Market Meltdown 📉: The End of the Bull Run or a Pause Before the...,
526,BullMarketIndia,"[Business] - Stock market today: BSE Sensex, Nifty50 slide further as bears stall market bull run | Times of India",
527,BullMarketIndia,Earnings Post Market Hours: India Bulls Real Estate; Nuvama Wealth Management; & Sula Vineyard!,
528,BullMarketIndia,[Business] - Bull run continues! Indian equity markets hit $5 trillion market cap; $1 trillion wealth added in less than 6 months | Times of India,
529,BullMarketIndia,[Business] - Unstoppable bull run? Sensex may hit 1 lakh milestone by December 25 if stock market continues its historical CAGR | Times of India,
530,BullMarketIndia,"[Business] - Stock market today: BSE Sensex surges 200 points; Nifty50 above 22,400 as bulls charge | Times of India",
531,BullMarketIndia,"India's Bull Market is Strong and a Rally to 22K is Feasible, According to Anurag Singh",
532,BullMarketIndia,"[Business] - Stock market today: BSE Sensex crosses 80,000 for the first time; Nifty50 hits new lifetime high as bulls party | Times of India",
533,BullMarketIndia,"We're in a bull market. Oh wait, bear market. Nevermind, bull market.",
534,BullMarketIndia,"Raghuram Rajan, the unsung hero of India’s bull market","I thought bull market is now illegal?. Let's step back and ask, what was the root cause of the high inflation in India over the last 4-5 years?
For that we need to know what is inflation. We are told: ""Inflation is defined as a sustained increase in the general level of prices for goods and services. It is measured as an annual percentage increase. As inflation rises, every dollar you own buys a smaller percentage of a good or service.""
But we are not told that prices of commodities can go up because of more demand and/or less supply.
Unfortunately in India, inflation went thru the roof because of more demand AND less supply. The UPA Govt came out with populists schemes (MNREGA for one) that put more money in people's pocket hence increasing the demand, but failed to address the more difficult supply side problem. As a result the villager who bought commodities worth 100 Rs in the 1st year, could buy stuff worth only 90 Rs in the second year (10% inflation, value of 100 Rs became 90).
Now this inflation was NOT because of increase prices in the industrial white goods. Prices of TVs, Washing Machines, Cars, Fridges, etc etc etc did NOT increase. Prices of clothes was also under control. But rather inflation was high because prices of food items went thru the roof.
(Not to forget the contribution of oil prices in inflation that our govt has no control over.)
This makes sense, because when the villagers got their 100 Rs from MNREGA they did not rush to buy TV and Fridge and Cars, they rushed to buy pulses, wheat, rice, potatoes.
Now the RBI tried to control the inflation (which we now know is mainly because of the food inflation) by increasing the interest rates. But that affected the guys who take loans. The industries that produce stuff, both white good as well as food related. The increase in interest rates did not affect:
The oil price or the
The food item prices . In fact certain food item like pulses became more expensive because the cost of money increased for the food processing industry.
In addition to this, higher interest rates made the industry more risk averse. They did not invest in food related supply chain, processing, industrial level agriculture etc.
This became a vicious cycle and increase in interest rated in fact fueled the inflation rather than control it.
While I am a no one when compared to the RBI Governor, I feel he made multiple bad calls to control inflation by increasing the rates.
Inflation eventually fell because the value of 100 Rs became 70 Rs over 4-5 years hence reducing the buying power and the exponential rise in demand combined with the falling oil prices and the positive sentiment with the NDA win.
So while Raghuram Rajan might be a good economists, I feel he did not handle the Indian inflation crisis in the best possible way as he did not even ATTEMPT to increase the supply at any stage and just followed the text book approach in controlling the inflation.. "
535,BullMarketIndia,Imagine not investing back then lol thinking that's as high as market could reach,"And yet, probably less than half a year from that post corona hit and the market crashed. Those who shorted surely made bank.. And those who did nothing but simply kept on buying also did well. . yeah I'm sure those who shorted did so because they foresaw a plague. Yes it’s always like that.
People will loose more money (opportunity gain not actual) waiting for correction than at actual correction. He was right.
Nifty has failed to beat
inflation of hospital costs
inflation of tuar daal, clean meat,
inflation of rent in a clean area, with a clean water supply
In dollar terms nifty has failed to beat any worthwhile index. It means Nifty deserve another 20% in 6 months. Which index except maybe Nasdaq gives better returns than nifty? Genuinely curious.. Even with all of that no other instrument has provided the returns which NIFTY has - around 16% CAGR in the last 5 years (barring some MFs and specific stocks - but then this stock selection isn't average Joe's cup of tea). Moral of the story if you have bandwidth do the fancy stuff or if not keep investing don't stay out of it for two long as nothing beats markets. No peice of real estate has gone even 5X in 10yrs but stocks do that in three.. See the thing is most of us are only thinking about market in terms of stocks to buy. More people buys, price goes up. It isn’t wrong. But we also need to understand why people buy and more importantly, what is a ‘stock’. As you all know, it’s a piece of business. And the price of that stock, in long term, will always reflect the earnings of the business.
My point is, for stock market to keep going up, in long term, Indian businesses’ earnings should go up. And significantly. Much of current bull run is based on nationalistic feelings and futures expectations of economy doing great. But at the end of the day, this is business. Numbers have the ultimate say. Here’s hoping a prosperous and sustainable growth for the future. 👍🏻"
536,BullMarketIndia,[Business] - Stock market rally today: Why BSE Sensex & Nifty50 hit record highs - top reasons for bulls partying | Times of India,
537,BullMarketIndia,General Gyan From An Oldish Timer,". Finally a high effort post. Thanks, I hope other market old timers post as well.. What does voting machine and weighing machine mean in this context?
That the short term market is driven by rumours and long term market is driven by valuations?. Pump and dump is real.... I think what happened to adani stocks are now happening to railway and psu.... 1 more sad part... No one literally post anything related to analysis...they don't even have idea to read financial of the cos imo. One should realize why a company that a government runs for people's good, will earn that much great amount of valuation. These companies had to go down, everyone knows this, still they brought them at ATH.. India is in a transitional phase, moving away from a service export to a manufacturing hub. We might have a deep correction post the bull market, but do you not think that Indian markets are going to be expensive for even longer? I mean Trent, for example. At 1400, it was around ~150 PE. The price has more than doubled since and the PE is still ~165 highlighting the fact the earnings are phenomenal. I mean I understand that this is a one off example and there are several overvalued pockets right now, but, do you not think that India deserves to be an expensive market?
Great to come across a seasoned vet on this sub, All the psu posts were getting slightly irritating.. Any advise on how to survive a bear market?
 What is an reasonable XIRR in an bear market, if one does decide to participate and not stay in cash. . A bear market throws up a lot of buying opportunities. For that you have to put in the effort to study the firms and then decide.
Shocking, I know!. Why would tears be shed by anyone other than disciplined investors. Disciplined investors are happy during bull market and during bear market as well. While undisciplined investors are unhappy during both. Indian market may feel expensive but if you are a seasoned investor then you would know that markets are not even close to the valuations of 2007 peak. This means there is massively more scope of the bull market running for few more years. If 22k nifty feels expensive to you, market will be happy to show what expensive really means. Market has tendency to always surprise both on upside and downside. If you think something is very cheap, market will show you how much cheaper it can get and vice versa. The best thing is to remain invested at all times snd just let the market work for you and do its thing."
538,BullMarketIndia,Crypto Conference in India Highlights Building for Next Bull Market,
539,BullMarketIndia,"[Business] - Stock market today: BSE Sensex up over 250 points, Nifty50 above 21,500 as bull run continues | Times of India",
540,BullMarketIndia,"[Business] - Stock market today: BSE Sensex surges 650 points, Nifty50 above 21,600 as bulls charge back | Times of India",
541,BullMarketIndia,"[Business] - Stock market today: BSE Sensex surges 300 points, regains 71,000 level as bulls charge back | Times of India",
542,BearMarketIndia,"Is India going through a bull market now? If yes, then generally... should we buy stocks in the bull market or wait for the bear market to start?","The name of the game is buy low, sell high. You only buy stock at an all-time high during a bull market because you anticipate it will go even higher. If you aren't sure it'll go higher, you have no business buying it.. Buy in Bull markets and be a  Future bag holder. . Yeah hope this bull market last a bit longer. Indian stocks are overvalued AF at the moment. They have AI priced in the future except than none of the companies do AI. Yes the stocks seems overvalued as per some analysis I did after reading about valuation and all.
So if I buy a stock which is overvalued but still at a low price that I can buy in bulk, how can i predict when it will come to its correct valuation?
Suppose I have a railway stock which is at all time high and the market is also at bull run, now from the news we know that railways budgets are going to be increased by a lot, so i guess it will be a good idea to buy that stock right because the news is all positive for that sector and other people would also want to buy it?. FLIN or IFN are funds to get exposure to India. . sure seems like a big dill for a reason.. Why wait for bear market. What if it comes in 20 years? You would lose 20 years of gains by waiting.. Hmm you got a point 👆. Stable government and they are mostly doing the right things. Most large companies here setting up a base in India. Apple moving its manufacturing to India. All of that fueled and will continue to push Indian market up unless one of its neighbors drops a bomb."
543,BearMarketIndia,"[Business] - Stock market today: BSE Sensex, Nifty50 slide further as bears stall market bull run | Times of India",
544,BearMarketIndia,"[Business] - Stock market crash today: Why BSE Sensex, Nifty50 plunged - top reasons bears are on a rampage | Times of India",
545,BearMarketIndia,"[Business] - Stock market crash today: BSE Sensex plunges 700 points as bears attack; Nifty50 near 22,300 | Times of India",
546,BearMarketIndia,How many bear markets have we seen in India?,
547,BearMarketIndia,"[Business] - Stock market today: BSE Sensex plunges 500 points; Nifty50 below 22,000 as bears growl again | Times of India",
548,BearMarketIndia,"[Business] - Stock market crash today: BSE Sensex plunges 600 points to below 72,000 level; Nifty50 around 21,800 as bear attack continues | Times of India",
549,BearMarketIndia,P2P Bitcoin Trading in India Doubles From 2021 Despite Bear Market,
550,BearMarketIndia,"Tax, bear market temper India’s enthusiasm for NFTs",
551,BearMarketIndia,"Tax, bear market temper India’s enthusiasm for NFTs",
552,BearMarketIndia,Imagine not investing back then lol thinking that's as high as market could reach,"And yet, probably less than half a year from that post corona hit and the market crashed. Those who shorted surely made bank.. And those who did nothing but simply kept on buying also did well. . yeah I'm sure those who shorted did so because they foresaw a plague. Yes it’s always like that.
People will loose more money (opportunity gain not actual) waiting for correction than at actual correction. He was right.
Nifty has failed to beat
inflation of hospital costs
inflation of tuar daal, clean meat,
inflation of rent in a clean area, with a clean water supply
In dollar terms nifty has failed to beat any worthwhile index. It means Nifty deserve another 20% in 6 months. Which index except maybe Nasdaq gives better returns than nifty? Genuinely curious.. Even with all of that no other instrument has provided the returns which NIFTY has - around 16% CAGR in the last 5 years (barring some MFs and specific stocks - but then this stock selection isn't average Joe's cup of tea). Moral of the story if you have bandwidth do the fancy stuff or if not keep investing don't stay out of it for two long as nothing beats markets. No peice of real estate has gone even 5X in 10yrs but stocks do that in three.. See the thing is most of us are only thinking about market in terms of stocks to buy. More people buys, price goes up. It isn’t wrong. But we also need to understand why people buy and more importantly, what is a ‘stock’. As you all know, it’s a piece of business. And the price of that stock, in long term, will always reflect the earnings of the business.
My point is, for stock market to keep going up, in long term, Indian businesses’ earnings should go up. And significantly. Much of current bull run is based on nationalistic feelings and futures expectations of economy doing great. But at the end of the day, this is business. Numbers have the ultimate say. Here’s hoping a prosperous and sustainable growth for the future. 👍🏻"
553,BearMarketIndia,Bear Market,". There is a old saying in wall streets “ everyone has one uncle who successfully predicted 300 of the last 3 bear market “ Meaning: everyone who doesn’t understand markets will scream bear market no matter what. Firstly, Nifty is not going up by 1% every day. Since January Nifty has gone up by approximately 15%. So your calculation is way off.
Secondly, markets need a reason to tank, if that is what you mean by bear market. Do you have a reason why market should be in a bear category?
Also, what do you mean by manipulation and what is the objective behind the manipulation? Accumulation and distribution phases of the markets are nothing new and if this is what you mean by manipulation?. Bhai ane wala hai bear market wait karo agle 100 saal se phele ajae ga. R&R repeats. Being contrarian does work but in the long term trends, in the short term momentum works.. It hit 25k(kinda) today itself lol. Imo, it's sip which is creating fomo for diis and fiis. Once sip increment get stabalized and some of fiis exits( i think they keep rotating in different markets) , market may enter into bear.
But low chance of heavy correction in upcomin years, reason is influencers. Due to them, everyone now believe in holding long term and putting more during correction.
Slow growth in service sector and inflation(due to covid money) will eat up the salary of middle class and hence sips growth may slow down. This could be the trigger for bear. But may take another 3-4years to happen.(In short term more sip investors will enter into the market due to fomo)
Long bear like 5-6 years may break the patience of investors and may cause heavy correction as well with minors external triggers.
Another reason could be high unemployment, which may also lead to change in govt after 5 years(50-50%). If this happen, market may correct heavily due to socialist approach.
Though if govt is able to augment loss of service industry via manufacturing industry, you may observe long bull as well. Let's see how future unfolds.... . Election year has been a ride for the markets, I wouldn't be surprised for it's volatility and heavy influx of liquidity but it is predictable. I would say it isn't taking us by surprise"
554,BearMarketIndia,"[Business] - Stock market today: BSE Sensex plunges 500 points, Nifty50 below 21,500 as Dalal Street hit by bear attack | Times of India",
555,BearMarketIndia,"[Business] - Stock market today: BSE Sensex, Nifty50 plunge as Rs 3.15 lakh crore wiped off! Top reasons why bears growled | Times of India",
556,BearMarketIndia,[Business] - Three charts show trouble for India stocks nearing a bear market | Times of India,
557,BearMarketIndia,[Business] - Surprise bear attack on stock market: BSE Sensex crash leaves investors poorer by Rs 8.91 lakh crore in a day | Times of India,
558,BearMarketIndia,[Business] - Three charts show trouble for India stocks nearing a bear market,
559,BearMarketIndia,"We're in a bull market. Oh wait, bear market. Nevermind, bull market.","Someone farts in Antartica
Crypto investors: Bear market. I can say for certain we are in a market. Golden rule of crypto: No one knows shit about fuck.. There hasn't been a bull or bear market in over a year. Just regular steady growth, small fluctuations of 5%-10%-15% shit even 20% in either direction are par for the course.. This is a quality post. I see no lies lol"
560,BearMarketIndia,How to survive bear market? Bullish India Blog-How to win bear market?,
561,BearMarketIndia,"[Business] - Stock market today: BSE Sensex plunges 670 points, Nifty50 below 21,600 - top reasons why bears are playing party pooper | Times of India",
562,BearMarketIndia,[Business] - ‘Bear-market blues’ test mettle of most devout Bitcoin holders | Times of India,
563,BearMarketIndia,[Business] - Explainer: Why is Wall Street close to a bear market? | Times of India,
564,BearMarketIndia,"[Business] - Triple trouble for crypto: Liquidity crunch, bear market, new tax rules | Times of India",
565,BearMarketIndia,"[Business] - Triple trouble for crypto: Liquidity crunch, bear market, new tax rules | Times of India",
566,BearMarketIndia,"Semglee, a biosimilar insulin, was blocked from sale by the FDA for half a decade until late last year. When it entered the market, insulin analog prices dropped by a third. Government is the problem, not the solution.",
567,PolicyChangeIndia,India asks WhatsApp to withdraw changes to privacy policy,"Nice. I'm willing to bet India is a good chunk of WhatsApp's user base, if they manage to convince Facebook to roll these changes back between them and Europe it will be a big hit.. We might have the biggest user base, but privacy laws here aren't as tight knit as in europe or the us. I'm glad and somewhat surprised they asked whatsapp to turn back on their policy.. I'm Indian and seems like tons of family members have already switched. Also, Lots of Indian officials and banks use whatsapp.. Facebook ruins everything they touch.. Good.
They just don't know what you saying, they read all the meta data around the message and can infer your social graph quite a bit. What does it mean to under someone's social graph? How is it done?. Just simply change to Signal. Why trust Facebook anymore?. Should have had actually competent cyber laws regarding stuff like this. Now all we can do is ask nicely.. Don't care. I already uninstalled and moved to Telegram / Signal."
568,PolicyChangeIndia,"Hello r/india! We are Bloomberg journalists covering India with a focus on its economy, current affairs and government policies. We’re here to talk about the budget and the strategies shaping India's future. Ask us anything on what the latest changes mean for taxpayers and investors.","How was the state wise distribution of proceeds determined?
Source: The Hindu. How do you see the measures taken for job growth in this budget? What do you think should have been a better measure for the job growth?. What were the most unexpected parts of the budget and why?. Nirmala Sitharaman could have easily skipped mentioning Bihar and Andhra Pradesh while announcing the budget - she has done this before - many foul things are found in budget documents but not budget speech e.g. indexation.
Do you think allies specifically wanted the Government to openly announce the schemes? The ruckus around unfair distribution to two states could have been avoided by not mentioning them in Budget speech. Nirmala Sitharaman could have easily said, e.g. 60,000 crore to road development in underdeveloped states, instead of Road development in Bihar.
Is this some power play behind the curtain by the allies?. How will the startup ecosystem change in the future with the angel tax being abolished?. Has the government done anything to build a better base in STEM and research? like most developed nations have a STEM based economy i.e. they promote STEM research and education via big national grants and funds (how the US has large pool of funds to promote research in a tonne of their state and private universities and EU has similar funds too) and that pays off in more employment in the STEM sector....like what has the government done to dilute the major chunk of IT sector in the economy, that is a bad thing, right? having the economy highly dependent on IT sector and not actual technical stuff ?. * To what extent do you think the government has been able to fulfill the promises made in the last budget/ previous budgets? Are there specific areas where implementation has been particularly strong or weak?
* The budget allocated significant funds to Bihar and Andhra Pradesh. Does this suggest a significant shift in how the government plans to support these regions? Do you see it happening for the next 5 years?
* Given the historical significance of the farmer protests, why do you think the government continues to exempt agricultural income from taxation? What are the potential economic and political implications of this decision?. Hi, how does this help with the conversion against US?! Its rising everyday.. . How will the removal of indexation of property affect real estate as an investment? Would we see people investing less and people holding on to properties they already have so they don't have to pay taxes? And people would be buying houses only for the purpose of living in it and this in turn would increase the rent too for the people who want to live on rent?"
569,PolicyChangeIndia,15 Nov DS-160 policy change (India),
570,PolicyChangeIndia,"Now that Amazon India and Flipkart have changed their return /replacement policy to 7 days brand service center replacement policy, where are you buying expensive electronic items from?","When I was in college, I observed people buying expensive formal shirts and pants only to use them for internship interviews and then returning them afterward. I completed my undergraduate degree at one of the top universities in India, and if some people there had this mindset, I can imagine the situation among the general population.. . We can't have good things, most of us end up abusing these policies. But i believe that atleast Amazon makes an exception if your account has a good track record.. Understood. I have a good experience with Amazon so far. You are right. They chk our track record and area (some areas are full of scammers). Have heard that some ppl order clothes, mobile, shoes etc for imp occasions like photo shoot, wedding, interviews, even dtaes, and return it after using it. Some delivery ppl also scam. Too many times I got suspiciously opened packages (not the ones that were returned to the seller b4 and repackaged) and the delivery person claimed that my hsg society's security guard opened it at the gate (he didn't know that it is under CCTV surveillance and our society chairman had similar complaints fr other apartments and chked it). I complained to Amazon with videos of packages fr my ring camera and I didn't see those delivery ppl again (granted it took time as there have to be multiple complaints against the same delivery person for Amazon to take action).
My main query is now what? Where to buy with confidence? Bcoz unless I am opting for top brand items, I do not trust their service centers wholeheartedly to handle replacement matters and coordinate with the sellers. Had a bad experience with a seller of Daikin AC on Amazon 3 yrs back but Amazon rectified it by paying for the missing installation kit after talking to the installation guy (within few hours). They tackled it with the seller immediately. Now I don't think I can expect THAT. I honestly don't blame Amazon. It's we the people who try to take undue advantage of the system.  And because of a select few, the whole of India base suffers the consequences.  
People here don't deal in good faith and as bitter as it sounds, it's the truth.. . From offline store or official site. Had an interesting experience recently. Wanted to buy an All in one desktop. Shortlisted one Hp model. It was much more expensive on Amazon and Flipkart than the offical site. And the extended warranty etc were also available on hp site. Didn't want to endure the hassle of third party sellers so finally ordered it from hp.com.. Vijay Sales price matches every single time. Love them.. Indians are asshole customers and they deserve it. I know people who run a small biz on amazon/flipkart and the the convenient non questions asked return policy just helps these fuckers send back broken/opened/completely different items in the return and there's jack shit you can do about it."
571,PolicyChangeIndia,India asks WhatsApp to withdraw changes to privacy policy,
572,PolicyChangeIndia,"If Joe Biden wins the elections, how will the United States foreign policy change towards a neutral nation like India","The China problem isn't going away under Biden. Both parties are joined up and bi partisan on being tough on China going forward. If anything a Biden win will return with a focus on diplomacy and allies which will be positive for all US allies and indeed promises a more joint up approach on the China challenge.. Economic conflict was a near inevitability, which was hastened by trump. The ""softness"" under Obama was more letting the status quo playout with mild, long-term preparedness with the ""pivot"".
Because we're looking at a structural and systemic question, the hastening of conflict is largely permanent. As funkedup says, this isn't going away, especially with the escalating social/political problems that are now attached.
Although saying something like ""Biden doesn't have a clue himself"" is useless quips, it isn't exactly clear that Biden has a long-term strategic plan. The means may be in place--coalescing the transatlantic alliance-- where to push China isn't as clear: whether accommodation, allowing spheres, enforcing IO rules, or short-term trade deals that have to be renegotiated permanently. (trump's demands on opening the economy to global investment was always a non-starter).
What is interesting is ever since Nixon, congress has been trying to act hard on China over social issues while the executive acted soft on economic issues. This is likely changed for good as well.
Part of the alliance will be to provide a balancing relation to neighbors and other countries with ties to China, especially ASEAN. For India, which already has poor relations with China, this will likely continue bettering relations, but perhaps more limited since India's options on great power relations are already fairly chosen. Because of that a proper US policy will want to continue strengthen relations, but not at a flattering cost as it would with countries that can still pick between the two.. A Biden Whitehouse would essentially be a reboot of the Obama administration. Meaning it would be a return to establishment neoliberal policies. All of Biden's foreign policy advisors served under Obama; and Susan Rice (Obama's former national security advisor) is reportedly on Biden's short list for vice president.
At a high level I predict it would mean the following:
- Re-affirming American commitments to traditional alliances (i.e. NATO, Japan, S.Korea) and international institutions (as long as they are US led). I can see Biden continuing the Obama policy of shifting more US forces from other regions into East Asia to balance China.
- Returning to the American belief that the US is the ""indispensable nation"" that must maintain hegemony over the established world order created by the United States.
- Trade policy that is very much designed to be pro-business and protects the profits of influential multinational corporations. Meaning that while a Biden Whitehouse may still confront China on specific economic issues (i.e. hacking and IP theft, Huawei), I don't imagine Biden would engage in a wide ranging and disruptive trade war like Trump did.
- Continued strong support for the military industrial complex. For better or worse, its one of the rare areas of consistent bipartisan consensus in Washington.
- A belief in hard US interventionism as long as it doesn't involve a large number of troops on the ground. This means a continued reliance on drone strikes, air-power, funding and arming of proxy groups, military contractors, and small numbers of special operations forces.
- I think there's a strong possibility that with Biden, the US will re-join the nuclear deal with Iran. One of Biden's foreign policy advisors was the chief US negotiator on the Iran deal.
- Specifically regarding the India question, I think US under Biden will pursue a hedged strategy. Meaning it will continue to build relations with India as a counterweight to China but will also avoid any specific actions that may overly provoke China at the same time.. - Returning to the American belief that the US is the ""indispensable nation"" that must maintain hegemony over the established world order created by the United States.
I agree with the rest of the post, but not this. I don't think we're going back there. This maybe 'desired' by the new administration but not practical for them. There's no real downside on 'reaffirming American commitments' but actually imposing hegemony? We lost that when we didn't intervene in Ukraine and then in Syria.. US-China issues are unlikely to be solved quickly. However, there is an obvious angle of US-India relations. The focus might move from strategic relations to trade, or worst-case scenario, things just chug along as they are.
Generally speaking, Biden is an establishment politician. It is unlikely that he would affect some major changes to long-term policy (assuming external pressures remain absent). Unpredictable shifts are more likely with non-establishment politicians like Trump or Sanders.
Of course, there won't be any Howdy Modi or Namaste Biden events.. The U.S. and China have already both been on a steady path toward an escalated rivalry since late into the Bush administration and early into the Obama administration. As Biden is running his campaign on the message that his policies (including foreign policy) will effectively serve as a restoration of the Obama administration's objectives, we can infer that China will still remain a U.S. rival and that therefore the U.S. will still make efforts to ensure that India, one of China's regional territorial rivals, is within its geopolitical camp.. It is not reasonable to assume US-China relations are mended under Biden. I would expect India can have as close a relationship with a Biden-led US as it likes. Historically, India has preferred to not take sides in major power conflicts, but that can change now that the other major power is next door.. China is always next door. If Biden gets elected, it is reasonable to assume that the dispute between China and US will be resolved to a large extent.
Why is this reasonable?. If there’s anything you can appreciate about Biden, it’s his superior ability to make allies.
I’d say if the US-China relationship deteriorates to a Cold War scenario (so in about a month from now) I’d say Biden would have a much better time at building alliances than Trump, but then again, Modi is a populist, and Biden is just a Social Liberal, so perhaps it’ll take a little more elbow grease than, say, Biden with the EU."
573,PolicyChangeIndia,PM don't preach: Stand on Hamas attack shows change in India's foreign policy,"These guys never stop sucking off their dear leader for doing the bare minimum.
The first Iraq War when we had more citizens stuck in Kuwait, and had no close economic ties with the US. India managed to evacuate our citizens, condemn Saddam Hussein and keep our own defence apparatus out of the conflict.
There were no ""Hindu Defence League"" with Rajiv Gandhi profile pics embarassing our country across the world. There were no External Affairs minister's tight slap to Western hyporcrisy reels.. During IRAQ war Indian political system showed unexpected understanding between them which kept Indian troops out of the conflict u can read it here
https://thewire.in/diplomacy/india-nearly-gave-us-pressure-join-iraq-war
But currently our Political system is so driven by arrogance,hatred and not ready to understand each other.India has always been victim of Terrorism and got innocent civilians killed yet our Country political system didn't reach on consensus of differentiating between Terrorist atack and killing of Innocent Civilian along with children everyone picks up selective portion just to please their respective vote bank.. Class A university educated idiot. Right? I kept going through the article hoping for some signs of intelligence or sanity or even based on the actual news some context that could be journalism BUT heck it kept getting worse!
Thanks for making me feel like I am NOT alone in reading and feeling this afterwards!!. Which newspaper is this? Will avoid it for sure.. Looks like Times of India. Most countries used to hate indian leaders and their diplomats until the 90s (as can be seen from the declassified documents of that time). The snobbish preaching our leaders indulged in is the reason most countries used to support pakistan against india back then.
PVN followed by ABV and now modi have thankfully changed that.. A true freedom fighter attacks military and people in power, like Bhagat Singh did. While a terrorist freedom fighter attacks unarmed civilians, like hamas did. The attack proved that Palestine will become a terrorist country if given independence.
Better to merge Gaza with Egypt and merge west Bank with Jordan, so that they will become independent. Bhagat Singh was also athiest and socialist. Hope we Indians follow that path too.. He can't even save his own country's women. He only know how to do hindu muslim."
574,PolicyChangeIndia,U.S. Tries To Stop India's Solar Policy While Pushing Fight Against Climate Change,". I don't care what they do. The more countries that go solar, the lower the gas prices will go. I am all for it.. Capitalism in a nutshell. The survivability of the planet ranks below short-term monetary gain.
I don't really need to add any other explanation here, that in itself shows why capitalism is destroying us.
See The Free World Charter, The Venus Project and the Zeitgeist Movement.. What they are not telling you is this. Fuck this shit, Putin has made a lot more to combat climate change just by scaring the EU into renewable energy sources.. http://www.troll.me/images/arnold-disgusting/um-what-the-fuck.jpg
Of all the fights you can pick, this is the one you choose? ""Standing up for US workers and businesses"" by trying to crowbar your way into the Indian renewable energy market? Really? Do you not think this might cause more harm than good for US companies trying to gain/maintain business overseas? I might be way off (I'm not an international trade expert by any means) but this seems like one of the stupidest policy moves I've ever seen.
If I'm wrong, please, enlighten me on why.
Edit to ask for an explanation on how I'm wrong.. Typical worldnews...
The U.S. wants India to back off a policy that would require local sourcing for solar energy technology
Becomes
US DOESN'T WANT INDIA TO HAVE SOLAR POWER
It's a trade dispute, it has nothing to do with hypocrisy. Surprise! Countries have trade agreements. If India promised to purchase a certain percentage of solar panels from foreign companies in exchange for something, then the U.S has every right to complain if India is not living up to that agreement.
I swear, people have zero critical thinking skills anymore.. False title.
The US is fighting india's illegal blockade against solar panels made outside of India NOT india's solar initiative.. "
575,PolicyChangeIndia,"Changes likely in India's new EV policy, may benefit legacy car companies",
576,PolicyChangeIndia,[Business] - Piyush Goyal rules out change in FDI policy for China | Times of India,
577,PolicyChangeIndia,[Business] - Budget'24-25 highlights policy continuity and focus on climate change | Times of India,
578,PolicyChangeIndia,"Posts against India boosted on Twitter after India refuses to change its policy regarding imports of ev,which affects Tesla",. I thought so too. Suddenly my timeline is filled with India hate
579,PolicyChangeIndia,[IN] - SKM asks people to ensure change of govt for change in policies | Times of India,
580,PolicyChangeIndia,Climate Change Alarmists Policies Kill 100 in India,"They did this last year in Europe, drive up energy prices, and then blame ""climate change"" for the predictable tragedy. They should start holding these learjet hypocrites accountable, but they won't. Instead, the trained media seals will continue barking at us for driving our small cars to work. How dare you!. They did this last year in Europe, drive up energy prices, and then blame ""climate change"" for the predictable tragedy
Yes, and it had absolutely nothing at all to do with a certain genocidal maniac invading other countries, effectively holding Europe hostage with energy and threatening with nuclear weapons. Obviously it was all an evil plot by alarmists. Climate change is a sport for the rich.. how is it a sport for the rich? i thought that was golf. the wealthy are drawn to excess so what part of climate change allows the e wealthy to show off their wealth?. I have lived in 60.C. why did people die? there is no link. if someone reportedly died from “heat”- it could easily be someone elderly, they kinda suck at thermo regulation. happens in wealthy countries all the time.. 25,629 people die every day in India, how did they know that exactly 90 died from the heat ?
Frankly, I if you have 25,629 people die every day in India probably about 28,000 of them die from the heat every day. Yeah, it's ""an estimate"" :p
About as accurate as chicken entrails, but less messy.. what exact policy is this thread even about?"
581,PolicyChangeIndia,"[Business] - Frequent policy changes a worry, impact investment, says Hyundai | Times of India",
582,PolicyChangeIndia,"[World] - Australia foreign student visa policy changes: Fees doubled, extension gets difficult | Times of India",
583,PolicyChangeIndia,C Raja Mohan writes: Why Modi government condemned Hamas attack – and Congress did not. The biggest change in India’s Middle East policy under Modi remains understated. It is the de-linking of India’s regional diplomacy from religion,"Post Approved: Your submission has been approved!
🔗 Archive:
archive.today
archive.today for Reddit App users
WayBack Machine
Google Webcache
📣 Submission Statement from OP:
SS: The article highlights the importance of India’s foreign policy and its sharp, no-ambiguity approach in dealing with the ongoing conflict in West Asia. The article emphasizes the impact of the conflict on global and Indian markets, particularly on crude oil prices, and the challenges and opportunities for India’s foreign policy in ensuring its energy security. It also praises the Indian government’s clear and decisive approach in responding to the crisis and advancing its strategic interests.
India’s foreign policy has been undergoing a significant shift in recent years, with a focus on strengthening its strategic partnerships with key countries around the world. The country has been working to expand its influence in the region and beyond, while also pursuing a more assertive approach to its foreign policy. This has been reflected in India’s response to the ongoing conflict in West Asia, where it has taken a clear and decisive stance on the issue.
The article also highlights the challenges that India faces in dealing with the region and the role of domestic politics in shaping foreign policy.
Overall, the article underscores the importance of India’s foreign policy and its role in shaping global affairs. It highlights the challenges and opportunities that India faces in dealing with West Asia, while also praising the country’s clear and decisive approach to foreign policy.
📜 Community Reminder: Let’s keep our discussions civil, respectful, and on-topic. Abide by the subreddit rules. Rule-violating comments may be removed.
📰 Media Bias fact Check Rating :
Metric Rating
Bias Rating left-center
Factual Rating mixed
Credibility Rating medium credibility
This rating was provided by Media Bias Fact Check. For more information, see The Indian Express's review here.
❓ Questions or concerns? Contact our moderators.. Love the analysis. Instead of analyzing from conceived notions, a fresh new perspective has been offered. The center and core of the Indian foreign policy is the “what is in it for India”. Congress and others are slaves ideology. It is the ideology that drives them not the country.. Its how Congress has remained in power for so long , its always the appeasement of vote bank to remain in power ,divide and rule and eat the country,the ""gandhis ""don't care about what's right or wrong just care about money and power should be flowing to them.
The ucc, farmer protest khalistani funding, Palestine issue, reservation based on caste, islamization of west Bengal, waqf board , Rahul gandhi going to kiss ass of the chinese ambassador in china during india china conflict
Does these issue send a message they care about what's right?. The modi gov was very vocal about terrorism and it's effect. Agar ab nahi bolte to inki baat ki koe value bhi na hoti. I mean - Fatah - the Palestinian Liberation Org - has always been secular.
They've always had Christians and others as leaders.
This is not a Hindu-Muslim. Issue.
What the fuck.. Fatah is toothless and hasn’t provided an alternative. So you have Hamas running one of the 2 Palestinian territories. Fatah is irrelevant and absent in the current crisis. Also Hamas isn’t secular - so yes this has everything to do with islamic terrorism.. It's because congress always pleases it's Islamic vote bank. BJP doesn't care. For Modiji, ""what's right, is right "". All the increased fund allocations and disproportionate advantage of welfare schemes for muslims would disagree with your assertion."
584,PolicyChangeIndia,"When Apple company came to India, they changed their policy. Will Tesla change its policies to a steady thing when it comes to India?","Elon cnt even pay his twitter office rent you think he will pay taxes to the Indian govt no way Tesla is coming to India. I don't think so , tesla comes to india near 2025. We don't have how much they are planning on coming to India just a showroom in Mumbai with China made Tesla cars will be best guess."
585,PolicyChangeIndia,"With Elon Musk's Tesla yet to plug into India, government plans changes in new EV policy; tweaks may benefit legacy car companies - Times of India",. 
586,PolicyChangeIndia,[Environment] - Emotional response to climate change affects policy preference to tackle it | Times of India,
587,PolicyChangeIndia,[Environment] - Emotional response to climate change affects policy preference to tackle it | Times of India,
588,PolicyChangeIndia,Foreign relationships and policy changes - why does India not work on them?,
589,PolicyChangeIndia,[World] - Protests and call for policy change: Why White House hosted muted Ramzan event | Times of India,
590,PolicyChangeIndia,"[Business] - With Elon Musk’s Tesla yet to plug into India, government plans changes in new EV policy; tweaks may benefit legacy car companies | Times of India",
591,PolicyChangeIndia,"Following VN's new e-visa policy change, 'India rises from 8th place to become the second largest international market for hotel bookings in Vietnam, now just right behind Korea'","#Tourism & Travel ⛱. also meant to say (in headline) the announcement, since the policy change does not begin till August 15 for e-visa of 90 days. So this is before policy change.. (can they/we pass KR). Imagine the economic prosperity India has had these are one of the metrics too judge it
All those who could afford Goa before are now on the next level of foreign destinations. What’s sad is that we cannot become a tourist hotspot like SEA because we just cannot stop pissing and throwing trash in public areas."
592,FinanceIndia,Worst finance influencers in India ,"They are just generating finance for themselves. Finance with sharan should be renamed to
Finance for sharan
💀😂. Neha nagar has to be top of the list. I know her she is most knowledgeable person you will find if she has a phone or book.
No sure about without it.
She have short term memory she easily forget finance related things and have to cross check again and again.. The fact that these people are ""influencers"" shows the IQ level of their audience. I watched rachna's course before when I started learning basics ( i pirated it ), and It was pretty good actually. Basics hi seekha bas rachna se tho. The same which she kinda copied from Zerodha varsity?. Look man if someone made good money from the markets they wouldnt waste time making videos on youtube and would definitely not need sponsors for their videos. People who make money are too busy making it and have no inherent interest in sharing their strategies with the world at large.. सब के सब गुरु घंटाल है🤡. Go and watch neeraj arora buddy simple and easy tofollow finance advice. Sharan is the biggest one This guys knows zilch The problem is that most of us do not even have the basics of investing and generics become too good for us If anyone has opted for his webinar you would know
The guy shares a FIRE and some generic excel templates which you can get on etsy for 100 bucks with explanations"
593,FinanceIndia,How did Google perform in April - June 2023 quarter? Was it a rise or fall? Swipe to find out ➡️ #Google #Alphabet #earnings #revenue #profits #investing #stockstowatch #stockmarketindia #equities #nifty #USstocks #financeindia #financeupdates,
594,FinanceIndia,"India has already started buying Russian oil, ‘I will put my country’s interest and energy security first’ says finance minister of India","South Asia. . I can't blame a poor country like India for purchasing Russian oil, but it is important to realize that every diplomatic choice will have consequences.
Any country that decides to sanction India or cut trade deals in response would be justified as they are actively undermining attempts to push Russia sanctions. You cannot expect to be able to trade with the enemy of a country and have good relations.. Half of Europe is still buying Russian gas they’ve even upped oil imports from Russia by 15% in March. The hypocrisy of the west is just astounding. Here’s the source for anyone asking https://youtu.be/MiV8W3uoCkw Just a quick add on here, India has imported 12 million barrels of oil from Russia so far. This is the equivalent of what Europe imports from Russia in a week.. Can't blame them, India has to look out for their billion people. We didn't condemn china enough, when there was an incursion in galwan Valley.. You can't condemn China when Europe is doing the same. If energy security is reason enough for Germany and the rest of the Europe to keep buying, then it's reason for anyone else to do the same.. r/worldpolitics. In what currency?. Honestly I can't blame them. Does it work on the international level if say India were to buy Russian oil and then resell it to other countries for a profit (to presumably those countries that are imposing trade sanctions against Russia) ??"
595,FinanceIndia,"India had 80 IPOs, raising a remarkable capital of $2.1 Billion in Jan-Jun 2023! 📈 Here's a look at the top 10 standout companies with the biggest share price gains post-IPO 🚀 #IPO2023 #IndianEconomy #ipo #ipoindia #startups #investing #personalfinance #financeindia #shareprice",
596,FinanceIndia,Who is the best Finance Youtuber In India? ,"LLA. Best ❤️. Shankar Nath. Akshant Shrivastava's advices are always so negative. And his ideas work well for the high earning individuals. Not for the common people.. Also changes his views every time and depending on the video sponsor.. Asset Yogi. Akshat madrchod hai, llb ka core trading nhi hai, ganje ko mein janta nhi, finology ka core hi stock market hai, finology is founded by Pranjal kamra or jo sexy si ladki hai Priya jain bade boobs wali isne usi se shaadi kari hai. Info we didn't know we needed. Thanks bro. Bhai ka knowledge🤌♥️. No one cant beat LLA"
597,FinanceIndia,No ban on Crypto in India. Finance Minister Arun Jaitley reiterates Governmen't stance.,
598,FinanceIndia,India's Finance Minister backs increasing Chinese direct investment,"🔗 Bypass paywalls:
archive.today - www.reuters.com | Google Webcache - www.reuters.com
📣 Submission Statement by OP:
SS: India's Finance Minister has backed her economic adviser's suggestion to allow more Chinese investment in the country, after flows were disrupted by New Delhi's increasingly strained ties with Beijing since 2020.
On Monday Chief Economic Adviser V. Anantha Nageswaran said New Delhi should focus on Foreign Direct Investments from China to boost India's exports to the U.S., and other western countries and help keep India's growing trade deficit with Beijing in check.
Finance Minister Nirmala Sitharaman, said at a press conference on Tuesday that the adviser's office works at an ""arm's distance"" but ""that doesn't mean I am disowning the suggestion,"" becoming the first minister to back such a move.
India tightened its scrutiny of investments from Chinese companies and halted major projects since 2020, as relations between the two nuclear giants soured after clashes on their largely undemarcated Himalayan frontier left 20 Indian and four Chinese soldiers dead.
Western countries are looking for alternative import avenues to reduce their reliance on China in global manufacturing and supply chains, and India should aim to benefit from it, the adviser's report had said.
A senior Indian official told Reuters in January that investment curbs could be lifted if the border between the nuclear-armed Asian giants remains peaceful.
📜 Community Reminder: Let’s keep our discussions civil, respectful, and on-topic. Abide by the subreddit rules. Rule-violating comments will be removed.
📰 Media Bias fact Check Rating : Reuters – Bias and Credibility
Metric Rating
Bias Rating center
Factual Rating very high
Credibility Rating high credibility
This rating was provided by Media Bias Fact Check. For more information, see Reuters – Bias and Credibility's review here.
❓ Questions or concerns? Contact our moderators.. This would be a stupid move. It would be the equivalent of surrendering our balls to China on a silver platter.. Question to the ministers team. More investment is always good but where exactly are these investments? Also why not force Chinese companies to partner with Indian ones to help trade knowhow and share profits?. China is more competitive than India. Their labor costs are low and labor productivity is much higher. No unions that go on strike. No need for multiple levels of supervision. China will use its own country for exports. It will invest in India to seek good to Indians and make profits. A nation that claims large parts of NE India as its own is not here for altruistic reasons! It is there to make money and a Trojan horse inside India to use Indian rupee profits to compromise Indian officials for its gains. Name one country that has benefited from Chinese investment.
Now where did this idea come from? The economist (British) has a couple of articles in this very topic in the last few months saying the core reason for BJP not doing good is due to high young men unemployment in the Hindi belt. They then tied this directly to the lack of green field FDI in India. The further said GOI has stopped FDI from China. Note the central government which is desperate to create jobs is not throwing darts blindfolded. If investment from China comes condition it only for exports to start with. India has huge trade deficit with China. China exporting from India is what is needed. Second investment should generate large employment not just import capital equipment from China for automation and low need for labor. Lastly Chinese companies should float shares in Indian stock exchange and while they can hold 51% shares, majority of board members should be Indians including an IAS or government civil officer.
Anything short of such guard rails is bringing in a Trojan horse. Lastly construction should not be anywhere near sensitive military infrastructure.. In return china can occupy aruchanal pradesh. lol .. clowns. I feel indian shift in geopolitics. Against west.. Well. IMHO Investing and producing in India is one thing but dumping finished goods at dirt cheap is another. The former is welcome but the latter is not.. This is a good take
We should never trust china nor believe they will ever be our friend but at the bare minimum at least this could work"
599,FinanceIndia,"India's Finance Minister on cheap Russian Oil: ""why shouldn't I buy it?""",". . ""We have started buying (Russian oil). We have received... quite a number of barrels, I would think about 3-4 days' supplies, and this will continue,"" Finance Minister Nirmala Sitharaman said last week.
""India's overall interest is what is kept in mind... I would put my country's national interest first, and I would keep my country's energy security first,"" she said, adding that if oil is available at a discount, ""why shouldn't I buy it?""
if oil is available at a discount, ""why shouldn't I buy it?""
Europe is in a bind, being dependent on Russian energy, and they get called out for continuing to buy it. I don't think India is in a similar situation. I can think of thousands of reasons of why you shouldn't buy it. They are laying in the streets, in basements, and under rubble across Ukraine. How could someone say such a thing?
This doesn't sound like they are honoring the sanctions they were just reminded of:
https://www.reuters.com/world/exclusive-us-warns-india-others-against-sharp-rise-russian-oil-imports-official-2022-03-30/. When China comes knocking at the Indian border, India should not consider getting any empathy from Europe.. Indian here. She's the shittiest finance minister we have had in our history. Recently due to onion price increases(which is important for Indian diet) when journalists questioned her, she replied ""I don't eat onions"".
2019 budget presented by her wasn't balanced, the spending outstripped the earning. Her own ministry documents showed that. Mind you, this is the budget of Indian republic which has one of the largest economy in the world and no shortage of brilliant folks across the globe.
She has no understanding of economy. Add to it the fact that the prime minister doesn't have a single economist amongst his economic advisors. The central bank of India has a historian at the helm appointed by the government.
Its a total shitshow. Somehow all right wing governments around the globe are shit. And they like putin.
If this was the previous government they would have not taken that poisoned chalice because neutrality means to at the very least not cause indirect harm.. Europe is in a bind, being dependent on Russian ener....I don't think India is in a similar situation.
This.
That's precisely the difference. -2 years later: Help, China is threatening our borders!
-NATO: Why should we help you?. NATO: Ask your buddy Russia, you cheap prick.. honestly just gonna start shitting on anyone sideing with russia as they are an enemy of the people just like russia.. The problem isn't India buying Russian oil/gas. It's they increased buying 15 times what they were, trying to profit off it and they've abstained from every UN vote. Why isn't India sanctioned? There's many western businesses in India. I don't get it.. "
600,FinanceIndia,India's Women & Child development minister & Finance Minister. Joke of India's Ministry stature. (Mera Desh badal rha hai.. plays in background),". . Do you seriously think anyone from the ministry watches this PoS.
Hame YouTube ke dwara aur marketing karni he. Abhi sabse trending indian Youtuber kon he.
This PoS
Leke aao. Ek do photo kichenge. Uski janta aapne ko vote karegi. All fun and games until Elvis is made the IT minister. Fucking imbeciles. This image is more than enough to say why indian ministry is shit....I still don't get why Nirmala sitharaman is not removed after cabinet expansion..... Bus ker elvis aur kitna bully karega , elvish with bjp government understandable have a nice day. Society is too sick to change..... no one is even surprised ki woh kiske sath hai kya kar raha hai , literally sabko pata hai woh totally ek political aadmi hai is not even a proper youtuber anymore lol. Sala kitni baar maa çhø#ega ye?. Targeted harassment se account terminate nahi ho sakta kya? Is pagal ko hi chod sakte hai humlog"
601,FinanceIndia,"India ""Can Aspire"" To Reach $7 Trillion Economy By 2030: Finance Ministry","Government of Motivational Speakers.. . Even Judiciary is of TED speakers.. And I can Aspire to reach the moon by 2030 . Aspiration is not the problem Nirmala Tai 🙄. . We would need a steady 11% growth to achieve the 7T goal by 2030, which is unprecedented.
Bunch of BS by our finance minister.. Don't get into Maths, maths never helped Einstein invent Gravity. ....But for that Onion has to be rs 300per kg And petrol rs 400 per liter. Remember, we were also supposed to be $5Trillion by 2024, but HDI has flattened since 2014 and we're not there yet for some reason, even tho mudi ji has been banging thalis and screaming ""achhe din aagaye, bhai log develop ho gaye"" since 10 years..... Why not aspire to colonize milky way?! Why stop bhakths from Orgasming!"
602,FinanceIndia,Nirmala Sitharaman reappointed as India's Finance Minister in Modi's third term,
603,FinanceIndia,Beware: Fake Canadian finance blog sites from India,
604,FinanceIndia,Give us aid otherwise we 20 Crore Pakistanis will become more religious and destroy our neighbours (India): Pakistan's finance minister to the US & West,". ""101 ways to beg"" lmao. r/ choosingbeggers. I am more worried if these losers will sell their nukes to buy some food.. Gadhe par baithke jinka nabhi udaa thaa unse kyaa apekshaa rakhte ho..??. Can someone tell him ""beggars can't be choosers"". First give me what I want, otherwise I won't listen to what you have to say...
5 year old boys
Pakistan as a nation. Ye koi tareeka hai bheeg mangne ka?"
605,FinanceIndia,India ka Finance minister suu,. My late maternal grandfather loved this movie. I miss him so much after seeing this ♥️. My family also loves this movie. What's the movie?. Haryana ka home minister
606,FinanceIndia,1952 My grandmother was the first female deputy finance minister of India. She was also a freedom fighter and helped India gain its freedom.,"Your grandmother is awesome!. That’s fascinating, and she was lovely!. What was her name?. Gram was beautiful!!!. Wow! That's quite a legacy! I know you're proud.
Also happy cake day!. Oh boy I’ve been cooped up with my mom too long because my first thought was so glad she’s not my grandmother I could never live up to that! She is awesome and that’s such a cool legacy don’t mind me 😊. Cake day! Woot woot!. So she is smart, driven, ambitious, brave, principled and she was certainly beautiful, looks like you're packing some good genes there, friend."
607,FinanceIndia,Dual Working Married Couples in India. How do you manage your finances?,"Married 8+ years.
Never hid our salaries/ income from each other. It was 100k (household income / month) when we got married, is 500k now. Never hid anything.
Have a joint account from day 01. UPI is linked to salary account, not to joint. Transfer our entire salaries to joint account minus 10-15k for UPI based expenses. Same cycle every month.
Have a shared Google sheet from day 01 where we record our expenses. Nothing very complex. New tab for each month, one column for date, head, sub head and amount. We enter whatever expenses we incur there so there's visibility. Been doing this since day 01 and still do it. Annually we do a high level analysis so we are generally aware how much we spend per month on what heads.
Big expenses like electronics, vacation, asset purchases are mutually decided. When, how, how much. Not like we stop each other but make the other one aware atleast. We decided our financial goals together, I manage the investments.. This one sounds perfect but requires some coordination from your better half. Well my husband and I split our finances in the following way:
Contribute to home expenses, home loan, all utilities included 50-50
Whatever is left of the salary is upto us to do what we want. We have to save a certain amount monthly (our salary varies by a lot as I am a fresher). I save 5000 and he saves 10000 in seperate savings account.
Apart from savings, he gives monthly allowance to his parents. I give monthly allowance to my grandparents. The rest of the money I use for my transport, other necessities like skincare and stuff i need, gifts for my husband. He does the same.. How to initiate this topic smoothly , so that we don't look like money minded or a miser .. Married 3 years(plus 3 more years of dating). My earning is about 3 times hers and hence I insist on NOT splitting bills 50-50, but it’s something she feels very strongly about. So, we split all our necessary bills 50-50 (including rent, emi, swiggy etc.) and many of our non-necessary expenses too (like travelling). I save my extra amount for the both of us and splurge in gifts and surprise travels sometimes.
Not to boast, but really lucky to have found such a partner ❤️. Woah. Everyone here is having 'ram-sita' wali jodi.. We have a joint account to which we add a fixed amount every month. All the bills, household items, salary for maids etc are paid from the same account.. Married for one year here.
She keeps certain amount as saving/emergency use in her account and the rest we add up as a single family earning. Based on the total income minus her savings, we run the family and save/invest for the future.. Married for 12 years.
Of this, I was SAHM for 3 years. During this 3-year period, I largely handled childcare and cooking, and managed the household. During this time, I didn't pay for any household expenses or travel. I did pay from my savings for my personal shopping, Salon, presents, coffee/ movie with friends.
For the remaining years when I have been working, we split the expenses in ratio of our salaries and deposit in a joint account. Expenses include travel, big purchases like home appliances and furniture, medical expenses. Clothes, jewellery, presents, salon, time with friends, personal devices, financial support to parents - all come under personal expenses, and have to be paid by self.
We both also contribute to our retirement fund, emergency fund, kids' college fund, we'll hopefully be able to afford buying our own house one day fund. No fixed % contribution on this."
608,FinanceIndia,"Hey r/IndiaInvestments, how do you track you finances(bank accounts, investments)?",
609,FinanceIndia,Who do you believe had the best policy during their term among the finance ministers of India till now?,
610,FinanceIndia,Will All Entry Level Finance Jobs Eventually Be Outsourced to India or Similar?,"After laying off a few accountants the company I work for outsourced to India. That lasted about a month and a half and created an entire mess and backlog of work because they were so bad.. Can confirm. During my B4 internship, we had massive problems with all work from India.. Probably not finance and accounting require you to know somewhere between a little and a lot and be able to communicate it well to very well. India can produce people that know everything but it’s hard to communicate with corporate American directors/execs if you’re not American. It’s why most corporate jobs other then IT haven’t been outsourced yet, and IT got outsourced because those guys already tended to suck at communication. . The amazing communicators in India aren't at a discount outsource provider. They are running their own shops or quickly move into management. Many also decide to move to Canada, UK, or Dubai, because they will make western wages.
It's like looking for investment bankers in Alabama, paying thrm 50k a year, then complaining they don't know Wall Street culture and suck. . These people are extremely well educated and I believe have the same level of
knowledge than an American at a top university.
Not correct, in the slightest. By local standards, they are no doubt very smart and very competent. But they do not understand how America operates, the perspective of an American stakeholder, and all of the cultural context a native citizen naturally acquires.
Nor are they likely to learn it, without emigrating to America.
Most offshore Indian workers are highly inefficient compared to US based resources. There are multiple barriers to this... lack of context, distance, communication, time zones, cultural differences. Most ""savings"" from offshoring vanish in low productivity & bad quality.
In fairness, were the situations reversed, most Indian clients would probably boot me from their organization within days. American values such as directness (""abrasiveness""), social equality (""whose YOUR daddy?""), abhorrence of corruption, willingness to break or bend rules in pursuit of the greater good, and a general tendency to ""stand my ground"" against my ""social superiors"" when the facts are on my side would be highly disruptive to a very traditional Indian company. Not to mention being highly comfortable with entrepreneurial risk taking, valuing experience over credentials, and strongly defending work-life balance. Some choice words would probably be uttered as I was ushered out the door..... My two cents, the offshore team in India was a hinderance. They could follow a script and were in constant CYA mode. No initiative, no further thought.. The last point! There is a ton of grey-area, at every single level. You overlook things, for the sale of a good client experience, or simply to hit your SLA targets. . Im at a BB and they f*cking suck at their jobs. “Good day!” Me one more time.. I'm from India lol. It's not going to happen in the scale that people want you to believe.
There are 6-7 decent cities with good education. Rest of them are really small cities/ towns.
The American companies found cheap labour but forgot that ethics are not the best with the cheapest employees (and rightfully so). The ones who match up to American standard of work demand salaries only 30-40% less than American ones.
As of now they're paying employees pennies and appeasing their shareholders. In my opinion - anything over mid level experience jobs in high finance won't be outsourced here. Because those employees will demand similar money compared to the Western counterparts.
This is the reason many Indians just prefer studying and living in the US if they have the resources ( Including me).. Pretty sure at a certain point the government won’t allow that. That will fuck up the economy, less consumer spending, more homelessness. A simple law could change a lot of that. My take please explain why I could be wrong I like learning."
611,FinanceIndia,"Hello r/IndiaTax, am Deepak Singh a Chartered Accountant (CA) from India with over 30 years of experience in the profession and have provided service across different industries like Media, IT, ITES, FMCG, and Education. Ask me anything related to Income Tax, Returns, Finance, and Direct Taxation.","Hello CA Deepak ! Is there a quick way to check which Tax regime is better for someone who just started with a new job ?. Old tax regime maybe more beneficial when one is availing various deductions u/s 80C, 80D, Housing Loans etc. However, one has to do a case by case analysis to see which is more beneficial, new tax regime or old. As a thumb rule maybe if salary is around 7 Lakhs per annum, old tax regime maybe beneficial upon claiming deductions.. I paid 0 tax last year with around 11LPA with the old regime.
This year it would be around 15K, till 14-15LPA old regime is better. What are some common tax mistakes businesses make in India?. Due importance has to be given to filing the various tax (direct and indirect) returns. There are times deductions / exemptions are claimed incorrectly. Miss out on voluntarily disallowing expenses, which may not be deductible as a business expense.. What are some hidden opportunities and lesser known tax deductions to take advantage of?. This would depend upon facts of each case. Some of the deductions not claimed by individuals are like National Pension Scheme investment up to Rs.50,000/-, Medical Deductions for dependent parents. In case of businesses, new employee cost deduction under section 80JJAA etc.. What are your opinions on emerging financial technologies like blockchain or cryptocurrencies?. I earn money from abroad. 14 lacs. Tell me about gst and income tax compliance to do for.. If your total income / turnover including exempt income / turnover from Services or otherwise is not above Rs.20 Lakhs, then GST is not applicable. Income Tax will depend upon your residential and total income as earned."
612,FinanceIndia,ANZ Jun'24. Restructure. All BAUs roles will be moved to India. Source = ANZ Finance insider.,"ANZ employee here. Director invited me to a very ominous sounding meeting
Edit: 10 roles moving to India targeting asssociate level. Dont worry I’m sure they’ll have pizza. Half the org operates out of India there’s not a lot lot left to restructure. Is restructure a code word for outsource?. In line with their flexible working policy. So flexible they'll just get someone in India to do it. It’s gonna be another Nwow experience!. The needful will be done!. Surely branch staff are part of a bank’s BAU? So are those roles going to India too?
I know they’re closing loads of branches. But surely they’re not going to close them all?. Can’t wait for the dystopian future where you walk into an ANZ branch and the teller is just someone offshore on a video call with you.
Need a loan? A robot leads you into a room to speak with a loans team member also on VC from an overseas location.
You ask to speak to the manager and they are dialled in from yet another offshore location. Ahh the future is bleak.. The cycle of offshoring and then a marketing blitz when they onshore again, continues."
613,FinanceIndia,"Analysis | India, China providing more climate finance to other developing countries than rich nations","Multinational. Analysis | India, China providing more climate finance to other developing countries than rich nations
Image for representation purpose only.
Image for representation purpose only. | Photo Credit: Getty Images
Some developing countries, including India, China and Brazil, contribute more climate-related finance through multilateral development banks than many countries in the Global North, according to an analysis by a U.K.-based website reporting on climate science and policy.
Some developing countries, including India, China and Brazil, contribute more climate-related finance through multilateral development banks than many countries in the Global North, according to an analysis by a U.K.-based website reporting on climate science and policy.
The analysis comes amid a push from developed countries to broaden the donor base for climate finance to include developing countries like China and Saudi Arabia.
For instance, in a submission to the United Nations Framework Convention on Climate Change (UNFCCC) on its expectations from the global stocktake in September, New Zealand said: ""Different countries have different capabilities to contribute, which have changed over time. Current and historical emissions, national wealth, and a range of other factors have changed, and are continuing to change. Bifurcation based on thirty-year-old lists does not reflect the contemporary reality of where emissions are coming from, or respective capabilities to contribute.""
Citing a working paper from the global think tank Overseas Development Institute (ODI), the analysis by ""Carbon Brief"" highlights that many developing countries voluntarily provide finance to others for climate action, yet their contributions largely remain unrecognised as they do not report this provision.
China, India, Brazil, and Russia are among the top 20 global climate finance providers, the analysis suggested.
While China has contributed $1,236 million, India has provided $765 million in solidarity with other developing countries for climate finance. Most of this finance support is provided via multilateral development banks, it said.
Under the UNFCCC, the responsibility to provide climate finance lies with Annex II countries — high-income nations that were Organisation for Economic Cooperation and Development (OECD) members when the U.N. convention was signed in 1992.
Developed nations like the E.U., the U.S., Canada, Australia, and New Zealand are obligated to provide a minimum of $100 billion in annual climate finance to developing countries by 2020, extending to 2025. However, they have failed to fulfil this commitment.
Developing countries do not have a similar responsibility but are 'encouraged' to contribute voluntary climate finance under the Paris Agreement.
As countries negotiate a new climate finance target post-2022 to replace the $100 billion goal, developed nations are making efforts to expand the list of contributors.
These go against the principles of equity and common but differentiated responsibilities and respective capabilities which acknowledge that countries' efforts to combat climate change should be considered in light of their contributions to total emissions and that wealthier nations should bear primary responsibilities due to their substantial historical emissions.
Maintainer | Creator | Source Code
Summoning u/CoverageAnalysisBot. ""Developed nations like the E.U., the U.S., Canada, Australia, and New Zealand are obligated to provide a minimum of $100 billion in annual climate finance to developing countries by 2020, extending to 2025. However, they have failed to fulfil this commitment.""
Note that it only state ""fails"" rather than give the actual contribution. As countries or as group of countries (e.g. EU). While it gives the contribution of India/China.
""In 2022, the European Union and its 27 member states contributed €28.5 billion in climate finance from public sources and mobilised an additional amount of €11.9 billion of private finance to support developing countries to reduce their greenhouse gas emissions and adapt to the impacts of climate change. Over 54% of the public funding was dedicated to either climate adaptation or cross-cutting action (involving both climate change mitigation and adaptation initiatives) in developing countries. Close to half of the total funding was committed in the form of grants.""
https://www.consilium.europa.eu/en/policies/climate-finance/
So short of the $100 billion goal, but the article give I think intentionally the impression they do zero rather than give a real number.
Maybe grouping by EU is bad you say as it misrepresent contribution, then you can go by country : here is a MUCH better article :
https://www.carbonbrief.org/guest-post-why-some-developing-countries-are-already-among-largest-climate-finance-contributors/
here are the contributions.
https://www.carbonbrief.org/wp-content/uploads/2023/12/Screenshot_2023-12-11_at_10.53.58-1536x1184.png
ETA: a contribution by GDP by capita would be much better, 'cause comparing 1.2 billion of china with 1.4 billion population and a GDP of 17 trillion with Canada, same amount 1.2 billion contribution, 2 trillion GDP and 40 millions population make it clear absolute values are stupid.
I am not sure I would count Saudi Arabia as a developing country but maybe I am wrong.. Falling short of the agreed to 100 billion dollar mark (by 2020) & STILL not hitting that goal by 2023 is a sign that developed nations aren't taking their responsibilities seriously. Developing nations will see that, and they'll resent it. It doesn't matter how much the US or EU has given, if they failed to hit the goal then they have failed their responsibilities.
How on earth can you expect developing nations to kneecap their own growth when developed nations can't even be bothered to fulfill their own promises? It's such an embarrassing situation, and it only feeds the whole ""Western nations bad"" narrative that's been gaining popularity in recent years.. By Capita is also incorrect imho, since more wealthy nations have a higher GDP per capita.
I would suggest to use what NATO tracks for military spending, % of GDP, and maybe (but dont know how to implement it personally) mix it with emission per nations. Wait i thought India and China were the bad guys /s.. Especially if you consider historical greenhouse emissions per capita, comparing India/China with the western nations.. No shit what? Did you check the numbers?
EU gave over 15 billions to developing countries.
Canada alone gave 5 billions.
While China and India combined are at 2 billions. So who exactly is doing more?. Crickets..... As is to be expected as the rich nations of the west are in the position of power and prosperity that they are due to heavy exploitation of people and the world. Giving anything back would cut on their ""profits"" and give a chance for other countries to become independent of them, thus not allowing the west ""the oportunity"" to keep exploiting everyone for their personal pleasures.
Hopefully we get more and more cooperation among the global south towards a better world..."
614,FinanceIndia,High paying job in finance(INDIA),"If you want high paying finance job in India then without iim/fms/xlri it's not possible. Try giving cat exam. Is there something else I can do before giving cat, i have heard that there are extra points for work ex and we need high percetile for top iims. I can think of a gazillion jobs that can be high paying in finance. You need to be more specific on what you want to do. Also, CFA and ACCA both is extremely stupid and I cannot think of any conceivable career path that would require you to have both.. What are those jobs ?! Can you enlighten us :). Is there more specific forums based in India?
Reddit users may not have the specific geographic you’re looking to gain advice from.. Move to the US lil bro if you want a high paying job. What shd one pursue before moving to US?. investment banking"
615,FinanceIndia,How do I manage my finances? (India Centric),
616,FinanceIndia,APTUS VALUE HOUSING FINANCE INDIA LTD. posted Good results.,
617,IndianFinance,"Cryptocurrencies are ‘Ponzi schemes,’ Indian finance ministry warns investors",". He isn't wrong. Some coins are 100% ponzi schemes. Bitconnect and onecoin are two that stand out.. The price of Bitcoin is fluctuating so quickly, I find it hard to accept that there will be any real life applications of the currency. It's actually scary that a subreddit that once had to sticky a national suicide hotline post after a crash, is now so bullish about Bitcoin with their ""HODL"" memes, it's literally a cult in r/bitcoin. The amount of salt in this thread is higher than Bitcoin price. Meanwhile, Japan issues a list of 11 cryptos that can be used for that most sacred of financial transactions: bank settlements.. I don't think that's the main issue with cryptocurrencies. The main issue is that anyone can make up their own. Having a handful of agencies that says what is and isn't actual money is the difference between cutely drawn paper and actual currency.. Everyone should buy bitcoins and the value will go up further and we'll both be rich!. One thing Michael Rupert got right in “Collapse” was that the entire global financial system is a Ponzi scheme.. All ponzi schemes are fraud. Not all crypto currencies are fraudulent.. just go to 4chan /biz/ literally just ponzi scheme sharing information. "
618,IndianFinance,"Indian railways services, including platform tickets and waiting Rooms, exempted from
GST: Finance Minister",". Stop GST in healthcare- hospitalization/icu care , medicines and health insurance, which is more important for common folks. This I agree. Agree with healthcare, but rather than remove gst they need to bring in reforms in insurance and medicines, otherwise we'll end up like the USA. And our healthcare will be controlled by insurance companies rather than doctors' recommendations.. Defeat bjp more and they will pass people friendly laws .
do 400 paar and they will fk you from all sides. Madam ganja legalize kar do... Aapka bhi fayda hai usme. Ganja legal karo. Aur sab taxes uspe dalo. Aur hamare taxes kam karo. Start industry for this in UP, bihar and other northern states that are falling behind.. exempted from gst but next budget will say hike of 18% is implemented. We still don't trust you. I assume Adani is about to offer some Railway platform services"
619,IndianFinance,Indian Parents and Finances,. . Most of the generation born in the 50's/60's have seen rough days growing up and saved up rather than spending. That has trickled down to most of their children.. I wanted a ps2 then ps3 and now I'm a grown ass man can buy a ps5 but won't buy it.. Summed up nicely.. . . . 
620,IndianFinance,"Indian Finance Minister calls those earning 6-18 LPA ""lowest strata of the middle class""","The salary of MPs (other than allowances) is Rs 70,000 in India.
So, Nirmala herself is a part of the lowest strata of the society?
https://m.economictimes.com/news/politics-and-nation/after-30-pc-salary-cut-mps-to-lose-another-rs-27000-per-month-in-allowances/articleshow/75035267.cms
Either she is prone to gaffes or she doesn't have a clue about the reality of India. An income between 6-18 LPA can allow you to live very comfortably with high standards. Infact, most Indians would give up anything to have that income.. theek hai. Of course it is.Comparing to the mansion and lavish lifestyle union ministers live in,the 6-18lpa cant even buy an house in india unless paying emi's for life.So in there eyes we are poor./s. So 1.6lpa is middle middle class now. Dear FM, please share the breakup of economic classes of Indian families especially middle class. Eg Upper middle class, lower middle class, middle middle class. I'd be golden if I had 12 LPA salary.. More evidence her lot just hangs around the Adanis and Ambanis. How to apply for bpl card?. And they expect the lower strata to pay taxes? Wow, please let us survive on the meagre salary that we get. You can go ahead and tax the higher of the higher stratas now."
621,IndianFinance,Indian finance minister urges global consensus on crypto regulation #India #News #Indian #Finance #crypto,
622,IndianFinance,Help to do Indian finance stuff,". 10 F re 😭. 10 f making grands
ask certificate from parents if they don't know tell them to go to bank. Yo 10F doesn't mean I'm ten years old female 💀💀💀💀💀 form ko naam nai ""Form 10F"" ho. certificate of tax residency chai sayaad Inland Revenue Department le issue garxa jasto lagxa malai, not sure hai! ek choti pulchowk ko tax office visit garera sodeko ramro"
623,IndianFinance,Chance an Indian Finance Kid,You’ll get into one of those schools
624,IndianFinance,Indian Finance Minister asserts cryptocurrency cannot be recognised as currency #India #News #Indian #Finance #crypto,
625,IndianFinance,Indian Finance & Economy: What Newsletters Should I Subscribe To?,". Mint, et markets, groww digest...can choose between them and also some newspapers like economic times if they have newsletter as well. I have gone through all of that which you talked about but the thing is which I am looking is, newsletter like Finshots and morningbrew alternative.
which can give me in-depth explanation about the event or the policies. economictimes.indiatimes.com/Markets. thanks will make sure to check it out. Shankar nath. thanks. None. I don't think that it is possible that a nice newsletter don't exist.
It's a tough space to crack, Maybe there's room for a newsletter with a slightly different vibe... If no one else is doing it, maybe I'll or someone else can give it a shot. Building a competitor (Finshots and morningbrew) to those giants would be a hilarious challenge, and a real thrill!. miss the oldschool newsletters"
626,IndianFinance,What is the best source of gaining knowledge about finance about Indian finance?,"Rich dad poor dad is possibly one of the worst ways to learn personal finance. The author is a complete fraud - all the money he made is from his book and courses, not real estate as he wants you to believe and even went bankrupt - and the overall advice is incredibly out of touch with reality, condescending and sometimes even illegal (dude makes a case for not paying taxes).
If you like watching stuff, LLA, Ben Felix, Plain Bagel and Money Guys are good. The last three are American and Canadian but much of the general advice is universal.
If you like to read - Psychology of Money, Common Sense on Mutual Funds, Millionaire next Door, Simple path to wealth - are some of the better books I’ve read.
I’d start with YouTube channels because that’s a free resource. Avoid at all costs paying for a course on personal finance. There is NOTHING anyone can teach you about basics of finance that isn’t available for free on YouTube.. Sure good sir ! Thanks for the advise. Whatever you want to know, ask questions and find answers on Google. Varsity, investopedia, ticket ape are some good sources. You could also look at finance for non finance professionalls and financial markets on course coursera. Really good courses to understand the markets and internal accounting and finance lingo. Following.. Let’s talk Money by Monika Halan. Hands down the best book. By far, the best source of information about finance is the 1 Finance Community. You can post your query there and an expert will answer."
627,IndianFinance,Modi reappoints Nirmala Sitharaman as India's Finance Minister #India #News #Indian #Finance #crypto,
628,IndianFinance,"Hi Indian Finance Professionals,

Which finance role offers the best salary with decent work life balance?",
629,IndianFinance,Indian finance minister ignores crypto industry’s budget tax plea,
630,IndianFinance,"The Truth about Indian Finance Influencers like Ankur Warikoo, Akshat Srivastava, Tanmay Bhat, Shashank Uduppa et all","Step 1 : Read popular finance and motivational books
Step 2 : make notes of it
Step 3 : make videos exactly saying those things what the book talks about
Step 4 : ??????
Step 5 : Profits , youtube money go brrrr. Bhai ek book batav for an absolute beginner, muje budget bhi banana nehi ata type beginner
Thanks bhai log. These guys are OnlyFans version of finance "" influencers "".. Except here there is no happy ending.. You know it's a bubble when comedians like Tanmay Bhat start making finance videos. Still underperforms the index.. Focus on your money. Make your own notes. Study the principles foundation upwards. Manage your risks. Everything else is BS marketing and you are wasting your time and they are building a brand. Even knowing the names of these influencers means you are wasting time.. > The unfortunate reality is that Indians favor form over substance, in many ways we still suffer from our British Raj mentality where we automatically start acquiescing to the titled class. Add to that the increasing trend kids needing instant gratification, they form the perfect target audience.
you have put this well and i will add few points.
i am 40+ with a sizeable portfolio and i follow lot of different channels incl reddit, vlogs, insta and good old blogs.
one trend i see in 20 to 30 age group is that they do not google and search for things, research and learn. they simply lap up what is thrown to them via algos of insta etc. these short forms of knowledge is highly inadequate and misleading.
and their are worst ppl than tanmay and warikoo, who simply utter crap and paste one liners and dance around it. and ppl in the comment section ask questions as if these things are insightful.
the result of this is , these ppl will learn the hard way but by the time they learn they would have lost significant capital and confidence. if they stick to the MFsahihai campaign they would make money the old way. Let's not forget how most of these influencers have the same content sugarcoated with different titles. I've seen several IPO reviewers giving the same opinion based on the same metrics used by other YT influencers. Also, making 15-20 min videos with the same information and 2 sponsor promotions is a waste of my time.. True man. Much needed post. Akshat is shitting all over Linkedin. Earlier I followed him as many of my friends are following him. But then I realized, he is just another average influencer picking up good stories from random books and showing off how ""humble"" he is. I blocked such creators, now my Linkedin has a bit lettle shiz."
631,IndianFinance,Indian finance minister backs more Chinese investment (FDI) despite tense relations,
632,IndianFinance,Career advice (Indian Finance),
633,IndianFinance,"Hi Indian Finance Professionals,

Which finance role offers the best salary with decent work life balance?",
634,IndianFinance,"Hi Indian Finance Professionals,

Which finance role offers the best salary with decent work life balance?",
635,IndianFinance,Reserve Bank of India is planning to ban cryptocurrencies :Indian Finance Minister Nirmala Sitharaman.,"This is fucking great for bitcoin.. The more places Bitcoin is banned the better!!. Few understand. No TikTok? No Crypto? Fuck it, I'm moving to India.. why do you think there‘s over a billion people living there? the place must rock!!. If there is a country in the world who can't afford potential social chaos due to massive scams like crypto, it is India. “India needs more chaotic instability” - nobody on earth except the devil. YODL!!. I guess this means the end of the New World Order. Bitcoin was supposed to be the one world currency where each living creature has a nano-sized crypto wallet implanted in its forehead.. If I am not mistaken, there's already a 30% tax on crypto in India, It's nigh impossible for crypto firms to operate in India. Banning it would be overkill.."
636,IndianFinance,If you were the finance minister what would you improve in indian taxation system? ,
637,IndianFinance,Where to get cheap commercial use real time indian finance market api,
638,IndianFinance,11 Crypto Exchanges Fined for Tax Evasion in FY22: Indian Finance Minister Pankaj Chaudhary,
639,IndianFinance,"""Tamil Nadu people are not interested to learn Hindi and that is the reason why North Indians are not interested to learn Tamil"" - Finance minister Nirmala Sitaraman, BJP",". Telugu people are interested in learning Hindi. will north Indians learn Telugu then?. Most Malayalees are well versed in Hindi too.
All they've gotten back in return so far is ""Keral"" and Kerala Story unfortunately.. This is where KA and AP/TS differed regarding language policy. They accommodated hindi. As a result, non speakers from the north who came for jobs in Bengaluru and Hyderabad didn't put any effort to learn the languages. As a result when a native person doesn't know Hindi converse with them, they start 'hindi is the nasunal language Saar' bs. I lived in Bengaluru for less than a year but I picked up a decent kanada during my stay. That's how you respect a language. If I go to Delhi, I would pick up Hindi too. But I wouldn't say you guys speak Tamil as I don't know your language.. Ippa neenga tamil kathukalanu yaar azhutha?. It's a little more complex than that.
People will learn if it's relevant for them.
A Tamilian in Delhi will learn Hindi. While a Hindi-native person will/should learn Tamil in Chennai.. How is she this confidently stupid?🤡🤡
History will judge her as one of the dumbest clowns of the sanghi circus.. If it was only that simple. They're being entirely oblivious to the actual issue. Tamilians do not have bed-time fantasy to abolish Hindi and their culture.
""When in Rome, do as the Romans do""
If a Tamilian travels to a Hindi-speaking state, they have an obligation to at least be capable of making necessary communication in the local language. And vice versa. Numbskull Sitharaman at it again."
640,IndianFinance,Chance a burnt out Indian girl wanting to be a finance bro,"ACT/ SAT holding you back but you have a strong profile and IMO very good chance at T20s ( T10s are a crapshoot, especially for econ/finance so won’t comment on those ). Skip IB if you don’t wanna burn out. ancient encourage fanatical friendly impolite close nose soft foolish kiss
This post was mass deleted and anonymized with Redact. Retake ACT and maybe take the SAT if you mingle with it and actually like it. Otherwise you seem like a top candidate.. def have a chance!. Make that city council stuff a selling point because it shows you take initiative. I had a similar experience and people eat that up in interviews even now when I’m in college. Consider diversifying your schools A TON. Plenty of schools on this list that aren’t as competitive or well-known and are still very strong for IB recruiting.
https://www.peakframeworks.com/post/ib-target-schools. Are u 6’5 with blue eyes?. Lol"
641,IndianFinance,Indian Finance Minister Highlights Economic Recovery in Address to Business Community,
642,EmergingMarketsIndia,RBI governor warns of cryptocurrency risks in emerging markets #India #News #cryptocurrency #Markets #Grafa,
643,EmergingMarketsIndia,"Remittances transform lives in emerging markets like Argentina, India, and Ethiopia",
644,EmergingMarketsIndia,"Morgan Stanley upgrades India to ""overweight"", terms it top pick among emerging markets",". Fatty fat fat!. India is an interesting place. Remote work seems to benefit India in the diffusion to them of low skill office work. We may be looking at the seeding of the white collar variant of Chinese off shoring. Ironically, more Americans will be finding themselves working in factories over the next decade.. No ☺️. Big brain time.. . Capitalism doesn’t have karma. Looks like it didn't, or they didn't support them enough for secondary sanctions. Get off your high horse. You care so much then start paying reparations.. Biden has noted your esteemed opinion on reddit and considering disregarding all the opionion given to him by the real experts.
All hail the random arm chair experts here!. "
645,EmergingMarketsIndia,SWFT Blockchain: India & China best emerging markets | Economy is Global...,
646,EmergingMarketsIndia,"Hiring Director - GWE Commercial Emerging Markets Lead | India Mumbai, India APAC [R]",
647,EmergingMarketsIndia,"Hiring Director - GWE Commercial Emerging Markets Lead | India Mumbai, India APAC [R]",
648,EmergingMarketsIndia,"Hiring Director - GWE Commercial Emerging Markets Lead | India Mumbai, India APAC [R]",
649,EmergingMarketsIndia,"MS on Emerging Markets Strategy: Maintain OverWeight on Japan, India & Singapore!",
650,EmergingMarketsIndia,"[Business] - India, Indonesia stand out for emerging markets investors in aging world | Times of India",
651,EmergingMarketsIndia,JPMorgan Is Adding India to Its Emerging-Markets Bond Index - Bloomberg,"What's the impact due to this inclusion? Better bond rates in the Indian market?. Yields will probably drop. So it will be good for the government. Not so much for individuals.. will improve liquidity of Indian govt bonds and increase market depth.
This could eventually pave a path towards future credit upgrades.
more FII inflows. May also increase the govts leverage while improving India’s borrowing ability.
Indian interest rates will be more globally linked (react to global macros) as we get included in more indexes.. As I understood from an article on MoneyControl : Good for India as increase flows, interest and visibility of the markets globally. Cons are that our markets become more FDI dependant, more volatility from external factors. maybe you can check-out this video by Akshat Shrivastava. What was their updates on our rating for lending rates.
currently is market is moving down but overall this will mean that interest rates will decrease?. probably you can check this video by Akshat Shrivastava regarding impact of JP Morgan's inclusion of India into Bond Index. How would it change the instrument allocation in a hybrid portfolio?
Since bonds are expected to have lower yields, would we see bette debt vehicles being added to achieve the desired growth rate?"
652,EmergingMarketsIndia,"[Business] - India, Indonesia stand out for emerging markets investors in aging world",
653,EmergingMarketsIndia,"India Set for Major Inflows as Bonds Join JPMorgan Index
India is expected to see billions in foreign investments as its sovereign bonds are added to JPMorgan's emerging markets index, though analysts warn of potential market volatility.

#EmergingMarkets #finticks",
654,EmergingMarketsIndia,"📢 Reddit is hiring a Staff Product Manager, Emerging Markets (India, Mexico, Brazil)!",. 
655,EmergingMarketsIndia,[Business] - US dollar shock: How India is better prepared among emerging markets | Times of India,
656,EmergingMarketsIndia,"📢 Reddit is hiring a Principal Product Manager, Emerging Markets (India, Mexico, Brazil)!",. 
657,EmergingMarketsIndia,"📢 Reddit is hiring a Principal Product Manager, Emerging Markets (India, Mexico, Brazil)!",. 
658,EmergingMarketsIndia,"[HIRING] Reddit is hiring a Principal Product Manager, Emerging Markets (India, Mexico, Brazil)",
659,EmergingMarketsIndia,[Business] - US dollar shock: How India is better prepared among emerging markets,
660,EmergingMarketsIndia,india tops emerging markets,
661,EmergingMarketsIndia,"Among the world’s 25 biggest emerging markets, India ranks last for the number of hospital beds per 1,000 citizens; fifth from last for doctors; fourth from last for nurses and midwives","These medical facilities are concentrated in Tier I & II cities. The problem becomes progressively worse in tier III cities, towns & villages.. A. Medical council keeps the supply of medical seats limited. It will never allow the kind of seat-boom that happened in engineering.
B. Docs work for their highest bidders. Means many Indian docs endup working in tier1 cities or foreign countries.
C. Most docs are reluctant to work in low tier cities as the lifestyle + earning potential there is not so good. Health care is one of the major reason i will not prefer to live in small town.
D. Private sector will not allow publicly funded hospitals to succeed. They also resort to stealing of resources meant for public hospitals.
E. Healthcare cost is major reason of financial bankruptcy. Most Indians don't have health insurance and they depend on saving/debt for emergency financing.
F. Most govts especially in hindi heartland can't run a simple university let alone a medical university. The number of new medical colleges opened in these areas are also low in comparison. Govt doesn't know if in future the students will work for the region of their interest.
G. Going beyond simplistic analysis of number of beds/docs we can see that there are critical bottlenecks if one were to consider the entire supply-chain of health care industry. APIs are all made in china, no domestic healthcare/ICU equipment industry, limited supply of critical supporting staffs like anesthesiologist, or research lab, lack of seamless connectivity between city and hinterland etc.. Hopefully now govt. wakes up and spends more in the coming years. Also IMA and other medical associations need to guide the govt.. obsession with cow needs to go. Considering our huge population and small size, if we rise up next to the top 3 in number of hospital beds per capita. We will probably have to see hospitals on every street which will go empty throughout the year unless there's a pandemic like situation. Also, people in US can't even afford to go to those mentioned hospitals due to the costs which is also an important factor.. Lol yeah.. there are people in US dying because they cannot afford insulin.. will generally not happen in India. Not really surprised to see this tbh , our health infrastructure is pretty piss poor even for private hospitals if you leave the top hospitals there's a lot of room for improvement.. The Population is too goddamn high, even china is right next to us, still, we can do a whole lot better and we need some real innovation to solve this problem. Just increasing beds will never solve the problem.. India definitely has shortages and it's health infrastructure needs a major overhaul to say the least. But I think we should also take additional context into account. For example, US has a far higher level of obesity resulting in much more need for medical attention. They have the 5th highest cancer rates whereas India isn't even in the top 50 [1]. They also have a far higher level of violence reflected by 20 times the incarceration rate of India[2]. The gun laws don't help.
Additionally India has some things going for it in terms of food habits and climate which help with the need for medical attention.
Couldn't find a good source for obesity but the other two are
[1] https://www.wcrf.org/dietandcancer/global-cancer-data-by-country/
[2] https://en.wikipedia.org/wiki/List_of_countries_by_incarceration_rate"
662,EmergingMarketsIndia,"Money is not Moving Out of India to China, its Moving out of Emerging Markets Altogether: ",
663,EmergingMarketsIndia,JP Morgan Adds India To Its Emerging-Markets Bond Index,
664,EmergingMarketsIndia,JPMorgan Is Adding India to Its Emerging-Markets Bond Index,
665,EmergingMarketsIndia,Taiwan and India gain ground on China in emerging market equity portfolios,"🔗 Bypass paywalls:
archive.today - www.firstpost.com | Google Webcache - www.firstpost.com
📣 Submission Statement by OP:
SS: The competition to surpass China’s dominance in emerging market equity portfolios is heating up with Taiwan and India emerging as strong contenders.
Following unprecedented stock market rallies, Taiwan and India now account for over 19 per cent each of the MSCI EM Index, narrowing the gap with China’s 22.8% share, which has been declining over the past few years, according to data compiled by Bloomberg.
The surge of Taiwan and India enables investors to diversify their portfolios by investing in artificial intelligence chipmakers and India’s infrastructure development, driven by Prime Minister Modi’s modernisation initiatives.
📜 Community Reminder: Let’s keep our discussions civil, respectful, and on-topic. Abide by the subreddit rules. Rule-violating comments will be removed.
📰 Media Bias fact Check Rating : First Post – Bias and Credibility
Metric Rating
Bias Rating right-center
Factual Rating mostly
Credibility Rating high credibility
This rating was provided by Media Bias Fact Check. For more information, see First Post – Bias and Credibility's review here.
❓ Questions or concerns? Contact our moderators.. SS: The competition to surpass China’s dominance in emerging market equity portfolios is heating up with Taiwan and India emerging as strong contenders. Following unprecedented stock market rallies, Taiwan and India now account for over 19 per cent each of the MSCI EM Index, narrowing the gap with China’s 22.8% share, which has been declining over the past few years, according to data compiled by Bloomberg. The surge of Taiwan and India enables investors to diversify their portfolios by investing in artificial intelligence chipmakers and India’s infrastructure development, driven by Prime Minister Modi’s modernisation initiatives."
666,EmergingMarketsIndia,India has emerged as Asia's leading market for share sales,
667,IndiaGrowth,"FY 2023-24 growth at a sizzling 8.2% , India's Q4 growth at 7.8%",". Stonks on Monday 📈 📈. Why is it then fmcg,qsr space, insurance sector , paints, consumer durable stocks ,hoisery are all saying weak demand only capital goods and autos and Pharma have scaled up rest all are highlighting diminishing demand look at berger paints it's at pre covid level,even Asian paints ceo had come close to saying GDP nos are not looking true on ground but backtracked you know why. QSR has weak demand because of:
Fancy cafes/restaurants have opened up in every corner of metro cities - Mc spicy chicken is Rs 230~ and a bigger, better, and tastier Jimi’s classic chicken burger is Rs 200-220~
People no longer see QSR as a “going out” place, they rather get carry out / home delivery or avoid it completely.
Lifestyle changes towards healthy diet
Increased spending power and discretionary spending by the younger generation.
No one wants to go out to eat at a Mcd or a dominoes. I love some menu items but would go here very rarely just for a change. When one can eat a better pizza at a cafe with good ambience and spend a good time at almost the same cost, why not.
I have spoken with top management of almost all QSR companies and all they will say is food inflation is one of the main reasons, and once prices are down demand may recover, but I believe demand can only be driven by expansion into suburbs / rural areas, but with these prices that’s not gonna happen. They have already started cutting on store size, moving stores from front road to somewhere inside the city, etc.
FMCG giants have started getting a lot of competition from small start ups. So many brands have come up offering healthier options. Why eat a parle g where 1 biscuit = 4 tsp sugar or a Goodday biscuit that barely has any cashews?
That’s my take on these sectors. No comments on GDP and other sectors.. Gdp numbers are obviously dressed up. this is what happens when you invest more in capital expenditure and not in khata-khat khata-khat schemes... capital expenditure would always give you returns in long term...the man seating here is former rbi governer besides a man who doesnt even know E about Economics and promises reservation in private sector..... Saying like current finance minister know well about economics.... Why is it not converting to people's incomes?. Idk why this GDP isn't showing in companies result.. The main drivers of gdp are SME industries and most of them are not listed.
https://www.smechamberofindia.com/about-msme-in-india.php#:~:text=SME%20Sector%20In%20India&text=It%20also%20accounts%20for%2045,to%20the%20GDP%20is%2037.54.
It also accounts for 45 % of total industrial production, 40% of total exports and contributes very significantly to the GDP. Manufacturing segment within the MSME contributes to 7.09% of GDP. MSMEs also contribute to 30.50% of services. The total contribution of MSMEs to the GDP is 37.54."
668,IndiaGrowth,Why southern India is seemingly more developed than its northern counterpart?,"Well I have spent years going through economic data and Political ideas so here is my view.
EDUCATION, Education is valued more than money in South Indian culture, Why ? South is not really as fertile as North India. If you can't do agriculture then what can you do ? Business or Job, Business needs capital. Job ? You need education. This idea of if you study you can escape poverty has been deeply engrained into the culture.
With education comes other benefits such as knowing about your rights, legal protection, fight for equality, contraception(Lowers birth rate). You learn about different world ideas.
When you have a huge educated population industries tend to migrate there (Also advantage of having ports to export their products).
South Indians women especially highly educated ones tend to work even after marriage, producing higher family income and better standard of living.. Education is the right answer.
However, there is another aspect which helped in this. The social re-engineering happened quite fast & very effectively in south.
The lower castes in South India were ""emancipated"" or rather they became aware of their rights decades ahead of in the north.
In North, the lower castes are more or less convinced that their life is not going to improve.
Second aspect is that the leadership in south has been good, focused on improving the lot of the citizens of the states.. One other thought, folks in South India typically learn English (It is slightly less common in North, where Hindi would get you around easily).
Both focus on Education and English helped tremendously once globalization started in 90s.. The Southern states got lucky - they don't have natural resources. Everyone thinks that having natural resources means you'll get wealthy but it's the exact opposite. It is the surest way for a poor region to stay poor.
Here's how it works in a place like Jhakhand. The rights for the minerals are sold to the lowest bidder with the highest bribes. The politicians in power depend entirely on these bribes. Once they're in power, they only need to keep the businessmen happy. They don't need to invest in schooling, healthcare or anything else that improves the lives of their people because the money from the minerals continues to flow into their pockets. In fact, investing in schooling in such a state is bad idea for the politicians because once folks is educated they will realise the scam that the politicians are perpetrating and disrupt the flow of money. Since no one is educated and the state is run by the mineral mafia, no businesses will invest because they have no one to employ and don't want to be extorted by the mafia.
Whereas in a state like TN that is blessed with a lack of natural resources, the politicians need to up their game to stay in power. This means freebies, but also measurable improvements in literally every sphere of life - secondary education, higher education, healthcare. Police has to be less corrupt because otherwise businesses won't invest. TN was bending over backwards to attract manufacturing and IT before it was cool in Gujarat. This is a virtuous cycle that leads to more benefits - because everyone was already educated, most women were already having fewer children decades ago.. Fewer children meant more resources poured into those children, making them more likely to succeed. Educated productive citizens working in IT and manufacturing generate more income for the state government than unskilled labourers. In TN, that income is used to develop the state. In Bihar, it's used on fodder scams.
But it's so simple then! We can fix Bihar and Jharkhand! We just need to elect a politician who won't take bribes, will use the money generated from the natural resources to educate the population, on healthcare, on roads, on electricity etc. Yeah ... that's not happening. Because a person who starts this shit in Bihar will have their legs broken by the people who like the status quo and want it to continue. The goondas who break your legs have their salaries paid for by the bribes you hate so much. Gtfo if you like having two functional legs.
Don't listen to hogwash that ""south indian culture"" is somehow superior. I'm south Indian and I've lived in all parts of India. It's not true, and it's just racist BS. To blame people in Bihar and Jharkhand for not being educated because of ""culture"" is basically victim blaming.
If you'd like to learn more about why natural resources are a curse, please read The Dicatator's Handbook or watch this 20 minute trailer - Rules for Rulers. If nothing else, it'll cure you of the thinking that you could do a better job if you were in power.. Your comment was pretty informative. Thanks.
Your username though XD. Freight equalisation policy
The freight equalisation concept made ""essential"" items available at same prices throughout the country. These items included coal, steel and cement among many others. The idea was to achieve promote balanced regional development of industries throughout the country.
The sufferers of this policy were the states of West Bengal, Bihar (including present-day Jharkhand), Madhya Pradesh (including present-day Chhattisgarh) and Odisha. These states lost their competitive advantage of holding the minerals, as the factories could now be set up anywhere in India.
Now, the rate of materials was the same everywhere, it made sense for industries to set up in the south because of access to ports for imports and exports. So industries moved to South leading to better development.. Where does the most developed state in the country fall in this north-south divide. Because is it in the western part, southern part where exactly would you put Maharashtra. Think its mostly down to the economies of the states, agriculture would tend to be greater in the northern states, the southern states have other contributing factors to their economies that has created the difference.. This is a very complex issue and most of the comments here do partly address the reason. But we could go back further in time and explore a much ignored facet of Indian history, which is also believed to have led to this gap.
The gap between Northern and Southern societies in India finds its origins in the difference between the way the British ruled over these places. N India was mostly under the Zamindari system, where peasants were effectively ruled by a Zamindar, who was in turn ruled by the Brits. S (and W) India, on the other hand, was under the Ryotwari system where peasants directly dealt with the Brits for land assessment.
Being separated from the actual powers that be meant that Northern Indian population was at a much higher power distance, therefore mostly content with dealing with their own petty squabbles instead of dealing or interacting with authority which was out of reach for most of them.
Southern and Western India could deal with the ruling powers directly, and this gave the society a much larger incentive to educate themselves to be able to contend with Brits, as well as stay in closer contact with them thereby getting influenced by modern thought and culture much more than North India.
One must keep in mind that the South was also agri-dominant at one point of time. The effect of their unique land-revenue system could be said to be the first crack that has now turned into a chasm, amplified by many of the reasons mentioned here like freight equalization, resource curse, etc.. In Karnataka there are plenty of regions in need of development(and funds). I wish people leave Karnataka out of such generalizations and map based charts. It gives people a false sense of the state's standing. Keep the definition of south in threads like these to TN and Kerala, or provide finer detail to show the backward regions in need of help in other southern states.. This is so true. I grew up in TN and moved to Blore for my job. I've traveled to KA fairly well and I noticed a drastic inequality in development and infra compared to blore and the majority of the state. Where as the difference between Chennai and other places in TN are less in terms of economic and social development. Same goes for kerala. People who put Karnataka on the highly developed list clearly should know better about Karnataka in order to improve the rest of the state on par with Bangalore"
669,IndiaGrowth,Are we over speculating India’s growth? ,"Last time I checked usa is not growing by 6% annually. Maybe 2-4. Economics for the deranged?. Chhod bhai inko bol k matlab nai. USA does not have 6% growth. Also, GDP and market cap are totally different things and cannot be compared. USA growth rate is 2.5% last 10 years, it will further slow down. (As it grows larger, irrespective of short term disruptions from political change, tech or global issues)
So someone is overestimating USA growth over next 25-50 years.
Then tack on PPP and India’s next half-century growth story is very much real.
India is still a very poor, sub-Saharan level of poverty on a per capita basis, but as a nation and relevant to capital markets - you have to be a complete gonad if you think Indian growth story is vaporware, irrespective of your politics.
Keep investing in the Big7 US stocks and watch others create value in Indian equities, then cry about stock market casino.. Even when looking at the PPP we do not consider the size of our population comapred to the USA. It took china so long with the large population to get on the track of economic , China has grown significantly in the last couple of decades still their GDP per capita is insignificent when compared to USA, and it has lots to do with the sheer size of population, India is on same track as china once was, We might be able to catch China and USA in GDP terms, in per capital terms it would be impossible to reach the levels of USA, not even by China. Comparing GDP growth with market speculated value of a company share….. brilliant!🙏. I don't think a comparison between growth in market cap and actual output makes sense. Also, US growth numbers considered seem to be ridiculously high.
Lastly, a lot of foreign and domestic investors are bullish on India, based on forward looking metrics (apart from China+1 Strategy) and not only the current data.. Usa is already developed it will grow at a lower rate They invest more in labor and technology This is known as endogenous growth theory
India meanwhile is growing at a higher rate because of capital deepening (neo classical theory) i.e we need more capital investment to grow and reach the steady state growth rate of US"
670,IndiaGrowth,[GIF]Constantly changing States(Divisions) of India since Independence[520x584],"Couldn't the changes be highlighted before or during, instead of afterwards?. The states in India have very clean and logical boundaries. It's good that the government was willing to change them to better suit the very diverse populations living there.. That image should be posted in r/mildlyinfuriating. In Gfycat form, so you can paused and scrub to your heart's content.. Too fucking fast.. I get this and its healthy. The Indian people were not allowed to choose their states, I would guess they inhereted what the british left them. Now they have remade it as a society.. I'm a bot, bleep, bloop. Someone has linked to this thread from another place on reddit:
[r/indiamain] [GIF]Constantly changing States(Divisions) of India since Independence[520x584] • /r/MapPorn
If you follow any of the above links, please respect the rules of reddit and don't vote in the other threads. (Info / ^Contact). System defrag.. I get that there are border disputes between India and Bangladesh that create those ridiculous enclaves and exclaves, but why are there internal state/division enclaves and exclaves that are part of the same country?"
671,IndiaGrowth,Raghuram Rajan warns Indians against believing the growth hype - India Today,"All the Reddit armchair economists rushing to comment. Forget about armchair economists, real economists don't know what's going to happen in the economy in future. Except the BAU stuff. Supreme leader's Infra projects is going great, ISRO programs are in full flow, Visible development in UP. These are the major drivers for the growth hype machine.
Unemployment remains as is, Hardly any growth or improvement in Agriculture, Digital & Economic divide is growing rapidly.. . The problem with high public spending especially in a country like India is that it’s prone to manipulation, a significant amount of “growth” is good ole corruption.. Rest assured, sir, the claim lacks credibility among others.. India’s latest GDP growth numbers are ‘mystifying’, says former chief economic advisor Arvind Subramaniam
India ‘covering up reality’ of GDP numbers, claims economist Ashoka Mody
GDP Data For Q3 2023–24: The Mystery of a Robust Growth | Arun Kumar
Watch | Data on Which GDP Calculated A Major Concern, Soon GDP Could Become Unreliable: Pronab Sen. ashoka mody
Dhoka to apno ne diya 😭. What are these phds in economics know about more than someone who has studied and entire field. Have they got a degree in Entire economics.?
/s. Yes , there is a certain amount of legitimate questioning behind this. Allowing close allies to leaders to take control of well established organizations is not a good sign.If any company is flourishing and doing well,it is becoming a target for tax evation and ED rides and then close allie from his home state will take over of the Company is - very un democratic, it is nothing but Communism or dictatorship - No wonder why there is huge gap in India between select group and rest."
672,IndiaGrowth,"India's advancements in space exploration, particularly in lunar exploration, are nothing short of extraordinary. It's inspiring to see the strides made by ISRO under the leadership of Dr. S. Somanath.",I think it would be more inspiring if they took care of their own cities and people first
673,IndiaGrowth,What are your thoughts about India's growth?,"I haven't looked into it in depth but my understanding is that there are many good companies with strong growth but the falling value of the rupee has wiped out most of the gains you would have made as a foreign investor.. I'm going to be contrarian here but India is the place to park some money for the next 20 years. I own multiple funds and banks in India.
The concerns from others about corruption etc are valid but 33m people are joining Indias middle class each year. Western countries are turning away from Chinese dependence and the next best option is India. Brain drain has been an issue because of the draw of wealth in foreign countries but that is changing. The investment in infrastructure in India right now is through the roof, it is turning from a third world country to an economic leader. The value of the rupee will start to rise as India improves exports and that should begin over the next few years. At the same time as the wealth increases in India the brain drain will stop and we will see a perfect storm of positive factors impacting growth.
Worst case scenario you get in too early and it takes a few years longer... But exponential growth of Indias manufacturing sector and in particular of high precision manufacturing is inevitable IMO. Contrary to other comments, Have 10% of portfolio in Jupiter India fund, been one of my top performers . Realise it comes with risk but last few years been as solid as s&p. But tend to agree wouldn't feel comfortable with a much large stake than that. The market is hugely overpriced and the currency is unstable. You are better off investing in US companies which benefit from the growth like AMZN, NFLX, BN, …. ++ on this comment. You can maybe invest some amount for sake of diversification, but your money will generally be better off investing in US markets. Also look into “ADS” it’s a US dollar denominated form of equity ownership in a non US company. For example Indian stocks listed in US markets like: HDB, INFY, RDY etc.. A lot of the companies are driven by politics and politicians, and they are quite unstable. If there is even minor change at the state level, if not the federal level, even then, they will simply take the issued contracts and give to their preferred companies.
Too much risk simply. India will undoubtedly be one of this century's great ascent stories. A huge population with some of the most talented people on the planet. It will surely ascend to its natural place in the world economy as one of the three largest economies.
Sure there are a lot of hurdles to overcome but there is enormous potential and as the world's largest democracy, I'm looking forward to seeing that rise and wish them all the best.
I will be keeping an eye out for investment opportunities in the country.. High potential yes, but I have my doubts on its regulatory environment which can severely harm investment returns.. I'm an Indian but have been living overseas for the > 5 yrs. I have been investing in US for ~5 yrs and in India for ~7.
I have had an immense success with my Indian investments whereas still playing a catching up game with US investments. And China? Do we still have any confidence with Chinese economy after experiencing what happened with $BABA (I'm a bagholder).
Sensex has given 2x the returns compared Nasdaq since inception. I've paused my investments in US comparing my returns lately. There are 30+ yr old companies still in operation and have given >80X returns to their investors and are still growing faster than $AAPL. You need to be vary of some sectors like Real Estate, but thats one of the very few that are risky.
Someone commented about Adani's >100 PE. Didn't AMZN have a similar PE a couple of years ago? Also didnt Hindenburg come up with a short report on Square/Block?
Going through the comments below most of them are racial driven (jealous) and some has has got nothing to do with investing (Women equality? Does Buffet ask for demographics before investing in a company) . Some of it is also due to the perception of western media just showing the poverty that exists in India. Maybe they are able to sell that better.
As an investor I like to invest in places and industries that are growing, and Im familiar with. And I can say you all with full confidence investing in India will outperform investing in many other countries, including US.. I would suggest that instead of speculating those interested could look at some interesting and reputed companies in India: (Most of the below companies have some good tie ups with international/global enterprises just in case that gives you some comfort from a corporate governance standpoint)
Large Caps
HDFC Bank: Largest Private sector bank in India; been a steady compounder for the last 25 years; presently available at similar to COVID19 / GFC valuations
ITC: biggest Tobacco manufacturer and a growing fmcg wing; $BAT holds about 29%
Mid Caps & Small caps
Eicher Motors: owns iconic British motorcycles brand “Royal Enfield” and a JV with Volvo that makes Commercial Vehicles run by a very enthusiastic promotor. He has transformed his family business which was deeply fragmented with poor economics.
Aegis Logistics: A proxy take on energy transition. Manages storage and distribution of industrial chemicals and LPG. Has a JV with multiple global companies of repute eg Royal Vopak.
Godrej Agrovet: Godrej is one of the most respected corporate houses in India and this company houses their agribusinesses. Due to global agrochemical downturn this business is going through a downturn.
Ashiana Housing: although a sector (Real Estate) with a lot of chequered past due to limited regulations this sector has undergone a massive clean up. Despite this it is one of the cleanest managements in the sector. The problem is that a portion of these real estate sales happen in cash and hence investors are always worried that this cash would never reach investors however lot of scuttlebutt available shows that Ashiana never engages in any cash transaction. They make apartments in growing metropolis across the country. ashiana housing All of these companies do quarterly concalls and ample information is available online for research.
As regard to comments above. India has many problems however many reasons to be optimistic too. Governments across the board are corrupt however the country has come a long way.
The key risks:
Domestic politics of the present government is worrisome however the right wing problem is a global phenomenon. Targeting minorities and divisive politics is a key monitorable.
Job and GDP growth is another key monitorable.
Valuations in India are crazy however this is predominantly in mid and small companies.
(none of the above is a recommendation)"
674,IndiaGrowth,A GOOD BEGINNING FOR ROHIT SHARMA IN 2024,
675,IndiaGrowth,"Income growth by income group in India, 2016-2021",
676,IndiaGrowth,70 hour work weeks should be normal!!,
677,IndiaGrowth,Investing in India's Economic Growth.,"Aren't there studies out there showing that GDP is not necessarily correlated with stock price?
Nonetheless, Wasatch is targeting Indian small caps as a good opportunity, so I've heard. 4 star Morningstar rating and they seem to be holding some banks as top holdings like you guessed. Also some tech.. Honestly, I would find an Indian ETF and be done with it.
Let's assume that manufacturing industry is growing. That's going to need finance to fund it (banks). It's going to need factories (property). The people will get richer, so many they can buy more cars (automotive) and have better roads to drive them on (infrastructure).
Unless you were coming at this from knowing a company and thinking they have a great position, I think it would be hard to pick the winners here.. $Inda the iShares ETFs have lower expenses compared to GlobalX etfs. FLIN. Banking. India is still very much an emerging market with immature capital markets, which means nearly all financing goes through banks. Consumer is the other sure bet. Not just for the demographics but also because consumer companies typically have better economics. Just tread carefully with valuations.. I agree on banking. My thoughts are if the economy expands, someone must fund that expanse. But with the rise of infrastructure by capital allocators like brookfield, I am not quite sure how much they will capture on the non consumer side of the house. I also like brookfield as an investment in India. Indian here in Canada. Never invested there or here, I'm still learning. That said, what I noticed is, any boom that happens in the US, will happen there later, so if you have missed investing in the US stock, you can find a related in there and invest. For instance, 5g towers, electric power station, electric car/bus manufacturers, lithium, etc.
Anything thing I would suggest, check the stocks of the top investors, that should tell you a lot. Rakesh Jhunjhunwala is the top investor and has good Insider information.. He passed away, his biggest holding was a retail stock for few decades which returned him 30-40x. OP this list seems pretty useful. I’m looking to dabble with Indian equities myself.
https://etfdb.com/etfs/country/india/. The best etf for India is FLIN from Franklin Templeton cheaper than anything iSharws offers."
678,IndiaGrowth,Inserter Production at its colorful-best in Space Exploration,"I don't think the 1M SPM Clusterio project used this many inserters.. I built the mall for this project - yes, we did. To give a sense of scale, Clustorio mall could make 5,500 Speed 3 modules per minute and kept 1M in storage. We had building efforts consume 200,000 of them in 15 minutes. For about a day it consumed a dedicated 60UPS blue circuit server.
I think green inserters could sustain 80 blue belts. We never really pushed that limit on inserters though, even with builds that used 100K of them, so that was probably pretty seriously overbuilt.
Limits we did hit were Speed 3 and had to triple production to the number above when we stalled out for several hours. Cargo wagons as there were a few builds that used 20K at a time. Nuclear fuel - we needed 200 8 beacon centrifuges to keep up with the train fuel (this was my favorite design, handling refining, kovarax, and nuclear fuel production in a single 8 beacon row balanced to a blue belt). Refined concrete was a bottleneck at one point as we were paving areas to reduce file size. Blue and red undergrounds both got clobbered at one point when we were throwing up a bunch of belt weaving builds. Power injectors (part of the clustorio build) also were a problem - and very expensive to build.
I've never built fully beaconed locomotive production before, so that was fun.
But yeah, I don't understand the point of this build, really.. Absolute mad lad. Hope they go to your main bus, alongside belt after belt of every single item in the game.. All assemblers except like 2 of each are going to be inactive for the remainder of their days. Making a 10k IPM (inserters per minute) megabase?. Are inserters required for science in SE? Otherwise, when would you need so many of them?. It's just a goal that I set up to myself to make the whole factory consists mostly of mini buses that create all variants of given type of item, in this case, inserters.. They aren’t required for science but fast inserters are required for cargo rocket sections. One of two ways you have to move items between surfaces when you first go to space and the only one of the two that can take the player to another surface.
Also one of the required mods for SE makes fast inserters require regular inserters and regular inserters require burner inserters.. Can you please reply or dm me the blueprint this loons cool as hell. Here you have it: https://pastebin.com/BwnKfkTi"
679,IndiaGrowth,India unlikely to match China's past 8-10% growth: Morgan Stanley,"One thing to bear in mind is China grew 8 to 10% when other countries were also growing, admittedly not as much as China, but we're growing at a modest pace. India is growing at 6 to 8% at a time when other countries are crawling at best. So is the absolute level comparison completely relevant?. You're missing the point. China grew 10% for decades at a time when its economy was roughly the size of what India's is today. To that extent India has missed the growth bus. Do we foresee India growing 10% year on year now for decades? It's now mathematically improbable for India to catch up to China. Also, that torrid growth catapulted vast swathes of China's population to middle and upper middle classes. That might be a distant dream for us. Yes it is. Since the world GDP growth rate is still the same as it was during China’s peak growth period.. Bhai $17T base pe 3% growth bhi will beat 10% on a base of $4T. Think on these lines. People are happy with free ration , electricity and 1gb data. Keeps their stomach full and let them scroll reels.. As long as freebie and socialist mindset is engrained in people’s minds and as long as the obsession with govt jobs is there, India cannot achieve rapid growth.
Only hardcore free market capitalism can uplift a society.
And as long as dangerous ideologies like reservations, DEI, etc flourish, neither companies nor countries can progress.
Coupled with dwindling traditional family values and increasing hyper individualism, I do see a bleak future for not only India but the entire world . As we go on to become an aging society like Japan, Korea, China, etc, we will end up in the middle income trap.. India will never adopt free market capitalism, it's far too corrupt for that. Ambanis and adanis won't survive absolute free market capitalism and neither the govt would favor it because it dilutes power. Indian politicans love centralisation of power and monopolization.. Yes China is a famously free market capitalist economy with no state support for businesses or individuals/s. Look at the bright side
they can't match our population. Don't need MS to tell me this! I already know. China increased it's real wages. We're busy giving Rs 1000 to voters."
680,IndiaGrowth,A good sign that progress is being made at Pho Peter,"Oh phew - I had noticed their ""reopening soon"" sign disappeared awhile ago and was worried.. Can’t wait until they finally reopen!. While you wait.. Go try Pho Mi 66 on Steeles Avenue. Thx. Been to them all. Waiting impatiently for the return of Pho Peter. I hope it comes back as good as it was.. Well done beef pho and vegetarian friend rice with extra tofu!!! 
Can't wait no other place as the same fried rice as pho Peter . My son saw the sign and had a mini meltdown
Really glad they are making progress. Now someone bring back Che Thuy Nga for the best banh mi sandwich in the GTA. This made my day. That great!. Oh man I can’t wait. I moss this place. Best Vietnamese food in the gta"
681,IndiaGrowth,Raghuram Rajan on India's GDP growth: What do you think?,". Sanghis' biggest nightmare. How so..It is foolish to declare country as a developed one. You lose market benefits in the developing world.. Our per capita income rank is 139th.
75% of people still earn less than 33 rupees per day.
Top five in GDP means nothing for the common man.
Gotta share this with a lot of brainwashed people I know.. How do you propose to do the former without the later?GDP per capita is simply the average of Real GDP and population.It can increase only if population decreases or Real GDP increases or the numerator grows at a higher pace than the denominator.You can't decrease the population all of a sudden and the fertility rate is already decreasing so people talk about Real GDP 🤷. By 2047 we won't be able to become developed countries and it's true. If you're only considering GDP and not other aspects then it's the problem. GDP is just an average there so many factors which needs to be overlooked. Concentration of wealth in top 1% while the others are starving.. This is exactly what I said by doing simple math and was downvoted a few mnths back.
US - $20T
China - $13T
India - $4T
so by 2035 , India will be $8T
by 2047, India will be $16T still behind USA's current GDP. This is all assuming India grows at a constant rate of 6% for the next 24yrs which seems insane.
We might come in Top 3 but for sure won't be at the Top.. Having trust issues..... Even china wont declare itself a developed country even in 2047. Infact there are benefit of being called developing country. The benefit include preferential tariff treatment from developed countries, making their exports more competitive in international markets. Countries use their developing status to justify subcidies to farming and tech, even when many are effectively state-owned and have global impact."
682,IndiaGrowth,"India will not have enough jobs, even with 7% growth: report",
683,IndiaGrowth,COVID-19 growth rate falls from 22% to 8% in India after one month of lockdown,"India has been locked down for a month? God my sense of time scale is screwed up from this. Seems like last week.. 8% per day is still a hell of an interest rate. I wish I could get anywhere near that on my investments.. “ If the cases would have grown at that rate, the number of confirmed cases would have crossed 2 lakh by now.”. Yeah but it has been stuck at 7-8% for a while because as some states slowdown new ones ramp up.. That sounds great until you realize that Italy was growing at 9% when they hit catastrophe.. I'm sure bleach had something to do with the growth rate declining so much. I just can't find any evidence yet.. Well the uneducated poor country seems to be doing pretty well compared to the ""great"" ones.. Finally Some good news in India. Hopefully Soon we go to 0% .. Hopefully this isn't just from people staying home and not actually getting tested"
684,IndiaGrowth,India GDP growth in Q2 FY24 beats estimates at 7.6%,"Hopefully we cross the 7% growth for FY24. The first two quarters have exceeded expectations and hopefully carry the momentum in the rest. After a strong growth of 7.8% in the first quarter, the second quarter too surprised on the upside with 7.6% growth. This takes the first half GDP growth to a robust 7.7%.
However, we still expect growth to slow in the second half due to deepening global slowdown; the lagged impact of domestic rate hikes manifesting fully through the second half of this fiscal; and erratic weather and an El Niño event creating some downside to agricultural growth prospects.The advance estimates from Ministry of Agriculture peg kharif production at 4.6% lower than last year. Despite moderation in the second half, India is expected to outperform other large economies this fiscal year.. . . I have a genuine doubt...in the comments many are saying that there aren't enough jobs being generated....which I agree...but I feel like the problem with Indian Employment has been bad since a long time...we have been pretty one dimensional in the sectors we work in...service and agriculture are the largest employers but they are way oversaturated....I don't think we need more than 20% work force on agriculture and with all the jai Jawan Jai Kisan slogans this is a fact that farming is a sector with a very low margin and very high effort....so it is stupidity to romanticise it....half the farmers with labour reforms and industrialisation of the sector should give us a way better output....
We have a large population with people of different education backgrounds and to feed them fairly we need something that can employ en masse and doesn't need a whole lot of education for it either....most skilled sectors need mental strength and need a degree and literacy which is sadly but realistically not with everyone in our country....they have to rely on their physical body to get food....without being a labourer....the government can't give them free dakhila to PSUs either....we need mass employment and manufacturing is one such sector....the Chinese had a similar problem as ours and they focus on manufacturing and that worked for them....we can try to emulate something similar albeit at a smaller scale (in comparison to be monstrous level the Cheems took it to) and get a good amount of manufacturing and hence the employment would go up....even women would participate in it, PCI would increase and economy would boom...why isn't the government wanting to do these changes ?? Both UPA and NDA?? Labour laws and land laws need to change for this and Logistics have to improve....why did we not pursue this ?? what is the problem in such a setup?? Am I missing something??. In fact, this is what commenters are mostly saying!
The jobless growth pattern is decades old!. India's S&P Manufacturing PMI reading in November stood at 56, up from the eight-month low of 55.5 seen in October. That marked nearly two and a half years of the index being above the 50-mark. Yeah, GDP and all is fine and I do commend the government for what all good things they have done.
Problems
Infrastructure development is very slow. Political parties spending heavily on election rallies for some reason. Cast based census and cast based reservation is still a thing. Heavy taxes on salaried individuals, unnecessary freebies to farmers with no sustainable cropping patterns, pollution and shit. And above all, why the hell aren't madarasas banned ? There is a hell lot of communal hatred taught there.. . The only good thing to come out of the modi era is this sustained growth , unlike UPA 2 and its disaster class"
685,IndiaGrowth,Do not fall for the recent India growth hype,"From perspective of an Indian I can say what you are saying has 30% truth to it. India isn't as simple to understand or define.
Simplest way I can describe is there are 3 india's with in India.
One is the top 10% who have seen exponential growth in wealth in recent years and driving majority of Indian economic consumption. These are the ones who have their basic needs meet and are aspirational thus spending heavily on consumer discretionary.
Second is next 20 % which grew up in poverty but now has access to education, internet and growing sources of income. They are still socially conservative and can be called great Indian middle class. Though they are still vulnerable to economic or structural slowdown.
The next is 70% of India which is still poor and affected or driven by the regressive policies you mentioned above. They don't have means to escape the rigid and inefficient systems from India's socialist and casteist eras. They haven't been doing good since covid years and you can find articles stating India's Rural demand has still not recovered. It's referring to this strata.
Before you right-off India's growth reading that 70% of the population is still not growing. Remember the upper 30% is growing exponentially which translates into a population of approx. 450 million people. Bigger than a lot of Countries.
These are people with very high consumptions and income growth rates. This is the India you are suppose to bet on which is aspirational of being global and get rid of the identity associated with the old India.
Even though wealth disparity is increasing and can be big issue in future, and Ironically its like the people divided by this socio economic divide have no clue about how good or bad things are on the other side.. Another insight to add to the above facts is that India is as large as western Europe. It doesn't look like it on an Equirectangular projection. But it is huge.
Unlike Europe instead of having one nation state per human language speaking region, in India they have one state per human language but they all share a nation, its military and economy (like EU recently). So for example, a state of India like Madhya Pradesh AFAIK is as large as the nation state of Germany. In this sense having large states is similar to how it is in USA or Australia.
About half of all Indians are working in agriculture feeding the other half. This is unusual because no where on earth do we still have one half of the population working in agriculture feeding the other half. This creates interesting differences from the rest of the world. In India, for the half that work in agriculture, children are an asset that generates cash-flow. This is because more hands means more food, and this means more wealth. So children are an economic asset in agrarian India like no where else in the world.
This also means there are more agrarian children in India than the rest of the world (although this is changing), and women spend their whole life raising those extra agrarian children. These agrarian children also do not need 20+ years of training to work in a farm, so they become economically self-sufficient faster, and get married early.
This is also why the culture is traditional. Promiscuity is rare because children get married early, and there is no time for all that.
In some ways India I think will skip ahead in some sense from the general industrial evolution of the world. I am not sure how it will happen.
BTW India is the only country where agriculture is fully tax free, for all citizens of India. And foreigners of India are not allowed to own agricultural land there. This means interesting possibilities for agricultural commodities and processed food industry based in India. Perhaps it is easier to operate such businesses there.
Source: I am a Singapore citizen, and we have a lot of Tamil speaking people in this region since antiquity.. By what metric is India a socialist nation? Last I checked they had property rights, functioning markets, etc.
I don’t think you know exactly what you are talking about.. Most “value investors” in this sub are not true value investors. Thats why when a place like India, already expensive since 2017, these so called value investors will say how good it is and justify the high prices. Same as US market
They will find every excuse not to invest in oversold markets right now like HK as if CCP is some evil scourge waiting to hammer every company to zero when in fact CCP was the party that helped China economy grow 5x more than India (early 90s economy for both countries was the same).
Forget what you read here and go find value.. I agree. China represents 10% of my portfolio. Equities in China are being priced as if China will be collapsing tomorrow. Even after applying an “emerging markets” discount and a “China discount” it’s still ridiculously cheap. China is the only place where you’ll find huge companies trading at net net valuations.. I don't think OP knows what socialism is. My country is socialist based with capitalism driven, scores higher(means better) than greece, bulgaria and some others on the CPI corruption scale
Does that mean you shouldn't invest?. California's highest income tax slab is around 12.5%. I think you'll find most countries have an income tax rate higher than that.
The highest federal slab is around 37% if I'm not wrong. Together, they combine for approximately half of your income.
India's highest tax slab is 30% for people earning 15 lacs or more and there are no state taxes. Granted, this doesn't include the surcharges that one has to pay when one reaches the 1cr+ categories.
Still, I doubt that the income tax rate reaches anywhere near the 50% that California residents have to pay.. india has a really steep GST rate that in my experience makes it feel worse than california. Gas prices and a lot of foreign goods are absurdly expensive due to tariffs.. India has demographics on its side as well as a growing and well educated and upwardly mobile overseas diaspora that will drive change back home through massive capital investment… and they are one of the main beneficiary of companies “friendshoring” manufacturing away from the PRC…. please don’t invest so it stays cheap a little longer 😅. What makes India socialist? Is it the stock market, the property investment, the privately owned enterprise that makes up almost the entire economy? What?
And can you explain why exactly reservation is so detrimental? What is the actual real world import?"
686,IndiaGrowth,Apple Sees Highest Ever Smartphone Shipments in India in Q3 2023; Market Records Flat YoY Growth,
687,IndiaGrowth,India making mistake believing ‘hype’ about growth: Raghuram Rajan - Times of India,
688,IndiaGrowth,Purvodaya: Eastern India's Growth Initiative,
689,IndiaGrowth,India’s Growth 🇮🇳,"How many is 1,22,976?. Whoops, sorry it uses the Indian comma system, just remove the first comma: 122,976. That's 1.22976 lakhs. All the best to India from Europe. Impressive.. All thanks to Modi right. Great progress! As a Euro I am happy for India :). El sueño americano se cumple en todos los países menos en Estados Unidos. There's tap water in the US though?. Hopefully all of this growth doesn't come at a massive cost to India's unique ecology. It's one of the last places on the planet where truly wild environments boarder urban and agricultural areas. I fear that it won't last long given how they're exponentially expanding."
690,IndiaGrowth,India’s Fake Growth Story,"Can someone explain me, I read the article, I do make sense of some things, but economics mostly goes over my head!. Gdp is nothing but the value of all final goods amd servoces produced in a financial year. This value can be calculated by various methods. 2 of these include Income Method & Expenditure Method.
Via income method, income of every economic agent in the economy is calculated in the relevant financial year. And in case of Expenditure Method, total expenditure done by all economic agents is calculated. NSO calculates GDP by both methods.
Ideally, both of them should be same as income received by someone is after all expenditure done by someone else. But a difference arises due to some errors involved in calculation amd methods of calculation. This difference between them is being called as discrepancy.
The point of tge author is that this time the discrepancy is considerable and has not been factored in to reach the actual gdp number. Gdp calculated through income was higher and goi has shown it as the actual gdp.
Author further asserts that most Western countries indulge in factoring in the discrepancy to reach actual figures. And if that is done with Indian figures using US methodology, its gdp growth rate is 13% lesser than that of previous year's quarter.
This is not a new phenomenon. They have been changing the methodologies and improvising them since 2015 in a way that gdp figures are always inflated. They changed the methodology of calculating gdp from basic prices to market prices which now includes taxes. That is why we see a higher gdp since 2015 compared to previous years.. Average boomer sanghi unkil: This is a conspiracy by paid foreign agents to undermine the country's growth.. Not only boomer unkil even my teen friends believe such conspiracy. This is a conspiracy by paid foreign agents to undermine the country's growth.
Every Global South conspiracy theorist ever.. Something something Soros something something. It always goes back to George Soros, huh?. It is result of two factor China becoming more expensive and trade war with USA.. I can vouch for the author. IMF, Princeton, etc is fine but his patriotism is not in question. He is not one of those Amartya Sen/Naipaul/Rushdie type intellectuals who have completely deleted their Indian identity. Especially after writing and researching his latest book ""India is Broken"", he is a rigorous observer of the actual numbers involved and will never give you a story or idea that isn't backed by data.. Even if he is patriotic nothing will change."
691,IndiaGrowth,*India population growth*,". . Issko koyee potty karane lejao yaar tabse potty potty kiye ja raha hai
jokes aside I kinda feel bad for him. Bhai mujhe lagta hai wo ab publicity ke liye kar rha hai kyuki wo pehle bhi isi tarah ulta seedha bol ke light me aaya tha. Bitcoin price prediction kar rha hai. Bhai yeh toh ekdum sahi bol rha hai issme funny kya hai. Humorus is subjecteve😡😡. Me group studying with my frands. Bhai is ldke ko pura milk krke chordenge sb ab baar baar isse glt chize pdhwate h fr viral krte h. potty aath... potty do...💀. Bhai ye jeetu bhaiya ke kabse karne lage?"
692,BreakingNewsIndia,Breaking News: India ICC Cricket 2011 World Cup squad announced,"Best of luck to team India! Hopefully we end this 28 year drought!. Bruh this team is shit, selectors dont know shit. . Mark my words , he's going to be the next opener for india after Sachin and Sehwag retire.. Why is Yuvraj Singh selected? He will choke in the knockouts and his 10 overs are free gift for the opposition batters. He is going to be the one single reason why India is going to lose the tournament.. Jokes apart i didn't know sehwag was the vc. Kohli is too young to be in this team. Favouritism at its peak.Don't know why they keep picking him in squad.This is WC not some series against Kenya B team.. India can't win with these unfit seniors like Sachin, sehwag, yuvi, harbhajan, Zaheer playing.
We should have sent a younger team. That bloke ishant sharma deserved playing over zaheer khan anyday. We know how zaheer choked in 2003 finals.
Zaheer won't bowl 4 maidens in first 10 overs in the worldcup final, that will never happen.. Reading all the comments made me feel sad that this legit would've been the way we would've handled the news."
693,BreakingNewsIndia,Breaking news: India to send 50k MT of wheat as humanitarian aid to Afghanistan,". The engineering side of me initially read ""50,000 Megatonnes"". I sure hope it actually gets to the people. I don't have much faith it will but I hope so. I'll trade you 5MT of Sheep for 3 Wheat.. Oh thank God...the winter is going to be hard enough but at least this way people won't die of starvation."
694,BreakingNewsIndia,NUMBER #1 BREAKING NEWS IN INDIA LIVE 24/7 PREMIUM NEWS CHANNEL,
695,BreakingNewsIndia,BREAKING NEWS: India is thinking of changing its name to ‘Bharat’,". India's a cool name but I'm Australian so my opinion doesn't matter. It’s already called “Bharat” in Hindi.
They’re thinking of trying to make everyone else call it “Bharat,” too.. would be nice to see a source. https://www.google.com/search?client=firefox-b-d&q=india+name+change. source
https://www.ndtv.com/india-news/if-we-name-alliance-bharat-will-they-call-country-bjp-arvind-kejriwal-4361334. Indian here: basically nobody except hardcore supporters of our shitty government like it - it's a vote grab for next year's election.. r/CanConfirmIamIndian. It’s thinking of changing its name to Borat?. this sounds like the turkish word Baharat which literally means spice. so kinda fitting"
696,BreakingNewsIndia,BREAKING: CBC news has learned the federal government will ban passenger flights from India and Pakistan for 30 days starting tonight.,
697,BreakingNewsIndia,"Breaking News: In one of the strongest threats yet, terror group Al Qaeda has vowed attacks in India after the recent remarks by now suspended members of BJP.",". Celebration time for rondianz, & libganduz. Bhai It's scary for anyone irrespective of their ideology, fuck left wing, fuck liberals, fuck right wing. Yahan direct mass murder ki openly dhamki di gayi hai! and if anyone is still supporting this shit, I don't think they have any humanity left within themselves.. Lets observe Islamic nations condemning Al Qaeda .. Islamic Nations = Al Qaeda
How can they condemn themselves. Its lowkey scary not gonna lie. Imagin how scary it must be for nupur Sharma. Her own people gave up on her and mocking her. ""Hindutva terrorists occupying India"" lol
btw, this is probably acceptable to Rana Ayyub and gang the same way the Kashmiri Pandit genocide was acceptable to Arundhati Roy, Barkha Dutt and gang.
On the contrary, making fun of Hindu Gods is ok. Protesting against making such fun is violent, communal and fascist. Any Hindu who feels offended should be Hindu only inside their home and allow for freedom of speech and expression. Got it.. I am sure lib-randus have already started drafting tweets to blame Hindus for these Islamic terrorist attacks"
698,BreakingNewsIndia,BIG BREAKING NEWS--India hockey team reaches semi-finals after beating Great Britain 4-2 ,". Sports. Jeetega Jeetega, India Jeetega.🇮🇳🇮🇳🇮🇳🇮🇳. "
699,BreakingNewsIndia,BREAKING NEWS: Symmetra found CRYING behind a Burger King in India,"Mama living in a black mirror episode 🤡🗣️🥲. ""This woman did not deserve this. The pain and the suffering that she has been put through. She is so beautiful.... and what has happened to her.... is beyond belief. It is just beyond belief."" 😭
idk the source of this quote, got it from vid that snipped this quote (https://youtu.be/RYdZQhf8-kQ?si=mUPk6s9oxcptDNmG&t=465). Vaswani was found 12 hours later , stabbed in an alleyway .Police reports say this is a failed attempt at suicide. Witnesses say Satya did it in an attempt to get attention from Blizzard, who still haven't said anything about her latest life threatening nerf.All of the twinks are currently serving no cunt in front of the Delhi hospital waiting for an answer to their question:
Will Satya Vaswani recover from her latest nerfs?. I would keep her overall HP at 250 in exchange for more aggressive buffs:
14m Beam sure
Beam damage to 70/140/195 from 60/120/180 okay
But Turret to 35, since every bullet pretty much now has soft lock on. Tons of heroes have free damage abilities, why not Sym?
And Orb to 125 (they call me crazy but pre-S9 they called Sym a poke hero so...let her poke). Low-key need support Sym back more than ever, rework Sym so she can be the CEO of Burger King 😪🙏. The only way I could forgive them completely ABANDONING her this hotfix patch is if they're atleast discussing a support rework
I'm okay with DPS Sym, but as we can see in S9 they are absolutely not allowing her to do damage.
Moiras beam does 65 while Sym's lvl 1 is 60
Zarya full charge is 195 while Sym full charge is 180, this should be the other way around because she is the damn DPS!!!!!
Zarya has more health, great self sustain, cleanse, 15m beam, almost the best ult in the game and now more damage.
Who on EARTH would pick Sym over her in lets say open que, she is just worse in every way. I think our beam should do 80/140/200 dps. Manifesting the gay Jesus himself so that Symmetra will get the buffs she deserves and at last be able to order the Whopper made of the tears of players that don't know how to counter her at Burger King. i played this game because of her 🥴 Stopped playing cuz if the Blitzchung situation and haven’t been back since, i miss you queen. these posts kill me everytime"
700,BreakingNewsIndia,BREAKING NEWS: 🚨 ETHEREUM FOUNDER VITALIK BUTERIN DONATES $1 BILLION TO INDIA COVID RELIEF. I have major respect for you Vitalik Buterin... well done 😘😘,"he Donated 1 Billion worth of the coin SHIB - Not ETH - Incase anyone didn't know...... Yep it's not 1b at all. It's super illiquid and they would be lucky to withdraw a few mil. Respect for the guy. Has the money, the youth, the brains. He could be a super villian, but he woke up one day and decided to be the nicest guy you'll probably ever meet.. Where are you now Bill Gates"
701,BreakingNewsIndia,Breaking news!! India is drying up the WORLDWIDE Silver-Market! 50 Million ounces in 2 months!! And Turkey also buying as hell. IMHO Silver will start flying in the next weeks. Comment and upvote!,". And i am drying up my local coin-dealer. Every 2 weeks. But i hope the smash silver really hard,because i want mooooore.. Ditto. And remember: there are only around 30 million ounces -per month available for investors worldwide..-:). Link to the source: https://www.metalsdaily.com/link/324047/silver-institute-2021-interim-silver-market-review.htm. This is the way. The way of the ape.. "
702,BreakingNewsIndia,BREAKING NEWS: India is officially changing its name to ‘Bharat’,. No official buddy. Not*. Bruh
703,BreakingNewsIndia,Breaking News: Bucureștiul este în India confirmat de UMFCD,"Si Croatia in Africa, macar daca o puneau si ei unde e Botswana.. Măcar se potrivea orașul croat cu moneda Botswanei.. Măcar se potrivea orașul croat cu moneda Botswanei.. Asa si? E mai reprezentativa India pentru noi decat Europa.. Sir, here is your food. Tips please sir. N am pățit să mi ceară tips uri. In Nepal"
704,BreakingNewsIndia,"BREAKING NEWS: Algorand Foundation Decides on India Partnership, CEO Meets Up With Hillary Clinton In Ahmedabad","The ""adoption"" is here & everyone is groaning...I wonder what y'all want anymore. But it only counts of it's adopted by the people I like!
/s for me, but apparently not for some people on this sub. There are plenty of immediate knee-jerk reactions when seeing the partnership with Clinton Foundations, but we should inspect closely without just assuming the worst. There are some massive groups involved with great track records and India is a fantastic market to develop in.
Feel how you want about anything Clinton related, but let's at least give T-HUB and SEWA some appreciation and move forward with a positive mentality.. Came here to jerk knees, but your comment prevented that.. I couldn’t care less who shills it as long as they have influence and the price goes up lol. Like it or not, the Clintons will open doors in lots of places and raise awareness. At least they didn't introduce a freakin NFT collection for only $99. Plus, my informal assessment seems to indicate that blockchain is currently a little light on democrats/liberals. This could be a good way to open up the eyes of more people leading to more mass adoption of Algorand. Realistically, the use cases building on Algorand are apolitical, so they are accessible to libertarians, conservatives, and liberals alike.. This is brilliant for people who want to make money from crypto once regulation hits
Not so great if you think crypto is what you’ll use to buy beans and bullets after the great reset. It's odd that when I look at the profiles of people upset about Hilary Clinton, they all seem to share the same love for Andrew Tate in their feeds.. Damn I really don’t like that……. India or Hillary?"
705,BreakingNewsIndia,Breaking News: India Threatened Twitter shutdown: Know Why?,
706,BreakingNewsIndia,"Latest News, Breaking News in India - Expresswire News",. 
707,BreakingNewsIndia,Breaking News: India Canada Conflict | ਕੈਨੇਡਾ ਤੋਂ ਇੰਡੀਆਂ ਆਉਣ ਵਾਲਿਆਂ ਲਈ ਖੁਸ਼ਖਬਰੀ...,
708,BreakingNewsIndia,Breaking News! Solar Event Unites India.,"Chutti sabki alag alag milni chahiye 😚. Haha of course!. You guys are getting a holiday? 😱. Sun is American, Suraj is Indian. Sun is run by Apollo and Suraj is run by Indra. Know the difference. /s. Somebody make this guy Vidhayak!. Corporate needs find difference. This has solved a mystery for me, thank you. r/iamverysmart. Suraj is one of navagraha.
Sun is a planet, not even a star. 😏
/s"
709,BreakingNewsIndia,*Breaking News* India just did something SHOCKING with Silver!,". Out of stock?
Not really. "
710,BreakingNewsIndia,"National News, India News, Latest National News, Breaking News India",
711,BreakingNewsIndia,BREAKING NEWS: India could be behind killing of Canadian Sikh - Trudeau - BBC,
712,BreakingNewsIndia,BREAKING NEWS: India train crash: Dozens dead after Odisha incident - BBC,
713,BreakingNewsIndia,Metro Yellow Line service break | Delhi News - Times of India,". As an appreciation for your content contributions to this community, you have been rewarded the following community currency rewards.
💱Learn more about Community Currency!💱
🏅 100.00 AWARD. "
714,BreakingNewsIndia,Breaking news: (India) GvK set to release on March 24th in India,"Well...I'm in Townsville, Queensland, Australia & my local cinema has a screening on the 24th at 7:00pm...so who knows what is going on?. Congrats, fans!. And I'm soo happy right now, considering my exams start at 29th, the previously announced date (30th) would have made it hard for me to see the movie, but now I can! Yess!!!!!. well, its good news for them but we have be alert for spoilers.. Really wish it was the same for everyone so we wouldn't have to deal with possible spoilers really don't want to know what happens till I see it. Pack your things were leaving. I’m pretty sure it’s 26th here in Britain, they’re damn lucky. Oh Fuck the Spoilers Run!!. Same, March 24th for Malaysia too. Aaaand all the ""I'm gonna spoil the movie for everyone"" jerks will come out in force."
715,BreakingNewsIndia,"Breaking News*

$100 billion Investment in India in next 15 years🔥*",EFTA*
716,BreakingNewsIndia,BREAKING NEWS INDIA TO BAN CRYPTOCURRENCY NOW YOU WONDER WHY WE WANT SILVER AND GOLD 🚀,. 
717,MarketUpdateIndia,Ui6 finally in India. Better send updates to bigger markets earlier next time onwards.,"Bigger my a$$ , most of Indian people buy 148 Euros Samsung phones. They don't care about these cheap phones.. Define most? Even if 400 million indians buy flagship then it's much bigger number than most of europe combined. I know your racist circumcised small Dick will not be able to process this info.. What csc?. Or what? Your threat attempt is meaningless with no stated action by you if they do not comply. 😂. Indian public have been notoriously proactive in ensuring to punish or reward companies appropriately with their wallets."
718,MarketUpdateIndia,"FxGecko updated: MWH Markets, Arista Gold, Fortuna Markets, Aarambh India FX, AMAFX",
719,MarketUpdateIndia,"Daily Market Update September 16, 2023 Market Recap: Fed Fears, BoE's Pause, and Canada-India Tensions",
720,MarketUpdateIndia,"Stock Market Crash Live Updates: BSE Sensex, Nifty50 in downward spiral, plunge over 5% as INDIA block puts up strong fight against Modi-led NDA  - The Times of India",
721,MarketUpdateIndia,Massive crypto crash in India. Most coins down 25% in just hours as crackpot dictator Modi plans to ban all crypto,"I don't understand how all these Indian apps have crashed 25-30% but binance prices are still the same before the crash. Not gonna lie those are some crazy deals though.. Okay so how can we buy from these exchanges in India? I like money.. Crash and grab by India's elite? We'll see how long this ""ban"" lasts. My guess is that they'll be back within a year.. I’m sorry OP. But honestly I believe that this too, shall pass.
This could be a phenomenal buy opportunity, especially for BTC and ETH"
722,MarketUpdateIndia,Stock Market News: India Updates - Discover the Latest Trends and Stay A...,
723,MarketUpdateIndia,"[Business] - Stock Market Today Live Updates: BSE Sensex, Nifty50 to continue slide on less than expected Modi-led NDA show? | Times of India",
724,MarketUpdateIndia,"""The recent fluctuations in fuel prices across India reflect the dynamic nature of the global oil market. On March 12, 2024, several states witnessed a change in petrol and diesel rates. #FuelPriceHike2024 #PetrolDieselRates #OilMarketFluctuations #EconomicImpact #GlobalCrudeOil #IndiaFuelUpdate """,
725,MarketUpdateIndia,Odd Burger Signs Letter of Intent to Open 150 locations in India and Singapore and Provides Corporate Update | MarketScreener,"Quite a lot of exciting news coming out about Odd!. Love this. It looks like OP posted an AMP link. These should load faster, but AMP is controversial because of concerns over privacy and the Open Web. Fully cached AMP pages (like the one OP posted), are especially problematic.
Maybe check out the canonical page instead: https://www.marketscreener.com/quote/stock/GLOY-LOCA-49479268/news/Odd-Burger-Signs-Letter-of-Intent-to-Open-150-locations-in-India-and-Singapore-and-Provides-Corporat-43802448/
I'm a bot | Why & About | Summon: u/AmputatorBot. At what point do we see the stock price move on any of this news? There was crazy trading volume but the price barely moved. I'm happy to keep buying at these prices. But I would expect to see price movement after deals are officially signed and binding. I also expect to see price drop after the zolgos deal and their stock is absorbed.. This is all big talk. I dealt with one of their area representatives from the banking side. Bunch of incompetent scammers who happen to have a guy for everything"
726,MarketUpdateIndia,💲crypto currency market update in india Monday night #crypto #cryptocurrency #wazirx #india,
727,MarketUpdateIndia,"READ ALL NEWS UPDATES ABOUT INDIA STOCK MARKET, SHARE MARKET AND SENSEX HERE!",
728,MarketUpdateIndia,COVID-19 Megathread - News and Updates,"TLDR of Mudiji's speech
Sab apni basti me, Khush raho masti me. Part 2 of COVID-19 megathread
Please post new information in that thread.. West Bengal: 2 immigration officers of Kolkata Netaji Subhash Chandra Bose International Airport have been sent to 12 days home quarantine. Both of them were present at the counter during the clearance of 18-yr-old youth who has been tested positive for COVID-19.
Source. 23-year-old woman who returned from London is Chandigarh's first confirmed novel #coronavirus case: Official (news agency PTI). Be careful when you install random Coronavirus related Android apps on your phone
https://www.scmagazine.com/home/security-news/news-archive/coronavirus/coronavirus-tracking-app-locks-up-android-phones-for-ransom/. So far so good but is that enough testing?
826 samples tested, none of them are positive so far: Indian Council of Medical Research (ICMR) to ANI on random samples tested so far to rule out community transmission of COVID-19. Not enough testing! The best way to reduce spread is increase testing and isolation/quarantine."
729,MarketUpdateIndia,SUSHISWAP COIN💲crypto currency market update in india night #crypto #cryptocurrency #sushiswap,
730,MarketUpdateIndia,"My First time Experience buying an automatic watch in India. I placed order 3 weeks back and until it was delivered there was no updates, very discouraging as a buyer. But finally mine arrived. If new brands wants to do good in a market like India, they must fix delivery services! Your Views?","I don't even know where to buy in I dia. Very little info about companies, poor communication outside the country, who is legit. Where did you buy from?"
731,MarketUpdateIndia,BNB💲crypto currency market update in india night 2022 #crypto #cryptocurrency #bnbcoin,
732,MarketUpdateIndia,Union Budget 2021,"India selling off its PSUs will soon lead to a civil/economic/geopolitical disaster.. If there are any peaceful protests planned in Blr, DM me, will attend this week. Protest Against?. Is there a way to understand the budget easily? Any source that explains it for somebody(like me) who has lesser knowledge of finances.. The print on youtube. If you speak Hindi , I suggest kharcha pani on lallantop"
733,MarketUpdateIndia,Moving back - H1B not picked up,"Sorry to hear this...it's very painful to comeback...but there are lot of people who are going through a lot. Everything will be alright...
Telling you about my son's problems what he went through...this may help you to deal with the situation better.
You're coming back because you didn't get H1b, imagine my son had to move back because of layoffs, he has valid h1b till 2025. I still remember he was on cloud 9 when he picked for h1b. My son lost his job in march 23 he tried to grab a job in 60 grace days and after that he hired a lawyer and stayed back for another 180 days on b1b2 in hope of getting an offer but he couldn't. For those 180 days he stayed with his friends in different cities slept on floor and sofas ate anything to survive. Staying in a foreign country without a job without money and without your family is a nightmare. As a parent every day i asked him to come back but It was his dream from childhood to go to US and settle he was not ready give up so easily. He kept his stuff in store unit and still paying rent for that he is still trying giving interviews for US companies in hope of getting a job before his h1b expires. It's been 6 months he moved back to india but every day he keeps applying in US companies. He has gone through a lot even after h1b, so don't blame yourself for anything be positive and explore new opportunities you will be very successful in life. H1b is not everything ...sometimes I feel, If he was not on h1b it would have been easy for him to move in life.... 3 months back he started working here in Mumbai. It's very very difficult for him but I'm sure he will adjust in next few months. Hope this will help you to make decisions in life. Be happy...think about your parents...May all your wishes come true...God bless you 😊. I just moved back to India.
It will take time to get used to being here but you can do it.
Do you have family here to help you settle back?. I do yeah, and very thankful for that. But, I think it's going to be a mixed bag of support and too many questions/comments.. So sorry you are dealing with this. You have worked incredibly hard over the years and am sure the skills you have developed will land you somewhere great in India. You can always come back on another visa.. Ooof I'm sorry! I relate to it. I found out today that my employer won't be supporting my transfer to a foreign office and I won't be allowed to work on Day 1 CPT. I do have a few more weeks until OPT ends but after that I guess I need to pack up and leave. Also in NYC btw.. India is amazing; take a break and travel for a bit in the mountains. you will love it. I moved back 5 years ago.. then moved to the EU for a few years back in the US. its been a journey. Nothing is constant. This shall also pass.. I can only share my story. Me and husband both did not get picked (total 6 attempts over 3 years). I moved back with same employer to India. My husband (then boyfriend) moved by interviewing at a company that supports international transfers. We were in India from 2019 to 2021. My H1-B got picked and I moved back at end of July 2021. My husband got his L1 approved since he was working with a global employer with offices across the world. The only thing we did in those two years in India was to slog like crazy. The company felt motivated to transfer us overseas.
My husband transferred to a much better profile with 2x pay 1 year after moving back to US. He is on H1 now. I moved two jobs since then. We bought a house in a coveted part of US.
We have been working really hard since we moved out of US back then. Over the last few years, high income jobs in India are also quite dreamy (with India perks).
Your career is very very long. This is a mere dot in your story. It has only helped us build character. Wishing you all the luck and happiness :). OP - I'm in my forties and still think to date if moving to India is better, despite doing quite well in the US. It's obviously overwhelming when situations make the choice for you. However, India will have its advantages. Please take a break, find a job, invest into your skills and making friends. Don't give a shit to questions others ask. Easier said than done. Good luck.. As harsh as this may sound, the Indian diaspora needs to understand this (especially in the 2024 global landscape) that almost no country would be able to fulfill the requirements of so many flocking Indians to different parts of the world.
I read a lot of comments in this thread and here is my take on this.. they say the US immigration system is hard, it's shit blah blah blah but the harsh reality is the US doesn't owe shit to anyone. Your own country betrayed you that forced you and thousands of others to move to the Western world.
Until and unless india as a country steps up in the global game, this pain will never really end.
I also read you have 2-3 degrees, just back your strengths and move back . If you can fight against a immigration system which is designed to fail you then what are you afraid of? You'll be fine!!. You'll find it hard to adapt initially but in a year or Two You'll see the advantages of being in India too. One big advantage is no more uncertainty and anxiety of visas when you're home"
734,MarketUpdateIndia,india cryptocurrency ban news|cryptocurrency market update|bitcoin in bullish#bitcoinupdate#btcnews,
735,MarketUpdateIndia,SUSHISWAP COIN crypto currency market update in night #crypto #cryptocurrency #sushiswap #india,
736,MarketUpdateIndia,Bitcoin Market Update | Crypto India | Market Correction | Major Alts Prediction | Ethereum | Solana,
737,MarketUpdateIndia,Amazon Updates iOS App Icon For India Market,Is back in USA for this holiday season.
738,MarketUpdateIndia,maker coin💲crypto currency market update in india night #crypto #cryptocurrency #wazirx #investment,
739,MarketUpdateIndia,Coronavirus (COVID-19) Megathread - News and Updates - II,"This thread is now closed.
Part 3 is here. This was Koyambedu bus stand 4 days ago.
https://twitter.com/sai_mohan_999/status/1242243752904634368?s=21
Same situation as it is happening in Delhi bus stand .
Pretty sure almost all states are having similar situations or delays with similar situations in the past week.
It’s not surprising. Migrant workers want to return home once their factories closed . No one wants to stay in play without money and hoping for fee food from somewhere .They want to get back to their homes where atleast they would have ration cards and then hunker down to see if the lock down .
Only reason it’s getting this sub freaked out is because it’s happening in Delhi and as such English media is reporting it which is where Reddit gets it info.
This doesn’t mean end of the world. Despite the stupid suggestion that these people should be kept in camps like some suggestions, letting them home is the only solution.. Bit irrelevant , but how come Bangladesh's count so low ? They have insane population density with public sanitation level similar to India .. hey u/Marshall4452 it's been a while, come back to r/PictureGame. Kerala said they are shifting towards antibody based rapid testing to test for community spread. It seems you can get the test results in a few hours rather than a day or two it seems. And therefore more tests in the coming days. Brace for impact folks.. Any source?"
740,MarketUpdateIndia,"[Business] - Stock Market LIVE Updates: Sensex, Nifty open higher ahead of budget | Times of India",
741,MarketUpdateIndia,Another one bites the dust,". Why GME? || What is DRS? || Low karma apes feed the bot here || Superstonk Discord
To ensure your post doesn't get removed, please respond to this comment with how this post relates to GME the stock or Gamestop the company.
Please up- and downvote this comment to help us determine if this post deserves a place on r/Superstonk!
OP has provided the following link:
https://dailyhodl.com/2023/11/04/fifth-bank-failure-of-2023-declared-iowa-bank-insolvent-due-to-significant-loan-losses/
For real? Twice?. Well done. I fucked this hooker in Iowa
I fucked her on credit, now I owe her
- Afroman. Different Citizens Bank than Citizens Bank. The number of banks named ""Citizens Bank"" it too damn high!. Yeah, this needs clarification as I'm sure I'm not the only one who just about lost it reading this out of nowhere on a Saturday night. This is NOT the same Citizens Bank that owns the same .com domain, and thus NOT the same as Citizens Financial Group Inc. aka the 13th largest bank in the US. OP is referencing one that is different and significantly smaller. No bamboozle.
https://www.fdic.gov/news/press-releases/2023/pr23091.html. wen big crash?. Hmm this doesn't make sense to me. My trusted news sources keep telling me that banks are fine and Gamestop is the one going bankrupt? 🤔 Sometimes I don't know what to believe 🤔🤔🤔🤔🤔. "
742,IndiaNews,"Exercise ‘high degree of caution’ while traveling to India, Canada tells its citizens amid diplomatic chill | India News",. 
743,IndiaNews,Video Of Foreign Couple Crossing Road In India #breakingnews #indianews,. 
744,IndiaNews,Heat in India: North India boils as temperatures near 50C - BBC News,". I’ve felt high 30’s and a few times 40 and it’s unbearable. Can’t imagine how fucking awful 50 would be.. We had a heat bubble a few years ago in Canada, and it hit 50. Was awful.. Here in the Philippines where I live, we've been getting heat index temps in the low 40s and it's already hellish. Can't imagine India rn.. This is worse news than you realise as a lot of the countries least equipped to combat the effects of climate change might resort to easier, dirtier methods that make the problem worse.. 43 degrees Celsius + 90% humidity is deadly.
It's not the heat as such, it's the combination with humidity, which prevents humans from being able to cool down by sweating.. In germany we had almost 40C. It was unbareable but we had this shit like for a couple of days max. I just cant imagine people suffering temperatures above on a regular basis. When i was in spain as a kid they had Waterbottles left on the streets for thirsty people. I hope this is still a thing and gets more popular.. North Indian here and trust me it's insane here . I don't have AC in my house and cooler is too noicy to study . I have to study with only fan and it daily makes me feel like I am getting boiled . Horrible stuff. It definitely feels like summer is getting more and more intense .. Keep clothes in the fridge and change ur shirt regularly. Regularly wet your hair and have a fan on you, drink so much water. I’m so sorry you going thru this, please take care of yourself. Kind wishes from Oregon. The astounding thing is that climate change is never an agenda for the elections neither by the people nor by the politcians. I feel bad for the stray animals as well. "
745,IndiaNews,Korean Man Marries Indian Girlfriend In Traditional Attire #indianews #breakingnews,. 
746,IndiaNews,80+ migrant workers endure grueling trek home amid lockdown. #MigrantsWorkers #Indiacrisis #Strandedmigrants #Humanitarianassistance #crisis #IndiaNews,
747,IndiaNews,Explainer: How do Muslims get reservations in India?,
748,IndiaNews,15-year-old arrested for raping toddler in Chhattisgarh | India News - Times of India,"By the time neighbours arrived and broke down the door, the child had suffered horrific injuries and was bleeding profusely..Police said there were bite marks all over her body. The girl was succumbed during treatment.
This is monstrosity at another level. The perpetrator should be treated as an adult and punished accordingly... 15 year old. He will be treated according to juvenile justice laws. Different story if he was 16.. Brilliant parenting Also this guy needs to be hanged or put behind bars for life.. Whoa. I'm seeing more and more of these. Something is going horrendously wrong with our teens. I smoke at a tapri, and see many tuition kids there. I hear such lewd comments being passed between them, even scolding the shit out of some (this is close to my school). We were also 16 once, same school, same group of friends. The topic was also sex, but it was never directed openly about peeps we knew and never so crass. I'm seeing this more and more irl. I swear I'll hit some kid soon.. thinking about this makes me nauseous. . . Bc even a 10 year old know not to rape tgis 15 year old is a monster please he should be treated as a adult. It's high time we implement compulsory sex education. Imagine you are a teenager in 90s ( I was ) . You are horny. Chemicals and hormones. Of course there was no one around to teach about puberty and sex except friends. And of course they were idiots just like you. What did you get maximum out of it ? Few lewd magazines. Learning to masterbate ? That's it. Even Verbal sexual remarks were not in our minds. There was no way we would think about physical assault. Society was strict. Culturally and socially grounded.
Now comes today's time. Kids get mature faster. There is unlimited free porno. There are no checks on kids. It's like giving teenagers buttons to atomic bomb. They would blast it just for the sake of it. It's power without responsibility.
And how did we expect teenagers to behave sensibly if we don't teach them. All as a society we care about is good grades. We are more focused on IIT and AIIMS and very less on producing decent human beings. Decent indians.
Outrightly rejecting cultural and social norms is also hurting indian society. Of course we have our flows. Our bad and dark sides. But the previous generation could do so much and now it's their turn to pick up good parts and try to change bad ones.
It's easy to label this particular culprit as a monster. And we collectively have to take responsibility that we as a society are creating these monsters. And if we don't change, such cases will increase only."
749,IndiaNews,"Byju's ex-director Riju Ravindran fined $10,000 everyday until #breakingnews #byjus #indianews",. 
750,IndiaNews,Hindu shopkeeper beheaded in Udaipur over social media post on Nupur Sharma - India News,"Apparently there's a manhunt going on to find these two. 600+ cops deployed in Udaipur
Edit: Both arrested. I saw the video. Poor guy was measuring the murderer for clothes. He sounded so confused when they started to attack him. Shame on those people. I can only imagine how brainwashed you must be to commit a crime and boast about it on social media.. Fuckers are shameless enough to boost about it. Nothing short of death penalty should be acceptable.. Wtf is happening. Terrorists!!. Omfg, filthy scum.. More than the murder,the audacity of it all is chilling. Attacking someone in the middle of a market,in daylight,and posting a video. Fucking pos. The video is horrifying. Fucking extremist religious shitstains. Throw them into solitary confinement for the rest of their life in a small cell.. The video was horrifying and chilling to the core. The screams...god save this country."
751,IndiaNews,'Marathi Mulgi' In Nauvari Saree in Russia #breakingnews #indianews #russianews #viral,. 
752,IndiaNews,White spherical looking UFO just shut down an airport in Manipur India (news article in submission statement),"The following submission statement was provided by u/TommyShelbyPFB:
https://indianexpress.com/article/north-east-india/manipur/unidentified-flying-object-imphal-flight-operations-disrupted-9033731/
Sources said the UFO was sighted by a pilot of an Indigo flight that was about to depart around 2.20 pm. All flight operations were immediately suspended but resumed around 6 pm. The UFO was said to have been visible till 4 pm.
“I had no idea what was going on. I was informed that the flight could not take off because there was some kind of object hovering in the sky, an unmanned aerial vehicle of some sort. Officials of the flight operator, however, were not so sure what the object was,” said Bhaskar Salam, a passenger.
Imphal West Superintendent of Police Ksh Shivakanta Singh said the object hovered for several hours, baffling everyone. “We have no idea what the object was and how big it was. It hovered in the sky for hours and then disappeared,” the officer said.
Please reply to OP's comment here: https://old.reddit.com/r/UFOs/comments/17z0vyv/white_spherical_looking_ufo_just_shut_down_an/k9wkvbv/. It's really disappointing that the thing can be RIGHT THERE, and all we get from this are videos of a tiny white dot.... Bust out the telescopes people!. I enjoy watching India news from time to time. There is so much energy during broadcasts.. I feel like I have got epilepsy watching all those graphics!. Have you ever heard of the Chicago O'Hare Airport UFO? You might enjoy learning about it in the links below. This sighting reminds me of it.
Link: https://www.youtube.com/watch?v=DWiHPQbv5Es
Link: https://www.youtube.com/watch?v=JVqKTETJfnk. Yes, the presentation may be disastrous... But can we scratch all the troll/meme/joke comments for a second?
India is a legitimate government with legitimate aerospace safety concerns. Something shut down one of their international airports.
I can't think of a single quadrocopter- style drone (the only thing I can think of that can stay in place) that has hours worth of battery with this intensity light for more than a few hours .
So why are we disregarding this as a joke?. Big ass screen and a tiny picture of the ufo"
753,IndiaNews,Jaipur Airport Heavy Rains Cause Waterlogging #breakingnews #indianews #jaipurairport,. 
754,IndiaNews,Covid-sparked fungal infection assuming epidemic proportions | India News,". It would be helpful to note that the CDC states on their website that it isn't spread from person to person.. Mucormycosis. Because of uncleaned or poorly maintained ventilators.. ""In pre-Covid times, the 'black fungus' mucormycosis used to be rare and seen mainly in immunocompromised people.
However, after the pandemic, three factors have led to an exponential rise -Covid itself, diabetes and abuse of steroids that lower immunity."". If we could stick to one horrifying apocalypse at a time that would be great thanks.. MUMBAI: Twenty-nine-year-old Suhas, a businessman, thought he had defeated coronavirus when he came out of a non-invasive ventilator and went home after two weeks. But soon he started experiencing pain and swelling on the face. A quick CT scan confirmed the doctor's fears - he had contracted mucormycosis, a potentially fatal fungal infection. He recently underwent a surgery at Global Hospital in Parel, where doctors had to remove his upper jaw to arrest the spread of the fungus to the brain. Triggered by coronavirus, mucormycosis, which has a mortality rate of over 50% and can lead to blindness, is sweeping through parts of the state. City hospitals that are treating dozens of such cases from northern Maharashtra and Vidarbha said its spread is assuming epidemic proportions, so much so that regions have started facing a shortage of anti-fungal medicines. Global Hospital, which has started a dedicated clinic for mucormycosis after witnessing a surge in cases during the first wave, has 18 patients admitted at present.
Coronavirus live updates ENT surgeon Dr Milind Navalakhe, who is a part of the team that runs the clinic, said they have admitted 31 patients, of which 25 are from outside the city. ""Cases of mucormycosis have exploded in the state, and the government needs to urgently intervene. Medical centres across Maharashtra, particularly, Vidarbha, must be seeing a 100%-200% rise in cases,"" he said. At the Global centre, six patients have lost their entire upper jaw, while one has lost an eyeball due to the infection.
Parel's KEM Hospital has 25 patients undergoing treatment for mucormycosis. Dr Hetal Marfatia, head of ENT, said almost all patients are from far-off districts and have come at an advanced stage. The infection typically starts growing from the nose, upper jaw and travels to the brain. ""Once it reaches the brain, it's almost a death sentence,"" she said, adding that from treating a handful cases annually, the hospital is now seeing three-four referrals daily.
ENT surgeon Dr Sanjeev Zambane said he has been seeing a minimum of two mucormycosis cases in a day. The bigger challenge now is treatment, since anti-fungal medicines are not just in short supply but also very expensive. In pre-Covid times, the 'black fungus' mucormycosis used to be rare and seen mainly in immunocompromised people. However, after the pandemic, three factors have led to an exponential rise- Covid itself, diabetes and abuse of steroids that lower immunity.. Imagine having your upper jaw removed because of this. I would seriously consider whether to continue living or not.. What fresh hell is this?!?
I hate this timeline. Video from the article... :-(
https://timesofindia.indiatimes.com/videos/news/mucormycosis-covid-19-sparked-this-deadly-fungal-infections-in-patients/videoshow/82478627.cms. "
755,IndiaNews,"Prabhu Chawla on Twitter: We made #RaGa win in Amethi by last minute transfer of votes, claims #MulayamSingh Yadav on Sachchi Baat. Tonite at 9.30pm on #IndiaNews","It is an open secret that most of the 'third front' parties are on good terms with Congress and give/take favours from them. For example the cash for votes scam during the nuclear deal in 2009 which was arranged between the UPA government and Amar Singh on Mulayam's behalf.
In Amethi and Rae Bareli I believe historically the SP has either declined to field candidates or fielded weak candidates in order to benefit Congress, as a goodwill gesture for Rahul and Sonia.
Had the SP and BSP fielded strong candidates and campaigned in these two constituencies Rahul and Sonia's victory margins may have been much smaller.. This is literally dirty politics. If what he's said here is indeed true will the EC probe it?. Classic case of unwanted self importance.. In other news, Modi too won because of last minute transfer of votes from congress.. Why didnt he do it for his own party then?. Mann se hai mulayam, Irade loha hai. Because our kulcha has never bought votes before na?. Doesnt matter, got paid. Rahul won by a margin of 1,07,903 votes. I'm pretty sure Mulayam can't claim credit for such a big margin.. If he could arrange that kind of swing his own party wouldn't have been decimated by the BJP."
756,IndiaNews,"After banning Chinese apps, India raises Hong Kong at UN | India News,The Indian Express","Very diplomatic stance but it's a start I guess. Let's see how things unfold in future.. Let’s recognize Taiwan 🇹🇼. For the first time since the Hong Kong protests broke out last year, India on Wednesday spoke out at the United Nations Human Rights Council (UNHRC) and said the relevant parties should address the issues ""properly, seriously and objectively"". The statement was delivered by India's Permanent Representative to the UN in Geneva, Rajiv Kumar Chander, at the 44th session of the UNHRC.
Summary generated by sansa. The best move to fight China is to stand for every place China is now oppressing and interfering.. This is the best tl;dr I could make, original reduced by 62%. (I'm a bot)
For the first time since the Hong Kong protests broke out last year, India on Wednesday spoke out at the United Nations Human Rights Council and said the relevant parties should address the issues ""Properly, seriously and objectively"".
This is being seen as a retaliatory step in terms of reputational cost to Beijing, after India inflicted economic cost to Beijing by banning Chinese mobile apps.
""Given the large Indian community that makes the Hong Kong Special Administrative Region of China its home, India has been keeping a close watch on recent developments,"" Chander said, reading out from a prepared statement.
Extended Summary | FAQ | Feedback | Top keywords: India#1 statement#2 out#3 Chander#4 Express#5. An even more apt issue to raise would be Tibet.. Man tik tok had to be banned. I think now China is going to raise Kashmir issue.. Lmao Chad move"
757,IndiaNews,Ola Food Delivery Agent Caught On Camera Eating Customer’s Food  #breakingnews #indianews #olacabs,. 
758,IndiaNews,"‘We have power of truth, China has power of gun’: Dalai Lama - india news",". ""Guns add weight to a moral argument""
Good Omens. “What is Truth?” -China. For its neutral special, China wields a gun.. I hate to break to the guy, but unless that truth can shoot bullets back the guns are probably going to win.. Political power comes from the barrel of a gun
Mao Zedong. Truth just is what the person with the gun writes afterwards. My money is on the guns.. "
759,IndiaNews,Zomato delivery agent's ₹500 room in Mumbai slum #breakingnews #mumbainewslive #indianews,. 
760,IndiaNews,"Russia 'fully supportive' of India to become permanent member of UN Security Council, says envoy Alipov | India News - Times of India",. 
761,IndiaNews,MP Jaya Bachchan Corrects Speaker for Calling her Jaya Amitabh Bachchan #breakingnews #indianews,. 
762,IndiaNews,"German professor cites rape culture in India to refuse student internship : India, News",. 
763,IndiaNews,Woman Catches Snake Hiding Behind Computer With Bare Hands #breakingnews #chattisgarh #indianews,. 
764,IndiaNews,"Don't do pressers as media not neutral, says PM Modi | India News - Times of India","Didnt he and his party lose their shit when INDIA bloc said they will boycott all the prime-time ""debates"" conducted by Godi anchors?. Lol he is calling out his own dogs . This guy is a joke. But still his rabid dogs will lick his feet calling this the biggest MaStErStRoKe!!!. Over the past month, I am noticing that he frequently makes controversial statements. It seems like a strategic move to divert attention from critical matters like corruption, joblessness, and rising prices.. Otherwise known as the Donald Trump move. Guy thinks only godi media is neutral media.. More like Don't do pressers because "" Dosti bani rahen "". . Feku No 1
Starring
Narendra Modi. He is an extreme narcissist. 'Neutral' acc to him is just sucking him off (IG he must think Kangana is neutral)"
765,IndiaNews,₹83 lakh BMW M340i Submerged in Gurugram Heavy Rains #gurugramnews #breakingnews #indianews,. 
766,IndiaNews,"In other news, India is hotter than Sahara.","Agar Himalayas thora chota hota to india ka temperature constant 15-25 rehta summers me aur winter me -2 Tak jata. what about places jha itna normally hota hai?. Then India wouldn't be as rich agriculturally and also culturally due to this.. Election bhi chal rahe hain na uska bhi asar hoga.. No Actually this is Image Generated by THERMOSENSITIVE Satellite, which shows CUMULATIVE heat in a region, not just Summer Heat, it includes everything summer hot winds + population induced heat + pollution induced heat. Sahara in Not Habitable this total heat is quite less Thanks 🙏🏻. It's because of the Himalayas. The cold winds from Russia, Central Asia and China are stopped by the Himalayas.. The same mountains stop the cold winds in winter. himalayas are like this meme:
Pooja bhi karta hun , jaap bhi karta hun
kahi bhagwaan na ban jaun , isliye paap bhi karta hoon. casually blaming natural mountains for climate change 😂😷. Climate Change is real, start planting trees."
767,BusinessNewsIndia, 'Anyone considering business deals with Iran...': US warns of sanctions after India-Iran Chabahar Port deal | India News - Times of India,". Indian perspective: Anybody who's been following Chabahar knows how important it is for India's interest in Iran's neighborhood. Afghanistan, Central Asia is a part of the calculation. Iran will benefit too but it'll benefit through China taking it over if not India..
In addition, Iran is a neighbor of Pakistan. Isolating Iran is like the US isolating pre-war Ukraine.
With India's outreach to China recently, it is possible the US might make a bigger deal of this. Canada and US' flare up on the Khalistan was an indication.
Don't think core interests including investment, immigration and defence will be impacted.
Time will tell.... We'll see...
Yesterday's news:
""India bought Russian oil, because we wanted somebody to buy..."": US Ambassador Eric Garcetti. Tomorrow's News be like :
India has done trade deals with Iran because we wanted them to.. This port has been in the works for a long time now so I think India is well aware and accounted for whatever risks.. BTW this port is in the interests of the US as well. The Chabahar port is a response to China's Gwadar port in Pakistan. It is guarding the Gulf of Aden choke point on its own behalf but also on the behalf of the Quad. So the US does benefit from the port.. Can you elaborate. India controlling an Iranian port is better than China doing it. So while USA do not like anyone doing business with Iran, it is still better than the alternative. This is the sad reality of diplomacy.. This is exactly why India does what it does. No one in India sees anyone's side apart from their own. India wants be pole in its own right with no one pulling at strings, all the while being happy with current world let by U.S, India doesn't care for position like China. Chabahar port is important for security of india. The signing of this deal seems to have coincided with Biden's ""Xenophobia"" comments about India. It may have been the reason India said ""Fuck it"" and got the deal over the line.. "
768,BusinessNewsIndia,🌟 Race to Stake in MG Motor India Heats Up!,
769,BusinessNewsIndia,"Homes of journalists at India news site critical of government raided, fueling press freedom fears | CNN Business",. 
770,BusinessNewsIndia,Non-Hindus cannot do business in and around Hindu temple premises: Karnataka govt | Bengaluru News - Times of India,
771,BusinessNewsIndia,Disney nears deal to sell $10-bln valued India business to Reliance -Bloomberg News,"Wow, I hope Sony stays put in the competition. Even if Reliance somehow improves Hotstar’s shitty service, it’s always better to have a competitor to keep them in check.. Hope CCI will stop the deal. This is good for BCCI too as competition will increase bidders for the rights.. Alexa play Succession intro theme.. Time to buy a TV and dish connection. Bruhh hotstar first sold it's content to jiocinema now just sold the whole company to them.
Streaming is anyway loss making business unless you're Monopoly.
Big brain move or what.. First time not regretiing having Star sports on at my Dish ++. Tbf Sony is acquiring Zee. So we will have Duopoly rather than monopoly. no more free IPL and WC
Huge L man for students like us. oh man if this goes on.. idk where to send my resume next lol"
772,BusinessNewsIndia, 'Anyone considering business deals with Iran...': US warns of sanctions after India-Iran Chabahar Port deal | India News - Times of India,"🔗 Bypass paywalls:
archive.today - timesofindia.indiatimes.com | Google Webcache - timesofindia.indiatimes.com
📣 Submission Statement by OP:
SS
We are aware of these reports that Iran and India have signed a deal concerning the Chabahar Port, I would let the government of India speak to its own foreign policy goals, vis-a-vis the Chabahar Port as well as its own bilateral relationship with Iran,"" Vedant Patel said in the press briefing on Monday (local time).
""US sanctions on Iran remain in place, and we will continue to enforce them,"" Patel said, emphasizing the importance of entities considering business dealings with Iran to be cognizant of the associated risks. ""Any entity, anyone considering business deals with Iran, they need to be aware of the potential risk they are opening themselves up to, potential risk of sanctions,"" Patel said.
📜 Community Reminder: Let’s keep our discussions civil, respectful, and on-topic. Abide by the subreddit rules. Rule-violating comments will be removed.
📰 Media Bias fact Check Rating : Times of India – Bias and Credibility
Metric Rating
Bias Rating right-center
Factual Rating mixed
Credibility Rating medium credibility
This rating was provided by Media Bias Fact Check. For more information, see Times of India – Bias and Credibility's review here.
❓ Questions or concerns? Contact our moderators.. Lol. Time to launch an oil procuring arm of IPGL.. Us sanctions don't work anymore. . With your dementia patient president who can't even prevent a third rate power like Iran from launching drones and ballistics at your 'greatest ally'?
Good luck lmaooo.. Your comment has been removed for being too short. Please make sure your comments contribute to the discussion and add value #to the community. For more information, please refer to the community guidelines.
I am a bot, and this action was performed automatically. Please contact the moderators of this subreddit if you have any questions or concerns.. u/ididacannonball. . u/milktanksadmirer I do 't know about you, perhaps you live in a world of your own, but the US is most deinitely not a good country. Do you want the list of things they have done and continue to do (woth credible sources) in the last thirty years alone? It puts China and Russia to shame."
773,BusinessNewsIndia,Inequality in India: Upper castes hold nearly 90% of billionaire wealth | India News - Business Standard,"Maybe working hard to get things on merit makes them exceptionally abled as they face the real world. It's mostly the same in the majority of countries.. Start reservations for being billionaires too.. Well even if reservations and all benefits, if you can't accumulate wealth or be successful then it is not your caste but it's the culture of your group which is dragging you down.. I saw USI people defending reservations through this. I asked one of them how do people become rich by their own hard work!? They started to downvote me. Such shithole of articles only on India because? Brown sepoy and inferiority complex.. This is called laying the grounds for a revolution. Aligns with congress agenda of distributing hard earned wealth of some deserving people"
774,BusinessNewsIndia,Google lays off hundreds of core employees and moves jobs to India and Mexico,"Imagine grinding leetcode for this.. If you grind the leetcode for long, the leetcode grinds you back. Larry in his Blimp
Bush playing ""cuz I don't wanna come back down from this cloud"". They’re just Hooli now.. Sundar doesn’t care about the “long term effects” as he’ll be long gone. The IBMifcation of google will still make the C suite filthy rich.. Google is IBM now.. This is the start of google’s falloff. The cracks were forming before the pandemic, but the dam is broken now. Please use Adblock guys."
775,BusinessNewsIndia,Disney nears deal to sell $10-bln valued India business to Reliance -Bloomberg News,"If they sell Disney+ Hotstar, then what will be the future of Disney+ in India?. Probably every Disney property will be licensed to Reliance Jio, the new owners. They also have HBO streaming rights.. maybe they realized there's only one india. It's buried in the article but Cricket (the sport) probably plays a big role in this.. That does play the biggest role, but losing HBO Streaming rights plays a big one as well. Hotstar also featured a lot of HBO shows which are incredibly popular, especially the game of thrones stuff.. The second those cricket streaming rights when for that much it was over. Hotstar even being the biggest streamer in the business wouldn’t be able to generate enough revenue as a total company over the 5 years of that deal to cover even 2 years of the rights.
Those rights were taken up by industrial tycoons wanting to sports wash their image and play media and sporting god.
Writing was also on the wall when Sony and Zee merged. Basically a matter of time before the other two major players merged.. That and losing HBO rights took a big hit as well.. Oof $15-16 billion when Disney bought 21st Century Fox and now only $10 billion when adding Disney's original India business on top.
Media assets are in the toilet.. They were already losing ground when they started losing cricket rights, and then the same streamer took away the HBO streaming rights from them.. Well... Everyone wondering how Disney was going to get the cash to buyout Comcast's share of Hulu now has their answer."
776,BusinessNewsIndia,Orissa High Court confirms cryptocurrency trading is legal in India #India #Business #News #Indian #crypto,
777,BusinessNewsIndia,Retail Traders Losing Billions in India's Options Market | Indian News | India Business News - Times of India,
778,BusinessNewsIndia,Findi (ASX:FND) projects strong FY25 growth #India #Business #News #Australia #Indian,
779,BusinessNewsIndia,Bybit launches Digital Rupee for INR users #India #Business #News #Indian #cryptocurrency,
780,BusinessNewsIndia,MUFG’s (NYSE:MUFG) negotiations for share in India consumer lender stalls #India #Business #News #Strategy #Consumer,
781,BusinessNewsIndia,Iran backs Russia's push for BRICS single currency #India #Business #News #Brazil #China,
782,BusinessNewsIndia,India's central bank enables offline digital rupee use #India #Business #News #CyberSecurity #Consumer,
783,BusinessNewsIndia,India’s Bank of Baroda expose worsens: Agents steal money from accounts | Business and Economy News,". . Still a small scale thievery, big banks just write off lakhs of crores loans for rich people that stays rich by doing not paying money back to the banks.. And RBI now blocks them to be able to release the defaulter's names. We now rely on foreign media to read national news.. Now everyone can be like Mehul Choksi and Nirav Modi. 15 lakh arranged!
Thank you Modi-ji!. . Bank of Baroda and the whole merger comes out to be a bigger problem than any of those big NPAs.. Shocked that I did not think about this before getting shocked about the stealing."
784,BusinessNewsIndia,BFSI GCCs Eat into IT Firms’ Business | India Business News - Times of India,
785,BusinessNewsIndia,r/Business_News_India Lounge,
786,BusinessNewsIndia,"[Business] - Budget 2024: For the young, qualified good news | Times of India",
787,BusinessNewsIndia,Israeli chipmaker Tower closes in on $8 billion fabrication plant in India 🇮🇳 | Business News - The Indian Express,"It's amusing how idiots on Twitter tried to hype up the BRICS forum, while India has explicitly been tilting towards the West lately and has been at odds with China forever.. True! For those who don't know the UAE recently joined in January. . . "
788,BusinessNewsIndia,Disney nears deal to sell $10-bln valued India business to Reliance -Bloomberg News,"Hope Jio will learn and make use of auto scaling and improve streaming. A robber pulled a gun on the bank clerk and manager saying, “Give me all the money! I need it to set myself up in a trade or profession. You know, initial investment is needed to cover the overheads until my cash flow is established.” The bank manager said to the clerk, “You’d better do what he says, I think he means business.”. Useless streaming service , since they don't even stream ipl now ( for people that's important ). The Disney Marvel shows are down right dogshit and star wars ones ping pong between good and bad. Also no hbo shows 🤷. Some MCU shows are good man, loki season 2 is going good. If jio purchase hotstar they will have everything. All the cricket, all football, Disney show, HBO, peacock. Colours, star. And censorship too lmao.. So basically exactly what hotstar before jio came.. I would pay for that over them never coming to India in the first place. Delhi doordarshan crying in corner. shit!
How do I watch Disney TV (Please suggest only legal alternatives) shows now(streaming)? Will there be any alternatives?"
789,BusinessNewsIndia,Household Savings Diverted to Speculative F&O Bets: Sebi Chief Warns of Economic Impact | India Business News - Times of India,
790,BusinessNewsIndia,"Allahabad University students to learn management mantras of Lord Krishna, top business honchos | Allahabad News - Times of India",". The faculty of Commerce of Allahabad University (AU) has started a five-year integrated BBA-MBA course from this academic session in which students can learn management mantras of Lord Krishna through Bhagavad Gita, Ramayana and Upanishads as well as those of Chanakya.
Except Chanakya, others are....welll....💀. Chanakya
I don't know if it's Legit but once I read some chanakya's quotes from a book which was bought by my roommate.. i Just took the book and opened a random page and the quote I read was a very Misogynistic and casteist one..and then I shuffled Some more pages and then read 2 more quotes and omg the Misogyny 😭💀💀 idk However if that was actually legit his own quotes tho .. I took pictures of those and send it to my very much ""theist"" friend and argued with him because he was just singing praises 💀😂😂
Edit: for everyone coming at me ..i couldn't find the pictures I've taken but I'm 100% sure these were the quotes that I've read...
A woman who observes fasts without the tacit consent of her husband reduces his longevity. She is condemned to eternal hell!
Even if a woman gives away everything that has been bestowed upon her, observes various fasts, lives a life of abstinence, and visits all the places of pilgrimage, she cannot become pure of heart. But she is definitely cleansed of all sins, if she worships at the feet of her husband.
A man must not copulate with his wife during her period of menstruation. Indulging in copulation during this period will decrease the duration of his life.
A wise-man shouldn't hesitate marrying an un beautiful girl. If she happens to be belonging to a reputed, good family. But even if a girl be extremely beautiful, the wiser-man shouldn't marry her if she be from a lowly, ill-reputed family, for matrimonial alliance is best established between the families of equal status.
A wise man should marry a virgin of a respectable family even if she is deformed. He should not marry one of a low-class family, through beauty.
According to him, a woman can attain purity only if she drinks the water that has been used for cleansing or washing the feet of her husband. She can never attain such purity by drinking holy water or observing fasts or even offering charity. The Commerce faculty at Allahabad University has introduced a five-year integrated BBA-MBA course that incorporates teachings from the Bhagavad Gita, Ramayana, Upanishads, and Chanakya. Students will also learn about the managerial decisions of top industrialists and practice Ashtanga Yoga. The course will consist of 10 semesters and offer multiple entry and exit points, allowing students to receive certificates, diplomas, and degrees at different stages. The curriculum will also cover subjects such as Indian management thought, spirituality and management, cultural ethos, and artificial intelligence and startup management.
nice. One hand it's DMK n other hand these mfs🤦..... Ok but what colour is Vishnu’s bugatti. Most loyal Andrew tate fan: 😎. Prayag Raj. The name of the city is Prayag Raj.. The name of the uni has not changed. Chennai still has a Madras University.. University names cannot be changed.
Just like IIT Bombay will always remain IIT Bombay."
791,BusinessNewsIndia,Women in India earn Rs 40 for every Rs 100 earned by men,"For same jobs? Eg as a teacher? (Not arguing in bad faith, just asking). No, this report is referring to the overall average.
The claim is not that women make less than men for the same job but rather that women participation in better paying jobs is too low causing this difference.
The more important point is the comparison with other countries - India should not be in the same category as Bangladesh and Sudan given the size and growth of our economy. That is a valid improvement area for us.. Mostly unorganized I would assume and agriculture in particular which still employs more than 50% of employment in india. I found another survey/article which adds more information and dispels the notion that this disparity is only for blue collar jobs. Even with blue collar work, the disparity changes with state, of while some people can make the ""labour efficiency"" argument, there is clearly sexism at play as well.
A report by the CFA Institute, released in March 2023, showed that the pay gap widens as women move higher up in the career ladder. The median remuneration ratio of women to men as per the report was only 0.52 for key managerial personnel and 0.64 at the director level. This indicates that a woman at a key management position makes only half the money made by her male counterpart.
https://hr.economictimes.indiatimes.com/news/hrtech/payroll-and-benefits/gender-diversity-gender-pay-parity-a-closer-look-at-women-empowerment-across-sectors/109715799
In India, women struggle with pay gap across sectors. The pay gap widens as women move up the career ladder
A woman agriculture field labourer makes ₹88 per day lesser than her male counterpart, according to the Ministry of Agriculture’s data for 2020-21. While a man is paid ₹383 a day on an average, a woman makes a mere ₹294 a day. The gap in their daily wages is more than the cost of two kilograms of rice.
This gap differs from State to State. Field labourers, for instance, make the most money in Kerala. While a man gets ₹789 per day, a woman is paid ₹537. While this is the highest amount paid to a woman labourer in a State, it is also ₹252 lesser than what her male counterpart was paid. As of 2020-21, Tamil Nadu has the highest gender page gap among agriculture field labourers at 112 per cent. It is followed by Goa (61 per cent) and Kerala. The wage gap is the lowest in Jharkhand and Gujarat (6 per cent each), but the women labourers there get paid just ₹239 and ₹247 per day, respectively.
Salaried Class: In the one-year period between July 2022 and June 2023, an average salaried Indian male made ₹20,666 in a month. A woman, on the other hand, made ₹15,722.25. Among the salaried class, the wage gap was the highest in Odisha (68 per cent), followed by Jharkhand (67 per cent) and Gujarat (62 per cent). Gujarat is also the State where an average salaried woman earned the lowest salary — ₹1,0419 per month.
At the same time, a report by the Pew Research Centre cited most women being treated differently by employers as a major reason for the pay gap. “Smaller shares point to women making different choices about how to balance work and family (42%) and working in jobs that pay less (34%),” it added.
Senior roles: “Women, who are part of key management personnel, are paid roughly half the amount of their male counterparts,” noted the report, adding: “Some practitioners suggested that women might be overrepresented in company secretary roles, which are typically paid lower than other KMP. Even so, these low numbers overstate the actual experience because the number of data points is so small. Of the 112 companies that provided a breakdown of KMP remuneration by gender, 77 companies (69 per cent) had no women KMP at all.”
https://www.thehindubusinessline.com/data-stories/data-focus/in-india-women-struggle-with-pay-gap-across-sectors/article67457643.ece. It also says that ""It needs to improve by 6% to reach 2012 level"". Seems like it gotten worse over the year.. Reports like these must take into account Industry and Employee Experience. Then we can make a more clear image of the Gender Pay Gap.
Not all Industries pay well and most industries are not even split equally among the genders. A more comprehensive look in needed to identify the factors behind the Gender Pay Gap.. Just for understanding it better , doesn’t it mean that women take up low paying jobs ?
If there’s a man and women applying for a position in IT , then that women is also gona be paid same if she is selected.
But if women are applying for the job that are less paying then the one in IT ( for example) then how does that comparison makes sense ?. Just for understanding it better , doesn’t it mean that women take up low paying jobs ?
To a decent extent, it does. That is the biggest cause of gender pay gap worldwide. However, that too arises from the ill effects of patriarchy on the society.
If there’s a man and women applying for a position in IT , then that women is also gona be paid same if she is selected.
Yes, but then there are several other problems as well. The woman, if she decides to be a mother, will likely miss a promotion cycle because her paid leave period will not work towards that. Also, since men get stupidly less leaves during child birth and rearing (like my company which gives 6 days leave, like wtf), women will not be able to give as much priority to work after child birth as well. These things affect pay a lot.
Then there is the education issue. There are way fewer women in streams with high paying work opportunities (like civil engineering). Some streams were even blocked from women until very recently (like mining engineering). This somewhat also stems from the same patriarchal ""protect women"" mindset.
Also there is the social problem that men want to marry women earning less than them and women look for higher paid spouses. This impact the way men and women grow up and choose professions.. It's because women usually work lower paying jobs and lesser hours on average. If they could get away with paying women less for the same work, they would hire all women.. It kind of does happen here and there. My sister used to work in a small firm that had all female employees. They were paid like 20-25K a month and it was like a white collar formal job , like everyone there had husband/father taking care of all the financial needs and working only for the sake of working. No insurance or benefits, only the salary."
792,UnionBudget,Union Budget to be announced on 23rd July. What are your expectations?,"They will not provide any Benefits to tax payers and add on more freebies to farmers and poor people after losses in up.
Advise to tax payers : quit India . Gandhi had tremendous foresight when he championed the quit India movement so far ahead. Every tax payer should embrace it at least now.. Tax and then more tax and then cess on tax and then TDS on that tax + GST on whole amount. Nothing at all. Same. If they wanted to give tax break they would have included in manifesto. Lol. You should expect more taxation. Nothing at all is an optimistic view.. Please don't fcuk up middle-class.. again🙏. That is her only job. How can u ask her not to do her job. No expectations. Media will give hopes and she will shatter all if them. If she keeps on continuing as FM i will not vote for this party. She is a reason enough to not vote. ☹️. "
793,UnionBudget,Union Budget 2022 megathread,
794,UnionBudget,Proposal to spend 25% of European Union budget on climate change,". This is the best tl;dr I could make, original reduced by 83%. (I'm a bot)
Eight European countries have called for an ambitious strategy to tackle climate change - and to spend a quarter of the entire EU budget on fighting it.
""The EU budget currently under negotiation will be an important tool in this respect: at least 25% of the spending should go to projects aimed at fighting against climate change,"" the paper said.
The eight want the EU to announce a policy of zero emissions by 2050 at the United Nations climate summit in September, and strengthening its existing targets under the Paris climate agreement at the same time.
Extended Summary | FAQ | Feedback | Top keywords: climate#1 European#2 countries#3 Eight#4 position#5. Can I assume this means that the EU organization itself has a budget, that's some tiny fraction of the EU's economic output, and that they're proposing 25% of that go to fight climate change?
Not that the EU would require 25% of each country's national budget to go to climate change.. Now that is fucking commitment.. Put that money into R&D and production of clean goods inside EU and ban import of products from countries that ignore standards. That 25% deficit can end up being surplus if it´s done correctly.. Switching to a society that is more climate friendly has a lot of advantages!
Less dependent on oil/gas
Cleaner air, thus less heart/lung diseases
Less noise pollution (electric cars)
Greener scenery thus less depressions among the population.
More active population (bicycles & public transport) thus healthier people.
Switching to a society that lowers the impact on our planet is not only good against climate change, but also very beneficial for the people in the longterm.. 1 this is only a proposal
2 surely it's to prevent climate change. That's all well and good but what exactly are they going to spend it on? Pass laws forcing the reduction of emissions, ban cars from all city centres and make people that can walk do so. Invest in infrastructure that takes lorries off the roads. Invest in public transport. It will probably get spent on grants for ""green"" businesses linked to politicians.. Calling it now, this will all be embezzled by beaurocrats and none will go to fighting climate change.. Europe is perfectly positioned to lead the movement on climate change.
A lot of Europe's (relatively) low CO2 per capita is because Europe imports a lot of manufacturing and energy from other countries. This is the same reason that Canada and Australia are among the highest CO2 per capita (e.g. lots of industry, mining, and energy).
So Europe has every incentive to exert its economic influence on the countries it buys from because while it will make prices go up for all their consumers, it'll actually make domestic energy/manufacturing more competitive. Any other country would lose jobs. Europe will gain (net, some countries like Germany/Poland will lose, but it'll be a net continental gain).
I hope they keep it up. If they can push through the first pain point of developing carbon tax tariffs, it'll start a chain reaction that will massively improve the world.. Reddit is devolving into a YouTube comment section.. "
795,UnionBudget,What Telangana people got in Union Budget 2024,". They Mentioned AP in the budget, for the First time in their 10+ yr govt.. What did you even expect by the way😅. Telangana never got shit from the centre irrespective of which party was in power. We were always sidelined. Dude, you are not entirely wrong but in the time of Manmohan and YSR and Kiran reddy, we did get a few things.. That's what we deserve for giving BJP and Congress 8 seats each. You are absolutely correct. On what basis did BJP even get 8 seats...what the hell did they even do for Telangana.. Alexa, play laud lag gay 🎶. This is what middle-class gets in every union budget. Yeah next time TG la anni seats BJP ki iyyandi....unnadi kuda tiseskuntaru."
796,UnionBudget,LoP Rahul Gandhi on Union Budget 2024,". Congress was planning to give out 8500 monthly for time passers with 10 children at home. This budget gives stipend to people who will actually work and several industrial +labor incentives to boost productivity.. Where do you think his 8500 rupees will come from?
Answer: Inheritance Tax. Bruh speaks bad about the budget and then says it's a copy paste of the congress manifesto?. This was such a self goal. So budget is bad and congress inspired at the same time? As Amit Shah said, ""आप माननीय सांसद को पप्पू नहीं कह सकते।"". Irony died thousands deaths. What does mister Rahul Gandhi want? If it's a copy of cong manifesto then it cannot be anti common man.. Pappu for a reason 🤡 Kursi bachao --> copy pasted from us.. I am disliking BJP but HATE congress. Desperately need a sane, practical leader with a vision in both these parties. The way we are becoming more socialist every day, we are ""on the path"" to become even worse version of Vietnam, and on par with Zimbabwe."
797,UnionBudget,No mention of Kerala in Union Budget speech,"That's so surprising. Where is Suresh Gopi and the 5 cabinet ministers under his command, who were supposed to create magic in Kerala?. This headlines holds true for most states except Bihar and AP today.. This budget was stabilising the government budget - all the focus on keeping NDA partners happy. ബിജെപി വന്നാൽ കൊറേ ഉണ്ടാക്കും എന്നാരുന്നല്ലോ.. എന്നിട്ട് സുരേഷ് ഗോപി വന്നിട്ട് മൊട്ട മേടിച്ചു തന്നിട്ടുണ്ട്. Motta vanagan ivide ulli undallo. Athinu suraye angott vidanda karayam illayirunnu. 0:00
0:00
0:00
Malayalee's waiting for SG. Note down this question psc aspirants
2 സംസ്ഥാന ബജറ്റുകൾ പാർലമെൻ്റിൽ ആദ്യമായി അവതരിപ്പിച്ച ഫിനാൻസ് മിനിസ്റ്റർ - നിർമല സീതാരാമൻ. Ellam Gopiyetante aiswaryam. Andhra stocks📈📈📈📈📈"
798,UnionBudget,Leaders of INDIA bloc protest against 'discriminatory' Union Budget 2024,"Didn't he just say yesterday that budget is a copy paste of the Congress manifesto? Now he says it is shitty. Does it mean the congress manifesto is...?. shitty. yes , a couple policies were mirrored. the specific one i can thing of on top of my mind is
Every new employed person will get one month's salary from the government over the period of 3 months and a limit of 15k INR.. To be honest I thought it was a fairly shitty budget. But to see that it has made these scumbags upset, maybe the government got something right.
Quite frankly I’m intrigued by the novel approach towards the states taken by the NDA. One would have expected greater sops to UP and Maharashtra given they are going into elections.
But instead, it’s like you fucked around, now it’s time to find out. All the same rewarding the states that voted for them, almost telling others hey this is what you missed out on. Not sure how this strategy works, but it’s making for some interesting times. Let’s see six months down the line.. If they rewarded states that voted for them, They could have allocated more for odisha and MP but they didnt. This is just because the BJP is dependent on Andhra and bihar for majority.. So your whole yardstick for something being good enough is if it triggers the opposition?. BJP for all the hype it made, the budget was damp squib. Next election in Maharashtra they are loosing.. Modi 3.0 : FUCK MIDDLE - CLASS. I hate to say it but they're kinda right. Favorite pass time. Ab to mausam bhi acha ho gaya hai, enjoy kar rahe hai"
799,UnionBudget,"Union Budget, 2024-25 will be presented in Lok Sabha on 23 July 2024.",
800,UnionBudget,Union Budget 2021,"India selling off its PSUs will soon lead to a civil/economic/geopolitical disaster.. If there are any peaceful protests planned in Blr, DM me, will attend this week. Protest Against?. Is there a way to understand the budget easily? Any source that explains it for somebody(like me) who has lesser knowledge of finances.. The print on youtube. If you speak Hindi , I suggest kharcha pani on lallantop"
801,UnionBudget,State wise distribution of Union Budget,"This is fucked up. Sheriya underdeveloped states develop cheyanam athinu fund venm but there's too much disparity. Ithu theerumanikkunnathinu several factors ond
Difference between average Indian income and income of an individual state
Athayath oru state bhayangara poor annenkil...avarude varshika varumanam bhayangara korav ahnenkil... Compared to Indian avg yearly income
2) Area of a particular state
Vellya state = more money allocation
3) Forest area
More forest = less chances for infrastructural development therefore forest kooduthal olla states inu kooduthal allocate cheyyum
4) Population
This is the important factor. Aalkar kooduthal ondenkil more funds
Ee 4 factors inu different weightage ah...entae orma sheriyanenkil Population oru vellya panku vahikkunnund. India il pandu population control inu ulla theerumanm vannappol many states ethirthu bcos....avar mathram population control cheyum and baaki ulla states cheytillenkil Population control cheyta states inu korav fund aayi pokillae ennu ...
So old Central govt oru theeruman eduth ini enth population based decision vannalum old census(b4 population control) Ae pradhanyam kodukathollu ennu ......
This was the case until bjp came....
Avar new census base cheytu decision edukkan thodangi...and population kurachha South states oomfukayum Population kootiya north states midukkanmar aavukem cheytu...
Ithanu sambhavichath......
TN intae karyam edukku....avar ahnu ettavum kooduthal money undakkunna state and avark kittunnath valare thuchham.... Same with other South states
Ningal north states develop cheyto ennu vechh immathiri panna swabhavam kanikkaruth..... From this map it is obvious...bjp ruling state ahno....ennal ningalk fund kittum illel maari irunno....
Gujarat is an exception avarku kanakkil pedathha fund kittunnundavum🤣
Entae oru abhiprayam enthannen vechal oru minimum amount kodukkanam athayath..... For example kerala kodukunna oro 1rs inum thirichh kittunnath .18ps ahnu...
Minimum vechitt make it a .30ps and then avar ee factors include cheytottae.... athavumbol pattikkum thinnam pullu pashuvinum thinnam pullu...
Pinnae state govt vellya bhedham onnum alla ketto....avar othhiri fund mukkunnund full kendrathinte thalayil ittu rekshapedathae....
Cheriya cheriya thettukal kanam this is not even my subject...so pls forgive me. Churukki paranjal.... Population koodiyappol....Ella states inodum koraykkan paranju.... Ningal pedikkenda pazhaya census base cheytonde income distribute cheyathollu ennu orappum koduthu( income distribute cheyunnath inte vellya oru factor population ahnu)....
South states population kurachhu...North states population kooti....and BJP vannitt oomfikko ini thottu new census base cheytanu income divide cheyunnath ennum paranju
Tada... South il ulla ellarum vattathil moonji. Ithinte clour grading aake confusing aanallo. I hate colour grading on maps like these. Misleading the difference all the time. Is there a map showing population wise/ratioed data?. It should be also based on how much collcted vs give n back. It should be per Capita anyway . . UP ithrem vikasichittu ippozhum ividunnu thanne edukkanam, ennittu nammal enthengilum chodichal athu biksha anu polum.... Do you have a map for district wise and panchayat wise distributions?"
802,UnionBudget,Not a single mention of Maharashtra in today's union budget ,". Chandrababu Naidu is truly his state Andhra Pradesh's patriot. Eknath Shinde is also a true Patrriot(t and i are silent). Mention me nahi dil me aata hai Maharashtra 🫠. Govt to MH: Take this ₹7 and fuck off. Rs.7 chi tari kay garaj ahe aapla rickshaw vala tar fukta hindutva-hindutva karun rajya chalvel mug elections ale ki tax payers chya paisyatun Ladki bahin,Ladka bhau,Ladki bayko ase yojna kadhnar. Maharashtra madhlya government colleges chi halat bagha COEP,VJTI ani almost sagle medical colleges madhe infra chya navakhali zhopadpatti aahe.
Maharashtra chya 'ma"" peksha hyana Gujarat cha 'GU' jast priya ahe.. It’s surprising how people think this wasn’t expected, CBN and Nitish Kumar are the backbone of this government, one of them leaves and the whole government will collapse, it’s no surprise that AP and Bihar are now going to be at forefront of everything.
Ideally no state should’ve been mentioned, but politicians are gonna play politics in the end. We’ve always been given second treatment irrespective of the party in the centre even while we pay highest taxes in the country, which is why we need a strong, no-nonsense government and leader who can challenge this, but we’re too busy playing internal politics and horse trading.
Better grind and start to emigrate, it wouldn’t surprise me if government in future taxes 50-75% on everything with the rate they are going currently.. RSS ch headquaters maharashtra madhe, tax maharashtra saglyat jast deto ani paishe bihar la.. जेव्हा आमदार विकत घेऊन सरकार बनवू शकतात तर जनतेसाठी काही करायची गरज का"
803,UnionBudget,What is your opinion on Union Budget?,
804,UnionBudget,Union Budget 2023,
805,UnionBudget,Union Budget 2022 : Live Discussion Megathread,
806,UnionBudget,Union Budget 2019,"Dear Middle Class people, please don't worry if this Budget does not have anything for you & has a lot for poor people. Please believe in Narendra Modi. The way he is guiding our economy, I'm sure you'll be eligible for benefits available to poor people within next 3-4 years!. thanks, we are super power 😘. The Swaccha Bharat mission got expanded to include Solid waste treatment, can someone explain its scope?. The mission to make water accessible to the poor appears to be only driven by the intent of creating good optics, rather than any true commitment.
This article by The Wire reports that the funding to the Jal Jeevan Mission has been reduced since 2017-18 in a time when the most focus is required on solving the looming water crisis.. Another underwhelming budget. Modi is no reformer just a frightened chicken who pretends to be strong.. It’s actually quite promising this time around. True.. The budget lacked action. It had few proposals but majority of it was creating a vision for India. No big schemes or proposals. A private company employee slogs for 8-10 hours, struggles in metros, buses, autos and trains to reach office, misses lunches and breakfasts to pay taxes for overpaid and highly inefficient and careless officers and workers of PSU who drag the PSUs into bailout conditions."
807,UnionBudget,Union budget (related to our state),
808,UnionBudget,7th Union Budget 24 - CAT Special ,". General Discussion. . Thank you so much thats so very kind of you. Thanks, matey!. Bjp is a joke. . W post!. Good amount of reasons for middle class to leave the country yet again. Things are slow yet steady. You did a great job! Thanks. "
809,UnionBudget,Tamil Nadu and other states were mentioned zero times in Union budget speech. Bihar and Andhra Pradesh are the most mentioned,". it seems they have given up on UP. They've even made their hardcore Sanghee army of UP, Gujarat, MP, Rajasthan etc.. feel like cucks. Actually good, Entirety of South India got less than UP last time. CBN and nitheesh won the lottery lmao. Modi Before parliament: Let's keep politics aside and work for everyone
Also Mdi gov in parliament:. Watch Right wingers justify how this is fair lmao. Exactly ! I asked my mom why tamilnadu is betrayed and she replied "" if you want budget allocations then bring modi in tamilnadu' . I was left speachless. In every state sub reddit, I read such posts, except Bihar and Andhra. This is one of the most Shameless budget speeches ever. This shows politics and staying in power is more priority from the ruling party than the welfare of the country. BJP as we all know is currently in a minority government which is totally dependent on Naidu of Andhra and Nitish from Bihar to remain in the NDA alliance for BJP to stay in power. They've made even their most loyal Sanghees from UP ,Rajasthan and Gujarat feel like cucks.
This entire budget reminds me of the scene from the movie 23rd Pulikesi"
810,UnionBudget,Union Budget 2021 : Live Discussion Megathread,
811,UnionBudget,Budget Megathread : Union Budget 2020,
812,UnionBudget,Union Budget 2024-25 ,Budget had something for everyone else and disappointment for middle class.. Now which youth will get benefitted? Students graduated from 2020 - present are unemployed and tired. Who will get those benefits? Students graduating after 2024?. Real id se aao mudiji😋. Defence budget increased significantly. We are already spending 12-13% of budget on defence. Cant do more than that in peace time when we are feeding crores of people.. I lost it at the last one xD. And CGG for equities and future investors bhi include kar lo
813,UnionBudget,Protest again Union Budget,
814,UnionBudget, Union Budget 2024,". No changes in capital gains tax, although there might be some changes in tax slabs. If it helps to save some money from tax, there will be huge boost in consumer sectors. More money in hand equals to more spending and investing power.. Well ,et's see budget is live!. Definitely they are increasing tax in capital gain. This is easy source of income for government and they know people earning a lot. Well Let's see budget is live!. The idea of changing trading strategy due to changes in taxation baffles me.. True, but got no options. Koi change nhi hai yr. But there was high anticipation reports on this , Well Let's see budget is live!"
815,UnionBudget,63 Indian Billionaires Have More Money Than The Union Budget For 2018-19: Oxfam,"Jindal Law University’s LLB was 42 lakhs. The Dhirubhai Ambani International School has annual fees of over 4 lakh last I checked. Even when our billionaires get into “philanthropy”, they consider it a revenue model! It’s like they’re obliging us by making money off education or health and not another factory.. There should be a separate tax slab for billionaires, tax them 50%, their CSR are mainly for a show and they sure as hell not giving back to the society what they take from it.. Interesting to see clueless defenders of elites!. Having money in stocks vs Having money in cash are two different things. When money in stocks, you should treat them more as custodians of wealth rather than cash hoarders.. We need to follow South Korean model of inheritance tax. Wait, why are we comparing totals and rates again?
This is like those other clickbait headlines where they compare GDPs and billionaire wealth.. For starters, union budget is an annual sum of money; wealth is accumulated over a lifetime (or more). Secondly, this wealth is not lying idle, and certainly not as cash. Thirdly, there is no one way of taxing wealth. Ultra rich business families marry within themselves and hence any dilution in share holdings for taxation purposes will simply be bought up by a related family. Also, the ultra rich have ways and means of tax evasion beyond the ordinary. I think given the scenario, family shareholding beyond a certain percentage should be discouraged, either by inheritance tax or other means like Indian private banks. Additionally, we need to encourage dilution of small percentage of shares for charitable purposes, while ensuring proper distributive justice both in stock holding and wealth distribution. The rich keep on getting richer and the poor are getting more poorer.. Interesting to see people want to tax the rich 50%. Coz that can’t go wrong, hand over more money to the corrupt government."
816,UnionBudget,"Union Budget: Duty on chemicals up from 10% to 150%, research labs say ‘thoughtless action’","Literally killing research in India. Ye banenge Vishwaguru.. Just stop you anti-national. Research is a Western concept, we don’t need that here.. Gowmuthra (cow urine) is the universal chemical and the perfect reagent for all research purposes and so scientists need to get with the Sanghi program.. And it's Tax free! What else could scientists even need other than. Ungrateful shits all of them, i tell you.. I assume some big company must be launching made in india chemicals company soon.. Yes, A1 Pvt Ltd or A2 Pvt Ltd. Ek to waise hi IITs me research kam hoti hai upar se tax badha ke wo bhi reduce karwa denge. https://www.ofimagazine.com/news/adani-wilmar-to-acquire-67-stake-in-omkar-chemicals-to-expand-speciality-chemical-footprint. Masterstroke by Nimmi aunty. Meanwhile, this has been reversed. Another masterstroke!
https://www.livemint.com/industry/import-duty-chemicals-lab-use-concessional-rate-cbic-indirect-taxes-undenatured-ethyl-alcohol-11722492725545.html. Reverse hoya ye issue nii hai, issue ye hai ki vishwaguru bnne ka sapna dekh rhe ho aur vishwalodu jaise tmhari baatein aur faisle hai"
817,GSTIndia,"GST PMT-06 Apr, 24",
818,GSTIndia,GST Return Due Date GSTR 3B,
819,GSTIndia,Important GST due date for OIDAR service supplier ,
820,GSTIndia,Welcome to r/gstindia,
821,GSTIndia,Welcome to r/gstindia,
822,GSTIndia,"Goods and Services Tax, India • r/gstindia",Posts are from 1 year back. This sub is so inactive.
823,GSTIndia,AMA with a Chartered Accountant (CA) on GST - r/gstindia,
824,GSTIndia,AMA with a Chartered Accountant (CA) on GST - r/gstindia - starts at 9 am tomorrow. Submit your question/s on GST at this link.,
825,GSTIndia,"Business owners of Randia, will GST be good or bad for you?","No business owners here, only 9 to 5 engineers in ac office.. It's going to be terrible for business. Business has been down since the notebandi. Now this fiasco.
The tax rate will increase my product rate by approx 5% and filling returns three times a month is going to be a shit show. Already filling once in three months brings up so many mismatches. Some times your vendor is late sometimes the entry is wrong.
Forget the increased rate, all small business owners will need a full time accountant for this. Right now we subsist on part time once a week ones. Who's going to pay for that.
The Fly by night operators will have a grand time since they answer to no tax authority while the legit registered ones will suffer. Tax compliance will go down even further with clients not willing to pay the massive tax component.
SME's are going to now either work outside the GST framework which means do everything in cash. Or shut shop now or wait for the inevitable.
Basically what this will do is leave the poor and the rich unharmed. Since the poor doesn't care and the rich already has the machinery and clout.
Small business is going to suffer.
I thought this govt was voted into power to reduce the compliances and make business easier. By giving the reigns in the hands of a lawyer, read Jaitley, they're forcing everybody to become one with the amount of paperwork.. Daily GST Thread. Horrible.
Am business owner since age of 19
Under GST :
Tax rates have gone up,especially where excise duty wasn't there
Same commodity is in 3 different tax rates slab
Compliance will KILL the small trader. You have to file more than 40 returns a year
This format of taxes will push small business to the wall. The larger corporate cos will be extremely happy.
Also , WHICH country in the world reveals the tax rates just a month before implementation when cos have invested billions on their products. How the f will you adjust your prices PAN INDIA!???
And the govt's efficiency is only too well known seeing the way demonetisation was implemented.. Fuck this shit. We are facing a loss of over a crore due to this.
I posted a topic a while back. Fuck these Mf'ers.
https://www.reddit.com/r/india/comments/6eup1t/gst_a_boon_or_a_baneask/. It is in the best interests of business owners to evade taxes. They wont be happy with this as they will have file 37 returns. The regulations always affect small business more as the big companies can afford the costs of filing extra returns. But people need to understand that we need GST. We cant have ideal single rate GST as India is a very large nation with each state wanting their say in the process...The current GST system is far from perfect and will cause some pain in the beginning but lets not forget that something is better than nothing.. It is good.. Left leaning sub-reddit and business owner...Wut? o.O. Got talking to a dabha owner the other day. He was excited about gst coming into effect. Says he is going to save lot of money not paying multiple taxes. Currently he pays taxes in Delhi, haryana, Punjab and finally himachal to get his maal from Delhi to himachal. Says he is going to save thousands on a maal valued at 1 lakh."
826,GSTIndia,‘GST fee’ spells trouble for traffic cops,r/gstindia
827,GSTIndia,GST | Everything About Goods and Services Tax in India,"am an Indian operating from Africa. With an e-commerce website registered in Africa but I am planning to host new products on my website that can be ordered by customers in India. The products will be shipped to India directly from the manufacturers in China, Malaysia and Vietnam. So the the business model is as follows
E-commerce website is registered outside India i.e. Africa
Suppliers/Manufacturers shipping the product is outside India too i.e. China, Vietnam & Malaysia.
Suppliers will directly ship the product to Indian customer
What GST applies to my business. Could someone please help. Definitely, you can mail us details on cashflowhunt.info@gmail.com"
828,GSTIndia,Question for Indian Freelancers on Upwork. What's up with GST and WHT both being deducted on Upwork?,"GST on your invoice to client or Upwork service fee invoice to you?. It's the GST on Upwork service fee. Upwork says I can save this by giving them my GSTIN but I'm not sure if that will mean I will have to start deducting GST from my invoices to clients too. I don't want to have to file GST returns on my income if it's not required by law. I believe if the income is below 20 lakh I don't have to pay GST right?. you can also try asking on r/UpworkIndia , r/gstindia and r/personalfinanceindia and other similar subs, i guess.. and also contact upwork's support and ask them too."
829,GSTIndia,GST | Everything About Goods and Services Tax in India [Detailed Guide],
830,GSTIndia,"Auto posting links to subreddit by monitoring news URL: is it allowed? If yes, how can it be set up?","If they provide an rss feed, you can use IFTTT to monitor the feed and post new links to reddit.. Using the built-in Automoderator? No.
Using a 3rd party bot? Yes. You'd have to ask in r/Requestabot to get one written, though."
831,GSTIndia,‘War room’ set up to deal with GST crises,"https://np.reddit.com/r/gstindia/comments/6jrjb3/no_time_for_software_testing_now_chairman_gstn/
No time for software testing = CRISES guaranteed"
832,GSTIndia,‘War room’ set up to deal with GST crises,"This looks like demonitozation level planning and execution. crises
Haha, used the plural word to indicate that it won't be a one time event.. https://np.reddit.com/r/gstindia/comments/6jrjb3/no_time_for_software_testing_now_chairman_gstn/
Connect the dots. OP flair checks out
""Whore room"" should be setup. "
833,GSTIndia,mega india related subreddits dump (wip comment to add more),
834,EconomicReformsIndia,India's GDP and effect of 1991 economic reforms,". You need to use a log scale. Otherwise all exponential curves look like this. I feel the linear scale graph also makes a good point. . Both were thrown under the bus by Gandhi family. Don't agree with what you have shared. MMS destroyed our economy. India was like this before 2014.
Edit: it was sarcasm. Lol. 😂😂. With the quality of people around, sarcasm needs a /s indicator these days. But I thought this was too obvious.. It would help if both were in log scale. In the first graph, the absolute differences between IN, SG and SK are negligible compared the absolute size of the dots.. Economic reforms? I thought we are still in license raj?"
835,EconomicReformsIndia,"India's BJP election manifesto lacks plans for structural economic reforms, Citi says","When you promise too much than what you can actually offer, anyone can take a educate guess and say this is utter bullshit of a manifesto
If it’s too good to be true, it’s most probably a lie. When they struggle to keep their promises they'll stick to their usual tactics. Start Hindu Muslim instigations.. . Playboy India edition 2024. Structural jumlebazi is there na ... Reform will cause indigestion, rehne do.. The last, structuralist was Dr. Manmohan Singh and he did a very good job at it.
I think Dr. Raghuram Rajan also has the intellectual heft to turn out fortunes.. . Citi after reading BJP manifesto. . Gaandu structural reforms. Ignoring the rural population and infrastructure and building shit in the cities is not the reform. It's a scam."
836,EconomicReformsIndia,No party wins majority: What does a coalition government mean for economic reforms in India?,". No more notebandi. Like Modi with such huge majority and complete did some big bang reforms. Just a reminder, India's political system might be a chaos under coaliation government but has seen the most reforms( not big but just enough) and continuous high growth under it.. Also, India is a chaotic country with diverse interests. As long as party whip exists, having a coalition is the best way of ensuring greater representation for various interests.
Regional parties getting wiped out is a tragedy.. Coalition contrary to popular belief are much stable FOR THE PEOPLE. It is after all the most diverse hence democratic government.. I don't give a fuck about economy. Sanghis fucked it enough over the last 10 years...
It cannot get any worse. I seriously think India will be better off without any economic policies or political intervention from Law makers.
What matters now is - sanghis are kept in check. They can't just do whatever the fuck they wanted.. While I get your frustration, don’t think this is accurate. Truth is India needs reforms at a level which is unprecedented to realistically achieve ‘real’ 8%+ growth.. Hehe, I feel your pain. But the only way to fight the sanghiness is to ensure prosperity for all. Make sure that the Hindu depends on the Muslim and vice versa so that they won't pick the axe on each other. . Having grown in 90s and 2000s, I hate coalition govts.. What are you talking about? India has performed well when there's been a coalition."
837,EconomicReformsIndia,Why is India struggling to create jobs despite economic reforms? ,
838,EconomicReformsIndia,No party wins majority: What does a coalition government mean for economic reforms in India?,Laude ke economic reforms honge ab bas freebies pe freebies
839,EconomicReformsIndia,No party wins majority: What does a coalition government mean for economic reforms in India?,
840,EconomicReformsIndia,India’s president inaugurates newly elected parliament and sets out economic reforms as a key agenda,
841,EconomicReformsIndia,India's GDP and effect of 1991 economic reforms,"Damn what did Singapore do to get that level of growth. Because They have a lower population compared to India. GDP is calculated wrt population. Small population, small area, not so hostile neighbours, strategic position geographically.. Started liberalization earlier, single party system, stable government, no socialism (read/listen to lee khan yew), closely allied to the west, desperation to survive and thrive because of minimal resources, no culture wars/conversions/caste fault lines.. Singapore doesn't have Ghandy family, nor Banerjee, Kejriwal, nor Thakrey, Pawar, and other legends. Because investment in infrastructure only started during Atal Bihari Vajpayee, then he was elected out, and now it is continuing under Narendra Modi. ""Countries have to build deep strengths if they have to have global aspirations."" /JAISHANKAR/
Strategies like investing in infrastructure, manufacturing, and human capital aren't something has India to done, which is why it grew so slow.
Fortunately, today, there are initiatives like Atmanirbhar Bharat and Gati-Shakti, which will change things.. frame violet advise spectacular badge direction ruthless narrow existence fall this message was mass deleted/edited with redact.dev. Narsimha Rao was one of the best PMs India had but he didn't get much recognition. Posting growth in anything but a logarithmic scale is kinda stupid."
842,EconomicReformsIndia,What major economic reforms do India need in the next few years to be a 10 Trillion USD economy by 2030?,"Railway reform , you cannot build a cheap logistic network on highways alone. Dedicated railway freight routes are needed for supply side economics.
Judicial reform . A system based on pedigree and who knows who cannot scale to build trust with private sector companies. Indian judiciary is famous for giving ridiculous corporate judgements.
Local government reform. A lot of government capital is lost in Panchayat Raj and Municipal contract work.
u/Longjumping_Race9456
For starters how about the how quick you can start a business and incorporate it. I think it takes about 29 days. Which is slower than china US. These kind of laws . Don't quote me on the figures going off my memory. Other labor laws. Protection for employers and laborers How about domestic stability? Can't have violent protests for example lets say the hajab bs turn violent hand entire economic zones get torched by mobs. This assures investor we can have good stable environment for them to invest in infrastructure like factories without the worry of damage and vandalism.
https://economictimes.indiatimes.com/news/economy/policy/it-takes-29-days-to-start-a-new-business-in-india-world-bank-report/articleshow/49564063.cms
u/BoogalooBoy45
Assuming that India’s GDP will be $2.9T in 2022, India will need to grow at an average rate of 17% per year over the next eight years to be a $10T economy by the end of year 2030.
I’m not saying that it’s impossible but it’s extremely hard to grow at that rate. The pandemic cost India 3 years worth of economic growth. If there was no pandemic, we would have needed to grow only 12% per year for 11 years from the end of 2019.
u/INSChanakya
Increasing direct tax base. Currently only 1% of the population pays income tax ( could be lesser). In US/Canada 30-35% tax is deducted at source.
u/snow2de
You cannot become a 10 trillion Dollar giant solely on reforms improving existing systems.(by 2030)*
We need to capitalise on the future industries, govt. should bring out reforms and push innovation in emerging billion and trillion dollar markets like :
Renewable energy

Blockchain

Autonomous transportation

AI

drones

genomics

Space exploration

3D printing
We capitalised on the ""Information Technology"" boom in the 2000s and we have the results.
I'm not saying that we do not need reforms in the existing system, we do need land reforms, banking reforms, logistic reforms etc etc.
But to become a $10T economy, we cannot just rely on ""Productivity"" we have to be ""innovative"".
u/Creepy_Ad_5164
OP you can add this to your summary as a result of the discussions. Railway reform , you cannot build a cheap logistic network on highways alone. Dedicated railway freight routes are needed for supply side economics.. DFCs are being built at a record pace for 3-5 years now. Judicial reform . A system based on pedigree and who knows who cannot scale to build trust with private sector companies. Indian judiciary is famous for giving ridiculous corporate judgements.. For starters how about the how quick you can start a business and incorporate it. I think it takes about 29 days. Which is slower than china US. These kind of laws . Don't quote me on the figures going off my memory. Other labor laws. Protection for employers and laborers How about domestic stability? Can't have violent protests for example lets say the hajab bs turn violent hand entire economic zones get torched by mobs. This assures investor we can have good stable environment for them to invest in infrastructure like factories without the worry of damage and vandalism.
https://economictimes.indiatimes.com/news/economy/policy/it-takes-29-days-to-start-a-new-business-in-india-world-bank-report/articleshow/49564063.cms. Easy manufacturing policies. Software and service sector grew so fast in India because you don’t need licenses to rent an office and start a software company. We need similar flexibility with manufacturing. Anyone should be able to start a MSME without gram panchayat or municipal licenses.. Simple GST Regime , 18% tax rate is ridiculous. Local government reform. A lot of government capital is lost in Panchayat Raj and Municipal contract work.. Assuming that India’s GDP will be $2.9T in 2022, India will need to grow at an average rate of 17% per year over the next eight years to be a $10T economy by the end of year 2030.
I’m not saying that it’s impossible but it’s extremely hard to grow at that rate. The pandemic cost India 3 years worth of economic growth. If there was no pandemic, we would have needed to grow only 12% per year for 11 years from the end of 2019.. Indian GDP is 3.1T currently. There is certainly an underground economy (say village economy) that doesn't even get into the system. If the population is 1.45B by 2030, 10T is certainly possible.
I am more interested in the answer of reforms needed so lets say 8T by 2030. Can you suggest what reforms we need? I will put down all the answers and will make a separate post here. I crated the post to inform and create self awareness.
India needs 12% growth rate (compounded annually) to be 10T economy by 2032. It is doable."
843,EconomicReformsIndia,[World] - Can India’s Modi win over allies to press ahead with economic reforms after election?,
844,EconomicReformsIndia,"New Modi government likely to announce 'big-bang' economic reforms in first 100 days. Could privatise or close over 42 state-owned firms, including Air India – NITI Aayog official.","Time for multinationals from the West to come in with a new wave of privatization.. reads Modi bringing big bang economic reform
mera to gaand phat gaya. Goodbye BSNL. It was nice being with you for 10 years.. Mota Bhai super happy.. 'Big bang economic reforms'
Get to ready to stand in line folks...we have major 'reforms' in coming.... JiONGC incoming. Fuckkkkkk
Herewgoagain. Privatisation isn't always good.
For Air India, airports it's definitely great. However it can end up increasing the cost of things.. Hope the next 100 days are all very cloudy in Delhi"
845,EconomicReformsIndia,"[The /r/IndiaSpeaks Debate - Policy] ""The government (PM Modi's) is more of a Social Reformer and less an Economic Reformer""","User Stance
The_Red_Optimate2 (J) For
MaxSourabh For
icecoolsushobhan (J) For
isaac_laplace Against
Critical_Finance Against
b3naam Against
santouryuu Against
Bank_Holidays Against
TMKC_007 (J) Against
Bernard_Woolley (J) Against
sunrisesoutofmyass Against
LungiMama Against. [For] I don't really agree with this position but I'll bust out a short argument for the sake of Jury Balancing.
While the economic reforms made by Modi have been substantial and groundbreaking they simply do not meet the mark in terms of the rapidly changing face of Indian society.
Some may argue that GST, Demonetisation, India's rise in the Ease of Doing Business Index, high stable growth model of the last few years, etc. have been a net negative, some may argue that they have been tremendous boons to the economy. I'm not here to make an argument either way, only time will tell if the economic reforms implemented by Modi's government were an net benefit or a net detriment. My only argument is that all of Modi's accomplishments in the economic arena pale in comparison to his accomplishments to social reform.
Swachh Bharat is rapidly transforming social landscape in small villages all over India. 8.6 crore toilets have been constructed in the last 4 years under Modi's leadership.
That is no small feat.
In 2014, 30 Crore Indians lived by candlelight. As of this year every village in India has access to electricity.
Whether you love it or hate it, Aadhar has forever changed Indian society. In terms of social reform it may go down as one of the most groundbreaking.
Criminalising Triple Talaq and decriminalising homosexuality were major steps forward in India and while Modi cannot take direct credit for those judgements they will be remembered as pivotal decisions under an administration respectful of the autonomy of the SC.
India is rapidly transforming itself into a nation with sophistication that can match any developed country in the world. While some changes may take awhile to manifest downstream to the level of villages I think it is safe to say that the social reformation of India is making great progress. And without a doubt a consequence of the leadership of our current administration.. [Against]
I think BJP has done a bad job when it comes to Social reforms. They promised us a Uniform Civil code but still stick to identity politics.
- SC/ST atrocity act, although the supreme court wanted to weaken it to reduce its misuse, they overturned the bill. Last I heard of, they were planning of putting it in the 9th schedule which can be a huge disaster.
- Triple Talaq, While TT is bad, instead of making it unconstitutional, they made it a crime. Repeating the word ""Talaq"" thrice can now put a man in jail for three years. Instead, of getting rid of all potentially mis-usable laws like 498, 509 etc, they chose to appease their extremist supporters (since it is against Muslims) and feminist leftists (since it is against men) instead of doing something genuinely good for the majority population which was promised UCC.
- The good reforms like getting rid of section 377 were done by the Supreme Court and not the BJP.. Then why polygamy for Hindus is criminal and entails jail? They can just make it unconstitutional and not recognise the secon marriage onwards u/santouryuu
SC/ST atrocities act bjp could pass it as constitutional amendment, but they passed it as law. Neither 9th schedule. So there is more chance that it will be quashed by Supreme Court again. ) Instead, of getting rid of all potentially mis-usable laws like 498, 509 etc, they chose to appease their extremist supporters (since it is against Muslims) and feminist leftists (since it is against men) instead of doing something genuinely good for the majority population which was promised UCC.
lol, so a law against triple talaq is now for ""extremist supporters"".
let's forget the fact that making TT unconstitutional does not change anything on the ground, as most Muslim women lack the resources to go to a court.
without enabling police protection and a deterrence,there's no meaning behind such legal things in a deeply backward community. Removed. [Abstain]. [AGAINST] In my previous comment I talked about economic reforms undertaken, and now let me talk about results. India is now fastest growing big economy in the world for 3 years out of 4 years. And 6th largest gdp in the world now. Share of India gdp and gdp growth in the world has increased considerably.
Regards to people calling gdp growth data as fake, there have been no red flag from international observers. A change in formula generally changes in gdp growth data for 1 year or 2 years max, if not in absolute gdp. Gdp proxies like vehicle sales, gst collection, air travel etc are up.
Inflation is in control. Exports are not growing as fast due to tech localising the production caused sluggish global trade, rupee remaining strong until recently, and stringent labour laws. NPA problem is slowing receding. Aviation and telecom sectors are a bit stressed. Pollution is not controlled, river cleaning and sewage treatment is not up to mark though these are mostly state govt subjects.
Socially things are slowly changing with financial empowerment of women, and that of men, availability of internet, improvements in law and order due to economy and tax collections, etc. But quantum jumps like section 377, triple talaq, decriminalisation of adultery, gender equality in worship, etc came from Supreme Court, support for these from govt were mixed."
846,EconomicReformsIndia,"Narayana Murthy credits Manmohan Singh, Chidambaram for India's economic reform & tech boom","time to give 1 star rating to infibeam. He should have also named the persons reponsible for the downfall.. Same guy sang Modi tunes last year
These ppl funded BJP because they thought they'd get benefits. But now that they're wealth is being eroded, they are opening their eyes. Is Chidambaram going to be the next PM?. They were corrupt but not incompetent. They gave us a good 15 years of economy and secularism.. Time to do IT raids. Not reading article and i dont who this person is.
But i always praise Mr. Singh for his economic reforms. Even though gandhi family was running India (indirectly), Mr. Singh did what he was best in. Edit- his. Too little, too late.. Why doesn't Narayan Murthy credit Narendra Modi and Amit Shah for India's Hate and Intolerance boom? Modi ji aur Amit Shah ji ne kya desh ke liye kuchh nahin kiya?. this moron a few months back was praising this govt. Run hypocrite."
847,EconomicReformsIndia,India will Still Rule You: Only Economic Reform leads to Freedom!,"OP: I agree with you to a certain extent. The 'real' damage was done in 1966 when Haryana and Himachal were carved out of Punjab on a 'linguistic' basis ostensibly but was pragmatically based on religious traditions since I don't believe Sikhs in those areas would have voted for seccession from Punjab. Not content with that, the regime denied autonomy while draining the remaining Punjab's resources, including taxation without commensurate reinvestment. The US gained independence from the Brits based on the concept of no taxation without representation. Punjab/Sikhs remain unrepresented in the indian regime/constitution.
East Timor, also known as Timor-Leste, gained independence from Indonesia after a long and tumultuous struggle that spanned over two decades. Here is a brief overview of the key events that led to the independence of East Timor:
Portuguese Colonization: East Timor was colonized by Portugal in the 16th century, and remained a Portuguese colony until 1975.
Indonesian Invasion: After Portugal withdrew from East Timor in 1975, Indonesia invaded and annexed the territory. This was met with widespread resistance from the Timorese people.
Resistance and Genocide: Over the next two decades, the Timorese resistance movement, led by the Revolutionary Front for an Independent East Timor (FRETILIN), fought a guerilla war against Indonesian forces. The Indonesian military responded with brutal tactics, including mass killings, forced disappearances, and the use of chemical weapons.
International Pressure: The international community, including the United Nations, condemned Indonesia's occupation of East Timor and put pressure on the Indonesian government to withdraw its forces.
Independence Referendum: In 1999, Indonesia agreed to hold a referendum on East Timor's future. The referendum was held on August 30, 1999, and the Timorese people voted overwhelmingly for independence.
Violence and International Intervention: Following the referendum, Indonesian-backed militias launched a campaign of violence and terror, targeting Timorese civilians and destroying much of the country's infrastructure. In response, the international community, led by Australia and other countries in the region, intervened with a peacekeeping force.
Independence: On May 20, 2002, East Timor officially became an independent nation, with Xanana Gusmão as its first president.
In summary, East Timor gained independence from Indonesia through a combination of Timorese resistance, international pressure, and a referendum on independence. The road to independence was long and difficult, and the Timorese people paid a high price in their struggle for self-determination.
Do you see any similarities?. There are some, but there's a HUGE step which is missing: international pressure. And frankly I don't see that changing anytime soon. The West has every reason to prop up India.
Another issue is that the Timorese overwhelmingly wanted independence and I don't think that's the cause with Sikhs in Punjab. Only a vote will reveal the truth though, and despite my reservations regarding independence, I do think holding a referendum would solve the problem one way or another.
In any case, my point is that only by addressing the economic issues first will political repression and everything else be resolved.. There were extremely small number of Sikhs in Himachal Pradesh and harayana. Harayana and Himachal Pradesh weren't even part of the sikh empire.
And till
The Punjabi Suba movement was a long-drawn political agitation, launched by Punjabi speaking people (mostly Sikhs) demanding the creation of autonomous Punjabi Suba, or Punjabi-speaking state, in the post-independence Indian state of East Punjab. there are simply too many challenges right now but we can't stop nature's course, what's going to happen will happen for good.. The West will use india to its advantage as long as it can for whatever reason it wants to, a bit like the colonials did in the past. One of the biggest potential dangers is using india as a theater of war. Both Japan and US would like to displace the pacific rim (Asia-Pacific) instability to include india (Indo-Pacific) because india has its navy in the indian ocean, which is being patrolled by the new Chinese mega-aircraft carriers. On the other hand, the enhanced Russo-Chinese alliance is positioned to the north and west - so india is threatened by naval invasion from the south and nuclear attack from the north - yikes!! Fast forward to the ""Great Game""?
The major point about East Timor, which I overlooked in my haste, is that it's a predominantly Catholic country, while Indonesia is an Islamic country. And the underlying reason why most Sikhs in Punjab won't raise their true voice is fear of state repression. Just read the horror stories. Not only that, but while referendums were held in East Timor, india, being the wonderful democracy that it is, won't even allow non-binding referendums. How does that equate with Western ideals of democracy? As far as economics goes, it's in our legacy. That's the 'easy' bit given an even playing field. But the greedy, corrupt politicians in Dili looted Punjab during the green revolution and continue to do so. They haven't succeeded since Sikhs continue to make significant progress in unbiased contexts. For example, the new President of the World Bank is a Sikh. Maybe it's just another coincidence - but the global Sikh economy remains untapped. To paraphrase and embellish the words of Sant Bhindranwale: Give me enough space to stand (= freedom), and I'll make my own seating arrangements (= economy).. can’t arrangements also = nation/country? unless he was referring to economy. I agree brother, socialism seems to be the way. I believe that Sikhi and Socialist values go hand and hand and should be utilized for Panjab. Now think, why aren’t they more economically prosperous?"
848,EconomicReformsIndia,[World] - Can India’s Modi win over allies to press ahead with economic reforms after election? | South China Morning Post,
849,EconomicReformsIndia,"TIL: MMS didn't start Economic Reforms in 1991, but ""economic reforms were forced upon India as a part of the IMF bailout.""","It isn't the reforms themselves that PVNR/MMS get credit for. The specific policy initiatives were well understood, and tried and tested elsewhere in the world.
Rao's brilliance was in executing those reforms while India was in the midst of a massive political crisis, and seeing them through without causing major upheavals in the political scene. Sometimes, I think it is a miracle we emerged out of 1991 not only in one piece, but stronger than ever.
To quote Sanjay Baru:
It was a heady time. India was in the throes of a political crisis, with a former prime minister assassinated, a dark horse on the verge of retirement sworn in as head of a minority government, a professional economist becoming finance minister, and so on. The world outside was exciting too. We had just been taking in the meaning of the Tiananmen Square incident and Iraq’s invasion of Kuwait when a coup in Moscow imploded a 70-odd-year-old regime. Soviet-style communism, a system my generation had come to accept as a given, had disappeared.
The person who gave them all the required political cover to go ahead, and do what neither an Indira Gandhi nor a Rajiv Gandhi was yet willing to barely a few years earlier, was none other than a lonely traditional Congress politician called Pamulaparthi Venkata Narasimha Rao, known as PV in his home state Andhra Pradesh.
Another one:
Many mocked the reforms of the day. For months on end, the Left parties organised protests, much like what one sees on the streets of Athens these days. By December 1991, India’s staunchest ally and strategic partner, the Soviet Union, disappeared. Greece has Germany, India had nobody. In that difficult, dark and lonely world, India rebuilt its economy, its credibility, its credit rating and its reputation.
Today’s teenagers were born in a different India. They know not the humiliation of a nation that mortgaged gold, much like any poor farmer or weaver, in exchange for cash to buy fuel.. Are people really that uninformed of things that happened in the 1990s? And then someone posts a TIL like this which is so utterly partisan?
I mean, bring on the Downvotes and all, but this is seriously the worst kind of partisan ship.
A Quick run down for all those who may not have been alive around then. Or those who are just coming into it.
PV Narasimha Rao and MMS are rightly credited with the 1991 reforms.
The crisis was called the balance of payments crisis. We were on the verge of being broke, and had to fly out our gold reserves to,receive an infusion of cash to keep our nation running. At this juncture, no one I'm the world imagined that INDIA or China would become models growth. Refer to what was called the hindu rate of growth, and rampant communism in China.
You who type here today, most likely domt rememebr a time when people didn't even imagine the economic prowess you take for granted.
But at that juncture ,success was far from certain or even conceivable to the average person. The expectation was always that go entrances would suck, and so would the country. Most people expected us to reach failed state territory.
IMF interventions are not know for a perfect record of successes either
Yet - instead of failed state territory, MMS and PVN, used it as an opportunity to steer INDIA out of its past and into an open economy.
The Executed a plan which retooled our entire economy, our laws, rooted out corrupt and bloated governments business in the span of a few months, and in many cases, a few weeks.
There was enormous resistance of course, yet the wily politics of PVN, the technocratic excellence of MMS and his team, meant that for successive years we saw perfect budgets. PVN took over two portfolios, one of which was industry. With him in charge he was able to cull red tape at a single stroke while ensuring that no political battle occurred.
MMS figured out what changes had to be made in a system which was literally renowned for its bureaucracy. It was called the Bureaucracy internationally, with a capital B.
What MMS was used for later and what he achieved as PM were disappointing precisely because of the leadership in economics that he was able to show.. You should look into other countries that took IMF bailout and see what happened. I guess MMS should get the credit that it did not happen to India. PV, in an tv interview, told that we were about to bankrupt, so they had no choice but open up.
EDIT: link to the interview, http://youtu.be/vUQU1vw12_o?t=3m32s. I may be wrong, but afaik, the situation in 1991 was extremely bad and we didn't have foreign reserves even for, its said, 14 days, a fortnight. MMS at this point went to the IMF seeking help and agreeing to open up. Some say that many people at that point didn't want India's economy to open up, but MMS pushed for it and actually wanted it aside from needing it. Some were for opening up from in the 80's itself, but the catastrophic situation and IMF was the final straw and what helped/forced MMS to apply it.. I think it is not incorrect to ascribe the reforms to MMS and PVN even though it is true that they had the leverage to do so only because of the circumstances
Imagine tomorrow oil touches 200 $ per barrel and Govt. subsidizes the petrol prices for a few months bleeding the oil companies. You can delay your decision but not ignore the fact that you will have to raise the prices. The decision will be forced upon you by circumstances beyond your control.
In the interview with Shekar Gupta, PV Narasimha Rao explains pretty clearly that he encouraged and stood behind MMS i.e. the requisite political leverage to go ahead.
Edit: added interview info. t. who the fuck seriously cares?!?! I highly doubt MMS himself cares. Why is India obsessed with taking credit or taking away credit. We have bigger problems to discuss than measuring who's dick is bigger."
850,EconomicReformsIndia,"[IN] - President Murmu lists Ram temple, economic reforms as key achievements of Modi govt | Times of India",
851,EconomicReformsIndia,“Need Little Bit More Of That In US”: JP Morgan CEO Praises PM Modi,"omg :) So true. Loved this comment. Dar ka mahol hai: ravish kumar. Love him/Hate him but you can't deny that India has progressed leaps and bounds under his leadership in many ways. 🙏. This is India, you could be Ganesha incarnate and become PM, people will still love you or hate you.. More reforms are needed!!!! Don't get complacent. We need judiciary reforms too, all businesses have complained they have no redressal system and the current ones takes too long.. Opposition is literally anti business. And many may mock BJP for 400 paar thing, but they do need 370+ at least to enact some positive laws and rules, without opposition fking it up and spreading misinformation around. Now left liberals will call him hindu nationalist.. Go to hell andhbh*kt JP Morgan mudizi dictator facist REEEEEEEEE 😡😡😡😤😤🤬🤬🤬"
852,EconomicReformsIndia,Economic Reforms in India,
853,EconomicReformsIndia,"""Economic Challenges and Reform Initiatives in Pakistan: A Comparative Analysis with India's Development Trajectory.""",
854,EconomicReformsIndia,India’s Economic Reforms: New Energy along a Puzzling Pathway between US and India,"Submission statement:
US surpasses China as India's biggest trading partner in FY22 at $119.42 bn. Exports to the US increased to USD 76.11 billion in 2021-22 from USD 51.62 billion in previous fiscal year. US and India have come a long way in trade with 49% increase in trade in 12 months.
This article mostly focused on India based on reforms done by India. Indian reforms have been broadly categorised in 3 tracks :
Good trade - Driven by India’s massive trade deficit with the world, the Modi government has largely been protectionist. There have been increases in customs duties and local content mandates. However, of late, India has started to embrace trade deals with key partners.
Foreign investment- The government has worked fast to remove restrictions on foreign investment and to directly engage potential investors. Too often, though, changes in foreign investment caps are accompanied by additional regulations that create an uneven playing field for foreign firms.
Domestic Reform - Over the past nine years, the Indian government has initiated some over-arching reforms like the Goods and Services Tax, reducing India’s corporate tax rate, and passing a stronger Insolvency and Bankruptcy Code. There have also been key sectoral reforms such as liberalization of regulations in coal, hydrocarbons, railways, ports, and more. But some key domestic reforms such as simplifying land acquisition and relaxing onerous labor regulations have been too politically challenging to get through
And scores This webiste - https://indiareforms.csis.org/ this website tracks the status and analyses those reforms (pretty cool and detailed. , check it out).. Good to know that the government is trying to reform several sectors, but CSIS is an American thinktank pretty deeply associated with the US state. Not sure how to treat their dictates on what reforms we must do at home."
855,EconomicReformsIndia,"""Economic Challenges and Reform Initiatives in Pakistan: A Comparative Analysis with India's Development Trajectory.""",
856,EconomicReformsIndia,"""Economic Challenges and Reform Initiatives in Pakistan: A Comparative Analysis with India's Development Trajectory.""",
